user_id,label,churn_probability,predicted_label,hours_since_last_activity,weekend_attempt_rate,observation_span_hours,active_days,total_duration,session_count,last25_mean_level,reststep_std,mean_level_retrytimes,mean_level,outcome
10932,0,0.10649076924793127,0,5.6819444444444445,0.6846846846846847,90.22027777777778,4,41146.0,26,110.68,0.2082265867734333,0.6424590534108588,68.92342342342343,true_negative
10933,1,0.2603544799291901,0,9.201666666666666,0.6395348837209303,86.7525,3,9482.0,7,53.56,0.244369473433294,0.1847234400936948,33.24418604651163,false_negative
10934,0,0.31795890233230306,0,24.77833333333333,0.7216494845360825,71.16694444444444,3,10707.0,5,65.92,0.2644966580743075,0.2322737834303401,41.07216494845361,true_negative
10935,1,0.5705313713532628,1,31.877777777777776,0.95,64.01694444444445,3,1811.0,5,10.65,0.2445037329846599,0.0502071957538171,10.65,true_positive
10936,0,0.07219137398401478,0,5.315555555555555,0.7554585152838428,90.58194444444445,4,33288.0,23,124.08,0.1866680853547511,0.6872079287718098,70.66812227074236,true_negative
10937,0,0.06237861903052046,0,0.0097222222222222,0.4584527220630373,95.89083333333332,4,40736.0,21,184.84,0.2051522528583911,1.8510281265982464,136.20916905444125,true_negative
10938,0,0.16445722798854404,0,23.055,0.9434447300771208,72.83111111111111,4,45255.0,20,150.96,0.1503165592473918,1.133922065464216,95.146529562982,true_negative
10939,0,0.6654363390088263,1,71.33694444444444,1.0,24.49388888888889,2,4871.0,4,27.52,0.25499505006047,0.0825430444892673,19.75,false_positive
10940,0,0.561195147958495,1,40.68611111111111,0.2727272727272727,55.13,2,2422.0,2,11.409090909090908,0.2123723825292693,0.0468955763693343,11.409090909090908,false_positive
10941,1,0.4034929207083955,1,30.656388888888888,0.993103448275862,65.1675,3,16688.0,11,86.88,0.247217862738341,0.4361032535034133,62.73793103448276,true_positive
10942,0,0.35589919927534996,1,10.78472222222222,0.7906976744186046,85.01944444444445,4,3514.0,6,34.52,0.2342800895108191,0.1355310611728282,23.813953488372093,false_positive
10943,0,0.15364712835238872,0,19.64583333333333,0.7669491525423728,76.17166666666667,4,51324.0,6,202.92,0.153914010860234,2.188853587882698,132.0572033898305,true_negative
10944,0,0.6528662704054289,1,12.305,0.8333333333333334,83.4588888888889,3,917.0,3,6.916666666666667,0.2567214622237584,0.0186123263021265,6.916666666666667,false_positive
10945,0,0.11410182538801582,0,13.450277777777778,0.5470737913486005,82.34833333333333,4,43942.0,18,192.2,0.1695972305848974,1.7714879941919923,116.3053435114504,true_negative
10946,1,0.6215382278490164,1,52.00972222222222,1.0,43.778333333333336,2,1884.0,3,15.041666666666666,0.2311213306921458,0.0621428418794781,15.041666666666666,true_positive
10947,0,0.5778153264091113,1,1.623888888888889,0.1111111111111111,94.17027777777778,2,1315.0,2,10.055555555555555,0.265174692800676,0.0421322571451748,10.055555555555555,false_positive
10948,0,0.186964130281056,0,12.606666666666667,0.8914285714285715,83.17694444444444,4,15721.0,13,101.84,0.2044758337232237,0.5389380345687554,67.41714285714286,true_negative
10949,0,0.05887185941220172,0,2.1305555555555555,0.3982398239823982,93.62583333333332,4,74013.0,15,269.04,0.2106462612917466,3.264958778438148,189.24092409240924,true_negative
10950,1,0.6439566076734902,1,36.83972222222222,0.95,58.90027777777778,2,1658.0,2,9.65,0.2358640079596246,0.0456193282788089,9.65,true_positive
10951,0,0.14937006814208625,0,0.0394444444444444,0.8846153846153846,95.67916666666666,4,13509.0,15,71.64,0.2294831313737579,0.3696658383570653,46.34615384615385,true_negative
10952,0,0.3785396996697719,1,37.90777777777778,0.8,57.77166666666667,2,25045.0,3,113.64,0.2140299843778436,0.3900154408853774,68.53939393939395,false_positive
10953,0,0.0328046057042181,0,3.140555555555556,0.5181347150259067,92.54972222222224,4,43280.0,24,151.8,0.1634194423259782,1.2889194820279983,107.62694300518136,true_negative
10954,0,0.5251745290126436,1,35.230555555555554,0.9561200923787528,60.46861111111111,3,40456.0,6,190.04,0.1489542831071778,1.2844813826829526,112.49884526558893,false_positive
10955,1,0.38594570792386745,1,26.79583333333333,0.8072289156626506,68.9275,3,11974.0,6,62.36,0.2593624190037953,0.1980097244413264,49.28915662650602,true_positive
10956,0,0.14282909836538035,0,0.0133333333333333,0.9498327759197324,95.66777777777776,4,41130.0,12,135.28,0.1972969687064415,0.7058871194443194,86.56521739130434,true_negative
10957,0,0.06130692583485206,0,0.1188888888888888,0.6709886547811994,95.57083333333334,4,63419.0,33,187.24,0.2033376271775308,1.7204312317066632,116.75202593192869,true_negative
10958,1,0.47019858329530484,1,8.910277777777777,0.9411764705882352,86.77944444444445,3,3005.0,3,21.12,0.2251284841699603,0.0664620477975248,16.852941176470587,true_positive
10959,0,0.1536220416952873,0,0.0075,0.273224043715847,95.68166666666669,4,19501.0,9,145.56,0.2205436845391013,0.6071115946271789,97.78142076502732,true_negative
10960,0,0.09799519539158298,0,1.455833333333333,0.4160583941605839,94.20305555555557,4,19611.0,15,71.08,0.2328438508545748,0.3318965842907566,44.7956204379562,true_negative
10961,0,0.5908928582896403,1,70.105,1.0,25.552222222222223,2,7115.0,2,96.92,0.2504362210382128,0.1830815218521645,78.71951219512195,false_positive
10962,1,0.5164581686247497,1,53.27611111111111,1.0,42.35416666666666,2,6616.0,4,63.04,0.2321330277956897,0.2455465387660842,41.67123287671233,true_positive
10963,0,0.11624747300327096,0,6.321944444444444,0.5871794871794872,89.32916666666667,4,74058.0,21,316.92,0.3059484798331512,3.345179986778137,210.2897435897436,true_negative
10964,1,0.5430504183385483,1,56.31194444444444,1.0,39.331944444444446,2,4699.0,3,43.68,0.2291336855553969,0.1721110263980158,28.666666666666668,true_positive
10965,1,0.27140377933753723,0,4.150277777777778,0.8833333333333333,91.44805555555556,3,6824.0,7,37.92,0.2294840757397401,0.1318510457147524,25.933333333333334,false_negative
10966,1,0.4191698772373112,1,31.52722222222222,0.9047619047619048,64.04611111111112,3,9717.0,7,39.64,0.2199272452708333,0.1333104574648387,26.36904761904762,true_positive
10967,0,0.1410450542686196,0,2.1847222222222222,0.8333333333333334,93.39055555555557,4,17338.0,11,93.12,0.2162685178935371,0.4390716111844368,57.34567901234568,true_negative
10968,0,0.11024019295818026,0,3.83,0.8125,91.72666666666667,4,15064.0,9,71.56,0.2037690239530804,0.3274216875740434,47.1328125,true_negative
10969,0,0.31150544599818797,0,8.244166666666667,0.1136363636363636,87.30972222222222,3,4044.0,5,32.12,0.2217387972488065,0.1120392058317474,22.63636363636364,true_negative
10970,1,0.5769741125619743,1,55.81222222222223,1.0,39.72972222222222,2,7325.0,4,57.12,0.2337159168644279,0.1935598687517707,34.986301369863014,true_positive
10971,0,0.769029261856764,1,10.292777777777776,0.5,85.24666666666667,2,45.0,2,1.0,0.0,0.0172254284329706,1.0,false_positive
10972,0,0.5718742984890349,1,8.35,0.8333333333333334,87.195,2,1709.0,3,14.291666666666666,0.2673948955420852,0.0344481332334916,14.291666666666666,false_positive
10973,0,0.04619201760920377,0,3.131666666666667,0.5281899109792285,92.39805555555556,4,40738.0,17,156.2,0.1751681581783407,1.2311692561480845,99.02077151335313,true_negative
10974,0,0.48781890383996823,1,30.56805555555556,0.943661971830986,64.92527777777778,3,9314.0,10,46.64,0.2739460999699608,0.1946623234525766,30.95774647887324,false_positive
10975,0,0.07676558770143478,0,2.5952777777777776,0.638095238095238,92.88083333333331,4,29913.0,14,114.48,0.2009514730565334,0.6715580317103989,74.53809523809524,true_negative
10976,0,0.3107119467678275,0,26.30388888888889,0.9172413793103448,69.16555555555556,3,19265.0,12,92.84,0.2210778856347071,0.4501376470609329,63.744827586206895,true_negative
10977,1,0.4906534496234756,1,34.026944444444446,0.7037037037037037,61.441944444444445,3,2264.0,5,13.52,0.2911539707008533,0.0539472874764056,12.62962962962963,true_positive
10978,0,0.19157254963756237,0,5.490277777777778,0.8901960784313725,89.965,4,22329.0,8,193.56,0.2367520871146848,2.0745852530153006,119.02352941176471,true_negative
10979,1,0.25676936133600564,0,1.9994444444444444,0.5138888888888888,93.46027777777778,3,6774.0,8,52.28,0.2400729747656282,0.1569175363755785,39.47222222222222,false_negative
10980,0,0.12919628013645423,0,4.273055555555556,0.6488095238095238,91.15472222222222,4,21301.0,8,95.24,0.2387810969796348,0.4634348111348728,58.38095238095238,true_negative
10981,0,0.11387767597974874,0,6.273055555555556,0.6344086021505376,89.1225,4,24012.0,17,141.24,0.2438531111615184,0.8925402753926628,81.91397849462365,true_negative
10982,1,0.636137978717297,1,71.95666666666666,1.0,23.447222222222223,2,3207.0,3,20.6,0.2437435667488619,0.0689977318578948,16.285714285714285,true_positive
10983,0,0.039660208813287044,0,1.3111111111111111,0.7212276214833759,94.06611111111113,4,43250.0,18,170.8,0.1706620528175811,1.269253127348005,110.34271099744244,true_negative
10984,0,0.2290539396224028,0,2.068611111111111,0.945945945945946,93.32277777777776,4,10462.0,16,74.0,0.2251323549698891,0.3782840281715677,47.98198198198198,true_negative
10985,0,0.37108491222068335,1,24.183888888888887,0.978021978021978,71.18527777777778,3,9460.0,4,72.36,0.2641138864089831,0.3237299558184389,42.61538461538461,false_positive
10986,0,0.19216520253102054,0,0.1058333333333333,0.5814977973568282,95.25805555555556,4,17360.0,8,194.08,0.2389477129622489,1.917033406489036,112.86784140969164,true_negative
10987,1,0.1275577708745954,0,3.2311111111111117,0.7566137566137566,92.09055555555555,4,23033.0,7,120.6,0.2184818403006828,0.6864222734317771,75.39682539682539,false_negative
10988,0,0.19638798444092534,0,1.7661111111111112,0.2727272727272727,93.5363888888889,4,25816.0,16,114.0,0.3508743427052627,0.8111577944567973,82.63009404388714,true_negative
10989,1,0.5185527197952292,1,29.27055555555556,0.8648648648648649,65.99111111111111,2,3917.0,4,34.84,0.2701761136660677,0.0831814993656049,27.10810810810811,true_positive
10990,0,0.17613774321133116,0,11.48638888888889,0.8521739130434782,83.7875,3,12987.0,9,93.28,0.2465678223786789,0.4388051481279524,56.30434782608695,true_negative
10991,0,0.09388677993672234,0,2.156111111111111,0.6782178217821783,93.07194444444444,4,22379.0,13,142.68,0.197822681244805,0.7819078308163686,84.94554455445545,true_negative
10992,0,0.12306128135637108,0,4.387777777777778,0.5257352941176471,90.8338888888889,4,23751.0,12,163.52,0.2070812917998972,1.1396972729847137,98.5625,true_negative
10993,0,0.17298320077630194,0,0.27,0.6546762589928058,94.93861111111111,4,24132.0,16,161.8,0.277401740344368,0.9616171952679634,90.7769784172662,true_negative
10994,0,0.3277086895839756,1,24.567222222222224,0.7386363636363636,70.615,2,7573.0,3,75.24,0.24888122342106,0.3368094466519147,48.60227272727273,false_positive
10995,1,0.5415866787760035,1,59.094166666666666,1.0,36.06138888888889,2,9789.0,5,107.2,0.2838725181706212,0.2832317900062018,56.45054945054945,true_positive
10996,1,0.6130065669359428,1,65.88972222222222,1.0,29.065,2,11596.0,7,62.12,0.2272103364434863,0.2181007586494185,37.86842105263158,true_positive
10997,1,0.5427591175652167,1,55.25361111111111,1.0,39.8925,2,18258.0,10,119.6,0.2295834052303334,0.672499978287621,72.23636363636363,true_positive
10998,0,0.14698491365524644,0,3.796944444444444,0.549618320610687,91.34944444444444,4,13498.0,7,96.72,0.2571363082427912,0.4534920632906416,60.23664122137404,true_negative
10999,0,0.11731438232167053,0,0.6988888888888889,0.7666666666666667,94.43944444444443,4,16312.0,11,93.64,0.2146007559477699,0.4219317265634628,59.486666666666665,true_negative
11000,0,0.044814952332371975,0,0.0652777777777777,0.4469453376205787,95.06305555555556,4,55280.0,36,172.76,0.1657930217640914,1.4418984397524564,106.44051446945338,true_negative
11001,0,0.11601697654204358,0,0.1544444444444444,0.24,90.37083333333334,4,16719.0,12,149.88,0.2168758131752995,1.0262525947083516,86.99,true_negative
11002,0,0.113380560646048,0,4.4525,0.5960264900662252,90.5275,4,15541.0,8,103.28,0.194695885952408,0.5248311715843333,61.80132450331126,true_negative
11003,0,0.33830786515143324,1,34.048611111111114,0.7380952380952381,61.01138888888889,3,9654.0,8,71.48,0.224273148718926,0.3310127831266015,45.773809523809526,false_positive
11004,1,0.11691884976297491,0,5.1725,0.8208955223880597,89.85305555555556,4,24699.0,10,124.88,0.2188031052057232,0.6993328377679728,73.48258706467662,false_negative
11005,1,0.6847051200486807,1,51.631388888888885,1.0,43.36805555555556,2,1855.0,2,22.16,0.2468498894842772,0.0615662396480109,16.944444444444443,true_positive
11006,0,0.03965548420944135,0,1.1588888888888889,0.7049742710120068,93.82638888888889,4,56518.0,32,195.8,0.137867806446098,2.2561641410924524,131.442538593482,true_negative
11007,0,0.11222015424292704,0,2.0044444444444443,0.4324324324324324,92.98638888888888,4,18190.0,8,124.44,0.2128293939370042,0.7121877852408484,73.52972972972972,true_negative
11008,0,0.06949017485228436,0,0.0258333333333333,0.2865013774104683,94.93722222222222,4,43715.0,12,195.68,0.2114996579657346,1.7148798596917318,115.76584022038568,true_negative
11009,0,0.04912372913373872,0,0.0094444444444444,0.5372168284789643,94.94888888888887,4,32099.0,10,161.04,0.1973703341367147,1.266450359688006,104.06472491909383,true_negative
11010,0,0.03228547170658114,0,0.0444444444444444,0.4645161290322581,94.89055555555557,4,55857.0,29,155.48,0.1732033176593428,1.088874054359726,100.78064516129032,true_negative
11011,0,0.37563410429020844,1,28.565555555555555,0.6375,66.35861111111112,3,8981.0,8,51.16,0.2621427472536566,0.1817381942337871,31.8625,false_positive
11012,1,0.2760606306478279,0,4.82,0.6774193548387096,90.0911111111111,2,6287.0,5,43.96,0.24114202462259,0.1616660094287523,28.40322580645161,false_negative
11013,1,0.27746041206356725,0,11.872777777777776,0.8571428571428571,74.92194444444445,4,8685.0,6,71.08,0.2439865654782115,0.2475533702024744,41.72527472527472,false_negative
11014,0,0.21000860947374284,0,8.672777777777778,0.8016528925619835,86.24083333333333,4,14230.0,8,82.08,0.2571084306115839,0.3544491971096046,50.603305785123965,true_negative
11015,0,0.1559460683214312,0,3.091666666666667,0.9236641221374046,91.79805555555556,3,16520.0,6,82.08,0.2144146293529967,0.3938220032399189,52.86259541984733,true_negative
11016,0,0.050816383855146814,0,2.6008333333333336,0.5572755417956656,92.25555555555556,4,29266.0,11,151.44,0.1996260924595045,1.280531110640606,96.73684210526316,true_negative
11017,0,0.6923694221401665,1,9.485277777777778,0.9,85.37027777777777,2,561.0,2,5.9,0.2171158520523148,0.0262783819415407,5.9,false_positive
11018,0,0.17876383156798994,0,1.5294444444444444,0.8191489361702128,93.30361111111112,4,11456.0,6,53.04,0.1878891299267808,0.2092526090541547,34.191489361702125,true_negative
11019,1,0.5269693845144285,1,56.37,1.0,38.473333333333336,2,10017.0,3,71.4,0.2333183719632661,0.2986843198657729,44.21,true_positive
11020,0,0.16736632229797677,0,22.674722222222226,0.7151515151515152,72.15277777777777,4,13710.0,10,113.92,0.2086699980376882,0.6455654785187146,70.02424242424243,true_negative
11021,1,0.4104182809427963,1,42.78666666666667,0.8543689320388349,51.99888888888889,3,9601.0,4,72.28,0.2426482551536177,0.2844140688194577,42.61165048543689,true_positive
11022,0,0.3001392626647292,0,10.21,0.7735849056603774,84.53361111111111,4,6873.0,7,34.88,0.247392003603176,0.1126205975587727,23.339622641509436,true_negative
11023,1,0.12557665842959523,0,20.495833333333334,0.7825059101654847,74.25083333333333,4,44425.0,9,197.56,0.1840605080445796,2.2058650054283357,127.5390070921986,false_negative
11024,0,0.4047801195125936,1,28.86055555555556,0.928,65.90194444444444,3,25659.0,12,170.08,0.1923281427677104,1.6016747992004163,113.22933333333332,false_positive
11025,0,0.052062164713060265,0,0.0111111111111111,0.4542372881355932,94.73694444444445,4,51328.0,19,178.44,0.1742761784086388,1.4995820653635767,103.6813559322034,true_negative
11026,0,0.041316242594287934,0,0.7761111111111111,0.6015325670498084,93.94777777777776,4,33506.0,21,109.08,0.1716701940057944,0.5786937011945094,71.46360153256705,true_negative
11027,1,0.5015927317221385,1,9.600277777777778,0.8387096774193549,85.11333333333333,2,2971.0,2,18.16,0.2351613315430016,0.0516780554403637,15.32258064516129,true_positive
11028,0,0.16636044696635513,0,0.7544444444444445,0.6815286624203821,93.96888888888888,4,21401.0,6,105.76,0.2384227590337786,0.5574010387157373,65.14649681528662,true_negative
11029,0,0.2635476656752845,0,18.475277777777777,0.6710526315789473,76.23638888888888,4,8936.0,6,53.0,0.2681336660711947,0.1846571058033605,32.61842105263158,true_negative
11030,0,0.22120909128812646,0,22.43,0.9252873563218392,72.25861111111111,4,15852.0,13,98.16,0.1993697578083678,0.5178645061486195,62.45402298850575,true_negative
11031,1,0.5718838124167371,1,51.08638888888889,1.0,43.59222222222222,2,4985.0,5,45.28,0.2750345550983978,0.1882602149479557,30.18840579710145,true_positive
11032,1,0.6093525430941183,1,57.227777777777774,1.0,37.45194444444444,2,3510.0,2,23.2,0.2479402182426504,0.0700911444144262,17.657894736842106,true_positive
11033,1,0.20023399257194124,0,4.406944444444444,0.9090909090909092,90.25611111111112,4,9672.0,7,77.28,0.2376541375047975,0.3030365825923461,46.77777777777778,false_negative
11034,0,0.06971859597456301,0,0.0094444444444444,0.5949367088607594,94.64166666666668,4,31224.0,12,99.32,0.21089603032995,0.5441137088317539,66.31223628691983,true_negative
11035,0,0.22654059849567,0,22.585,0.8433734939759037,72.05583333333334,4,9335.0,7,67.08,0.2081738760382928,0.2221499042093633,39.91566265060241,true_negative
11036,0,0.04712250403616732,0,0.2966666666666667,0.6986301369863014,94.335,4,62711.0,12,205.8,0.1555409765414903,2.6958953251726023,159.62328767123287,true_negative
11037,1,0.16876667831174522,0,5.817777777777778,0.3333333333333333,88.82305555555556,2,11814.0,7,74.64,0.2217201592545181,0.313454516016988,46.59803921568628,false_negative
11038,0,0.4807216224153017,1,54.7,1.0,39.924166666666665,2,15012.0,7,94.2,0.2265533451711555,0.4274653312161274,56.352,false_positive
11039,1,0.4074207183141025,1,28.17222222222222,0.9683098591549296,66.4625,3,35768.0,14,147.88,0.1732805370705106,1.063621662964764,88.4225352112676,true_positive
11040,0,0.11678631469154332,0,6.934166666666667,0.8905109489051095,87.67277777777778,4,29675.0,12,114.56,0.2234207710142093,0.6200160795113736,76.97080291970804,true_negative
11041,1,0.12564426675102935,0,7.428333333333334,0.8525641025641025,87.105,4,17207.0,15,122.76,0.21201181566393,0.6931127915622517,70.02564102564102,false_negative
11042,0,0.36859863053708886,1,29.65138888888889,0.765625,64.81666666666666,3,7647.0,8,35.4,0.2388781275889859,0.096840496390061,20.984375,false_positive
11043,0,0.1244133412200539,0,7.012777777777778,0.8307692307692308,87.41472222222222,4,20222.0,11,91.44,0.2288224693862276,0.3040750970936875,48.13076923076923,true_negative
11044,1,0.40276071599098706,1,25.825277777777774,0.7802197802197802,68.59972222222223,3,8755.0,8,53.0,0.2261625640721528,0.2147786820235774,34.40659340659341,true_positive
11045,0,0.48031405938815663,1,50.50722222222223,1.0,43.89888888888889,2,14255.0,8,96.8,0.2260847908599868,0.4514781667180988,62.86923076923077,false_positive
11046,0,0.14170638403830962,0,22.802222222222223,0.5555555555555556,71.5911111111111,4,20314.0,9,65.96,0.1753581317946071,0.2784998168998765,43.78472222222222,true_negative
11047,0,0.15240500266199442,0,12.037777777777778,0.6541095890410958,82.28305555555555,4,68021.0,8,351.28,0.186702140838968,3.1946200747469096,206.1780821917808,true_negative
11048,0,0.2677864414324902,0,5.1594444444444445,0.9014084507042254,89.13583333333334,4,8688.0,6,54.56,0.2259554783628381,0.185865463374774,34.267605633802816,true_negative
11049,0,0.05526742625044892,0,1.6780555555555556,0.5208333333333334,92.57111111111112,4,17784.0,22,63.56,0.1717478357321916,0.2502879547800933,38.16666666666666,true_negative
11050,0,0.4684868435292339,1,28.409166666666668,0.6896551724137931,65.84361111111112,3,3239.0,6,14.84,0.2543462296185957,0.0659724094521853,13.137931034482758,false_positive
11051,0,0.07720778182022939,0,0.0013888888888888,0.5881188118811881,94.23805555555556,4,102508.0,17,272.92,0.220303921362534,3.045740209080662,189.01089108910887,true_negative
11052,1,0.05777062240723557,0,0.4194444444444444,0.7307692307692307,93.83527777777778,4,46695.0,24,192.76,0.1617016895312773,1.6177310740462003,109.87912087912088,false_negative
11053,1,0.570458404838226,1,49.49305555555556,1.0,44.746944444444445,2,21865.0,11,88.08,0.2225612741729167,0.4490040919782954,60.33544303797469,true_positive
11054,0,0.39211687224274433,1,41.02944444444445,0.8555555555555555,53.14527777777778,3,21663.0,4,122.24,0.2293401516832925,0.6751740481993249,71.97777777777777,false_positive
11055,0,0.525980514860695,1,54.566944444444445,1.0,39.58638888888889,2,14167.0,4,116.44,0.2075195678722173,0.3279697470524219,57.41843971631206,false_positive
11056,1,0.21181195659432284,0,9.191944444444443,0.8725490196078431,84.9661111111111,3,9313.0,4,69.56,0.2263339576621585,0.285166268935881,45.05882352941177,false_negative
11057,0,0.04705896834903631,0,0.5788888888888889,0.5962343096234309,93.58222222222224,4,52007.0,22,200.36,0.1971105708227962,1.8292493613078955,129.10041841004184,true_negative
11058,0,0.5175021634873361,1,49.47916666666666,1.0,44.67722222222222,2,4235.0,5,33.04,0.2592123746597786,0.1012631228600849,22.235294117647054,false_positive
11059,0,0.5929587949672659,1,57.69611111111111,1.0,36.43333333333333,2,3722.0,3,16.68,0.2477957371762734,0.0666596699636723,13.428571428571429,false_positive
11060,1,0.6748934014454359,1,71.14277777777778,1.0,22.986944444444443,2,10810.0,2,51.56,0.2679775180792504,0.1938434315969531,37.195402298850574,true_positive
11061,1,0.1681584526046587,0,10.935277777777776,0.3870967741935484,83.19472222222223,4,20939.0,9,150.96,0.2210083216328554,1.0033724517233988,89.50691244239631,false_negative
11062,0,0.21243046961285683,0,12.523055555555556,0.7525773195876289,70.81305555555555,4,11444.0,7,83.6,0.2383628014985716,0.3604962815486354,52.25773195876289,true_negative
11063,0,0.46607388460271526,1,44.98222222222222,0.9032258064516128,48.958888888888886,2,4002.0,3,73.04,0.2246762398386085,0.1275046438470261,46.66129032258065,false_positive
11064,1,0.12130713863224976,0,3.6658333333333335,0.759493670886076,84.2863888888889,4,15333.0,13,99.84,0.2135634850830041,0.4729385053592789,63.64556962025316,false_negative
11065,0,0.14965267539549992,0,18.881666666666668,0.7821100917431193,75.00944444444444,4,58126.0,22,195.52,0.166140701982306,1.5364573311884844,119.32339449541284,true_negative
11066,0,0.13505983210966935,0,22.441666666666663,0.7153284671532847,71.43583333333333,4,17797.0,12,78.52,0.2049384214721066,0.2879238146115963,48.55474452554745,true_negative
11067,1,0.7078550288376886,1,71.2936111111111,1.0,22.556944444444444,2,35116.0,3,176.16,0.2055014052763059,1.4729253778683824,107.45110410094637,true_positive
11068,1,0.5230502985449628,1,20.73361111111111,0.7857142857142857,73.08277777777778,2,1642.0,4,17.8,0.2399570775281593,0.0501625026554964,16.107142857142858,true_positive
11069,1,0.19174407601137614,0,18.09,0.7672413793103449,75.73611111111111,4,11916.0,10,76.8,0.2382821493262466,0.2417214449176316,43.543103448275865,false_negative
11070,1,0.1747601827182395,0,0.6155555555555555,0.5568181818181818,93.19833333333334,4,17538.0,13,136.64,0.2219475748666413,0.7481405288378135,76.9659090909091,false_negative
11071,1,0.4386021895610182,1,26.029444444444444,0.9940476190476192,68.56083333333333,2,19675.0,4,159.08,0.2419537714701528,1.079160350919968,92.42857142857144,true_positive
11072,1,0.3678227062651565,1,4.556388888888889,0.9574468085106383,65.06472222222222,2,9477.0,4,78.32,0.2314858780312403,0.3255490426473174,46.43617021276596,true_positive
11073,0,0.027674125921253432,0,0.1033333333333333,0.5995575221238938,93.6463888888889,4,60354.0,26,154.52,0.1564269453522153,1.204053009371406,104.19690265486726,true_negative
11074,0,0.21916382988633892,0,7.230277777777777,0.7017543859649122,86.50111111111111,4,9342.0,9,52.32,0.2232559146772352,0.2160943981987984,34.06140350877193,true_negative
11075,0,0.3294094120823388,1,30.10611111111111,0.8957055214723927,63.61638888888889,3,21652.0,8,87.68,0.1960281580586574,0.3919712309205365,52.77914110429448,false_positive
11076,0,0.6957569622179971,1,54.45194444444444,1.0,39.26833333333333,2,1984.0,2,9.555555555555555,0.266653483711232,0.0394854755675259,9.555555555555555,false_positive
11077,0,0.10074327237341793,0,0.0636111111111111,0.5651074589127687,93.56194444444444,4,59454.0,21,288.0,0.2668785521616836,3.5994508943096326,184.86978508217447,true_negative
11078,0,0.05541883394185321,0,2.674166666666667,0.4152700186219739,90.94527777777778,4,46702.0,11,220.6,0.1770974578174632,2.8071179261183685,162.09310986964618,true_negative
11079,0,0.44725216128964607,1,13.896944444444443,0.9807692307692308,79.66222222222223,3,5379.0,7,28.76,0.1985164555667602,0.061462587866138,20.884615384615383,false_positive
11080,0,0.33838494141532155,1,29.78638888888889,0.4098360655737705,63.76222222222222,2,5984.0,2,42.28,0.2274341499941029,0.1455151411335796,28.262295081967213,false_positive
11081,0,0.4080771267759445,1,46.99333333333333,0.9343065693430656,46.547222222222224,3,17313.0,10,80.04,0.2122298145223584,0.2615604107446465,54.72262773722628,false_positive
11082,0,0.06384028526174708,0,7.116111111111112,0.6888888888888889,79.89111111111112,4,27558.0,13,88.36,0.1565016124775124,0.3638963127838981,57.27777777777778,true_negative
11083,0,0.2524952195489332,0,5.095833333333333,0.6608695652173913,88.41694444444444,3,8606.0,5,83.16,0.2269541886585293,0.3292241262830824,58.6,true_negative
11084,0,0.1663199292110636,0,6.856944444444444,0.865546218487395,86.6375,3,10868.0,7,70.16,0.1990698864314502,0.3045069460084313,44.25210084033613,true_negative
11085,0,0.18740188244503925,0,1.5191666666666668,0.2952380952380952,91.97722222222222,3,9567.0,8,81.96,0.2433011581553118,0.3049543873094147,74.23809523809524,true_negative
11086,0,0.09175164371594485,0,2.234722222222222,0.4327868852459016,91.21111111111112,4,27882.0,14,200.64,0.2215809532567026,2.131365929991889,124.19016393442622,true_negative
11087,0,0.04563776123524069,0,4.2,0.4301075268817204,89.24083333333333,4,48020.0,12,178.24,0.1556134484666596,1.703970551777735,117.16774193548387,true_negative
11088,1,0.5443227054028748,1,61.82416666666666,1.0,31.56833333333333,2,8155.0,5,69.56,0.2342621905746199,0.3010277191451577,40.367816091954026,true_positive
11089,1,0.48458546211217257,1,51.54361111111111,1.0,41.7725,2,12269.0,4,73.92,0.2048681246326933,0.3354811236786256,45.48,true_positive
11090,1,0.574433947764758,1,66.9175,1.0,26.389166666666668,2,3491.0,2,38.76,0.2622902964068845,0.1319009219842025,25.903846153846157,true_positive
11091,0,0.09295324219646064,0,3.9280555555555554,0.1798941798941798,89.3075,4,22989.0,13,105.28,0.2127866858377219,0.6090822939880943,67.27513227513228,true_negative
11092,0,0.46427281591513303,1,35.5775,0.934065934065934,57.63333333333333,3,6789.0,8,74.96,0.240827449839474,0.3372853581816489,46.57142857142857,false_positive
11093,0,0.07457439474123789,0,5.688888888888889,0.5277044854881267,87.49888888888889,4,33278.0,17,207.64,0.1841077411424861,2.4965646314235825,145.4221635883905,true_negative
11094,0,0.14508304451666032,0,3.709444444444444,0.8772727272727273,89.46388888888889,4,22971.0,12,148.88,0.2378315940172871,1.009346605097602,89.04545454545455,true_negative
11095,0,0.10657707187099456,0,2.6533333333333333,0.6453488372093024,90.46111111111112,4,22990.0,12,100.36,0.2132574227611706,0.5344966216641712,62.95348837209303,true_negative
11096,0,0.1800106405146766,0,8.515833333333333,0.4157303370786517,84.5338888888889,4,13522.0,11,84.4,0.2284448092438087,0.2941091839119214,47.741573033707866,true_negative
11097,1,0.5469212361431643,1,48.56638888888889,1.0,44.449444444444445,2,3719.0,4,29.2,0.2753046725016762,0.085307752536819,20.82608695652174,true_positive
11098,0,0.04622214702825314,0,3.4858333333333333,0.48,89.5111111111111,4,64641.0,22,196.08,0.1655240170624555,1.9712412736455025,119.7129411764706,true_negative
11099,1,0.6252140700138484,1,70.95166666666667,1.0,22.00611111111111,2,3459.0,5,38.32,0.2239986814456129,0.1305415676187128,25.557692307692307,true_positive
11100,0,0.6530388303188345,1,48.5625,1.0,44.344722222222224,2,2275.0,4,15.4,0.2994253448372537,0.0603901437126193,13.333333333333334,false_positive
11101,1,0.2665277951956044,0,20.56888888888889,0.7227722772277227,72.33,3,7928.0,5,82.64,0.219750354031099,0.3632422242508882,49.95049504950495,false_negative
11102,1,0.5942122573706109,1,31.209444444444443,0.3571428571428571,61.57305555555556,2,1450.0,4,7.571428571428571,0.2141634584385714,0.023749405729544,7.571428571428571,true_positive
11103,0,0.42394080063018647,1,28.04277777777778,0.8775510204081632,65.68,2,4005.0,3,35.8,0.2115766767393966,0.1203475365023629,24.244897959183675,false_positive
11104,1,0.6460317557621366,1,54.43555555555555,1.0,38.31027777777778,2,2227.0,4,15.04,0.269609260457648,0.0481892974685039,13.310344827586206,true_positive
11105,0,0.09290585017922541,0,5.115833333333334,0.7816091954022989,87.61166666666666,4,25279.0,22,120.48,0.2102874998018642,0.681344004689414,73.66666666666667,true_negative
11106,0,0.5350815255371593,1,57.80888888888889,1.0,34.92138888888889,2,10291.0,4,99.76,0.2240908676704833,0.471640748427128,59.05343511450382,false_positive
11107,0,0.1690772776141716,0,0.0111111111111111,0.4784688995215311,92.69805555555556,4,25360.0,8,150.28,0.3720415317103366,1.0422357321158513,94.14832535885168,true_negative
11108,0,0.6399215503943211,1,71.68694444444445,1.0,20.817222222222224,2,23128.0,5,106.16,0.2004382485233624,0.4572347442771362,60.638888888888886,false_positive
11109,1,0.6568866469703806,1,38.02527777777778,0.9333333333333332,54.45722222222222,2,1232.0,2,8.0,0.20792731918518,0.0326331404635093,8.0,true_positive
11110,0,0.269984442792815,0,6.390833333333333,0.2238805970149253,86.08055555555555,4,5594.0,7,44.44,0.239976505104299,0.1746311012978047,29.388059701492537,true_negative
11111,1,0.46263577175981296,1,37.14972222222222,0.9929078014184396,55.19805555555556,3,12764.0,5,93.68,0.2436745776875103,0.4346420169575331,57.86524822695036,true_positive
11112,1,0.6103536770786476,1,44.88777777777778,0.875,46.465,2,490.0,3,4.625,0.1810044482355124,0.0106531843121381,4.625,true_positive
11113,0,0.3947060677927966,1,26.204166666666666,0.5882352941176471,66.02972222222222,3,4853.0,7,37.16,0.2293274539971687,0.1260739260610086,25.098039215686278,false_positive
11114,1,0.6563133700909292,1,71.09555555555555,1.0,21.12388888888889,2,19633.0,3,112.76,0.213511375919076,0.6942055212859942,75.99570815450643,true_positive
11115,0,0.2451170505106042,0,5.401666666666666,0.5608108108108109,86.6875,2,14464.0,4,114.24,0.2278024621140798,0.591753564507573,72.41891891891892,true_negative
11116,0,0.1647750045649326,0,19.851388888888888,0.5,72.19055555555556,4,28568.0,11,145.64,0.227148079244412,0.9058128026194964,88.34745762711864,true_negative
11117,0,0.4518900572030835,1,20.08,0.5769230769230769,71.9225,4,2428.0,3,13.28,0.2763793861861131,0.0558630873822664,12.807692307692308,false_positive
11118,0,0.20040453251007362,0,3.455555555555556,0.4259259259259259,88.41305555555556,3,6078.0,6,27.88,0.2191939303830635,0.1064230811261637,18.814814814814813,true_negative
11119,0,0.6178199685806371,1,57.135,1.0,34.714444444444446,2,6932.0,7,47.8,0.2827537596130958,0.1921378647994627,30.681818181818183,false_positive
11120,0,0.2921470080691181,0,19.57555555555556,0.9252336448598132,72.17111111111112,3,10272.0,5,70.88,0.2421875219292925,0.3545264237535436,46.52336448598131,true_negative
11121,0,0.7646545453316216,1,64.29972222222223,1.0,27.414722222222224,2,34027.0,3,160.12,0.1813756181634265,1.3124543612134305,102.64030612244898,false_positive
11122,1,0.5180090673023456,1,44.61527777777778,0.9782608695652174,47.085277777777776,3,25609.0,6,148.72,0.2353214207498284,1.0828851334408045,90.01304347826087,true_positive
11123,0,0.4583966121288121,1,43.2825,0.9548872180451128,48.38305555555556,3,12658.0,3,92.52,0.2102774170382793,0.4014422893429619,59.69924812030075,false_positive
11124,0,0.4420543389841006,1,38.70527777777778,0.7674418604651163,52.95222222222223,3,5170.0,7,44.72,0.226898052904225,0.0676527139279289,29.976744186046517,false_positive
11125,0,0.2401937362055172,0,21.36583333333333,0.8823529411764706,70.06361111111111,3,10715.0,8,91.32,0.2446142450775189,0.3834069794546976,55.76470588235294,true_negative
11126,0,0.05055861860872872,0,0.3919444444444444,0.6,91.02055555555556,4,25345.0,17,129.36,0.1862848940290729,0.7391625146313108,75.38260869565218,true_negative
11127,1,0.4882148214980453,1,24.7775,0.8888888888888888,66.62361111111112,3,3199.0,3,18.76,0.248504030030256,0.0550508455447324,14.77777777777778,true_positive
11128,0,0.6068224462588763,1,64.43416666666667,1.0,26.68138888888889,2,8208.0,3,46.04,0.2488675438347111,0.1927645789392025,30.55263157894737,false_positive
11129,0,0.0788609844214483,0,0.3602777777777777,0.7077625570776256,90.7213888888889,4,21193.0,9,109.32,0.2006135589972473,0.602032199523859,67.93607305936074,true_negative
11130,0,0.07224539588486281,0,1.7605555555555557,0.3913778529163144,89.25333333333333,4,84688.0,13,232.24,0.2520799205526828,3.308533802636127,185.2409129332206,true_negative
11131,1,0.16291601200800582,0,8.54888888888889,0.7348484848484849,82.36527777777778,4,11115.0,11,100.12,0.2360008907304189,0.4874167055467763,59.946969696969695,false_negative
11132,0,0.5804784857098371,1,28.09583333333333,0.8181818181818182,62.81861111111111,2,1374.0,2,11.5,0.2401532099879024,0.0471044213437629,11.5,false_positive
11133,1,0.680941651826124,1,66.21722222222222,1.0,24.58833333333333,2,3183.0,2,17.68,0.2424940132844771,0.0615557516051553,14.484848484848484,true_positive
11134,0,0.11538202133054314,0,13.757777777777775,0.5609022556390978,75.86805555555556,4,70066.0,9,197.08,0.1915208198375094,2.1500606201787478,133.28571428571428,true_negative
11135,0,0.6157332472532714,1,65.61694444444444,1.0,24.909444444444443,2,6551.0,3,48.08,0.2599016819639658,0.2091215821306802,31.15277777777778,false_positive
11136,1,0.814249467847031,1,18.42055555555556,0.5,72.01527777777778,2,9.0,2,1.0,0.0,0.0172254284329706,1.0,true_positive
11137,0,0.41475947501650384,1,46.27472222222222,0.4193548387096774,44.12638888888889,3,5699.0,3,43.64,0.224562682458966,0.1744788513092353,28.387096774193548,false_positive
11138,0,0.08329156731463906,0,1.4747222222222225,0.2624113475177305,88.81444444444445,4,15445.0,10,78.04,0.2116093171676362,0.3711803820233763,52.50354609929078,true_negative
11139,0,0.09643942430150194,0,2.6275,0.4,87.5813888888889,4,16650.0,11,74.32,0.2066172436136027,0.3235412105835094,46.46363636363636,true_negative
11140,0,0.07946541409449649,0,3.8325,0.7048192771084337,86.26305555555555,4,23947.0,10,100.44,0.1989038675483268,0.4835960138003565,57.89156626506024,true_negative
11141,0,0.17728168141350786,0,20.732777777777777,0.704,69.33472222222223,4,17510.0,7,85.72,0.2186306844570412,0.3460753318587467,53.544,true_negative
11142,0,0.17644313847834756,0,3.758888888888889,0.9704641350210972,86.10861111111112,3,33922.0,11,104.72,0.2233508946982688,0.5285513209888711,65.83544303797468,true_negative
11143,0,0.1297704817471655,0,8.838333333333333,0.5219298245614035,80.96833333333333,4,22700.0,7,154.92,0.194316188401947,1.0518607484794975,88.98245614035088,true_negative
11144,0,0.5482496239446772,1,30.05611111111111,0.71875,59.6525,2,2881.0,2,17.0,0.2588339779786631,0.0688487043727146,14.15625,false_positive
11145,1,0.6950359586726018,1,58.41555555555556,1.0,30.440555555555555,2,3725.0,3,21.84,0.2617118809302762,0.0558478712431482,16.763157894736842,true_positive
11146,1,0.8023947067282318,1,69.7975,1.0,19.758055555555558,2,652.0,2,4.5,0.2115477693696146,0.0117604358864192,4.5,true_positive
11147,1,0.2350430252304909,0,18.444166666666668,0.6521739130434783,71.14444444444445,4,9067.0,4,66.76,0.2284204358988766,0.2514722865237763,40.641304347826086,false_negative
11148,1,0.7370483503629626,1,63.0675,1.0,26.476944444444445,2,959.0,3,6.454545454545454,0.1899959022034962,0.0249457078574571,6.454545454545454,true_positive
11149,1,0.7665957839670796,1,71.82194444444444,1.0,17.726944444444445,2,1629.0,4,9.454545454545457,0.254589414052468,0.0369253951948177,9.454545454545457,true_positive
11150,0,0.07255573681201954,0,0.0161111111111111,0.8174603174603174,89.45138888888889,4,34566.0,23,100.72,0.2001225552832579,0.5336755387137309,76.29761904761905,true_negative
11151,1,0.17170550509779683,0,13.521944444444443,0.7790697674418605,75.795,4,10840.0,16,45.8,0.1983724503192845,0.1477094348779377,28.232558139534884,false_negative
11152,0,0.5480928597676925,1,58.40027777777778,1.0,30.732777777777777,2,12082.0,8,74.12,0.2173627869893369,0.3072144914852578,45.73076923076923,false_positive
11153,0,0.48738043270664716,1,44.748333333333335,0.8666666666666667,44.3175,3,3097.0,4,19.92,0.2223041010896647,0.0645009156749497,17.1,false_positive
11154,0,0.07844715931821387,0,9.405833333333334,0.288981288981289,79.58555555555556,4,41798.0,19,183.0,0.1587800532686104,1.6966033114298236,121.12058212058211,true_negative
11155,0,0.14651927908937734,0,16.486944444444443,0.6302521008403361,72.49916666666667,4,48226.0,9,218.16,0.2273374779506461,1.8354292841341917,133.7079831932773,true_negative
11156,0,0.5362694628484188,1,51.818333333333335,1.0,37.14083333333333,2,9403.0,9,82.32,0.2526231026566352,0.3167633132214343,48.03225806451613,false_positive
11157,1,0.6166573460382956,1,27.404444444444444,0.8,61.45388888888889,2,476.0,2,3.2,0.2304576469187334,0.0068689040921053,3.2,true_positive
11158,0,0.0794144099106477,0,9.154444444444444,0.6998011928429424,79.58055555555555,4,72657.0,15,162.28,0.1689483547955658,1.2578000786075758,106.74353876739562,true_negative
11159,0,0.43564009630880324,1,35.42583333333334,0.8045977011494253,53.40472222222222,3,11654.0,9,70.56,0.2426141498622224,0.3058347481046338,43.770114942528735,false_positive
11160,1,0.6512818553416766,1,60.11666666666667,1.0,28.703611111111112,2,8627.0,3,44.68,0.2353764768706655,0.1714394127950766,29.08433734939759,true_positive
11161,0,0.0488494199187974,0,2.0069444444444446,0.5241545893719807,86.6361111111111,4,40928.0,19,199.4,0.1811720099822822,1.9470013933098056,128.8768115942029,true_negative
11162,1,0.7025475930862811,1,54.22916666666666,1.0,34.36666666666667,2,1233.0,5,8.176470588235293,0.2339560206751902,0.0312971212928,8.176470588235293,true_positive
11163,0,0.4293690750214257,1,16.092222222222222,0.9113924050632912,72.45111111111112,3,7604.0,6,53.48,0.2996549335114287,0.1436901864052853,28.746835443037973,false_positive
11164,1,0.6021969694000638,1,39.2975,0.92,27.052222222222223,2,2702.0,3,11.2,0.2555177398582074,0.0587032365205175,11.2,true_positive
11165,0,0.19771407372219224,0,10.182222222222222,0.632,78.36277777777778,4,11736.0,14,105.68,0.2128799204891286,0.5425565188671326,64.56,true_negative
11166,0,0.25773813015593056,0,21.550833333333333,0.6111111111111112,66.95138888888889,3,9331.0,7,102.2,0.2345585836957036,0.5474871160744478,62.29365079365079,true_negative
11167,0,0.05284269108441605,0,1.8319444444444444,0.4037558685446009,86.63138888888889,4,26124.0,15,101.88,0.1999715601368714,0.4044682193853501,66.22065727699531,true_negative
11168,0,0.23034984097441882,0,0.7272222222222222,0.835820895522388,87.39055555555555,4,22392.0,21,225.08,0.2177304029792285,1.680913118846176,115.01492537313432,true_negative
11169,0,0.0779204262055915,0,0.5425,0.5645933014354066,87.86305555555556,4,22476.0,19,135.12,0.1956464861125675,0.8875841874076078,81.16267942583733,true_negative
11170,1,0.5008168242930848,1,30.13888888888889,0.8666666666666667,58.21055555555556,3,5108.0,4,61.04,0.27954023155376,0.0802893184366864,38.91111111111111,true_positive
11171,0,0.332980811295098,1,17.483055555555556,0.8765432098765432,70.81888888888889,3,8621.0,8,48.28,0.2342932258720937,0.1992032850581189,30.382716049382715,false_positive
11172,0,0.0802769278185036,0,0.1341666666666666,0.7335526315789473,88.15027777777777,4,54853.0,13,251.28,0.1699374387335862,2.886053710398896,169.34703947368422,true_negative
11173,0,0.4322881853725795,1,3.648055555555556,0.9130434782608696,84.64277777777778,2,6443.0,4,56.16,0.2683035365273089,0.1661336483615758,34.68115942028985,false_positive
11174,0,0.0673010212025443,0,1.3519444444444444,0.7248322147651006,86.88694444444444,4,15374.0,12,78.48,0.1898641933452125,0.4343464375211581,50.97315436241611,true_negative
11175,0,0.4525273686164063,1,34.27972222222222,0.78125,53.90694444444444,3,9472.0,7,89.72,0.2435153041834553,0.3332731467701993,54.85416666666666,false_positive
11176,1,0.34587086751985474,1,18.22972222222222,0.8253968253968254,69.91444444444444,4,7015.0,7,39.68,0.2957516086259349,0.1190706177566183,25.23809523809524,true_positive
11177,1,0.5192345877292254,1,49.74972222222223,1.0,38.375,2,3317.0,5,25.96,0.2186924507438263,0.0721885019273772,19.05,true_positive
11178,0,0.609910894817637,1,49.42361111111112,1.0,38.59861111111111,2,3700.0,4,12.44,0.2842683349864883,0.0643025506783855,10.515151515151516,false_positive
11179,0,0.5281074385535169,1,50.08833333333333,1.0,37.95055555555555,2,4880.0,3,37.72,0.2725443570332739,0.1255344839778048,25.30188679245283,false_positive
11180,0,0.27877216563999796,0,13.383611111111112,0.7448979591836735,74.65388888888889,4,8447.0,12,92.24,0.2138667772122064,0.2735675290826009,56.142857142857146,true_negative
11181,0,0.07596503457381358,0,5.875277777777778,0.7523809523809524,82.10333333333334,4,33463.0,22,115.04,0.1946645615529252,0.591852454678633,73.24285714285715,true_negative
11182,0,0.04265529656485307,0,2.036111111111111,0.7242990654205608,85.93388888888889,4,66147.0,16,275.24,0.1831178084594164,2.863245682933775,179.9836448598131,true_negative
11183,1,0.5799890446171074,1,60.425,1.0,27.554166666666667,2,3395.0,4,28.08,0.2629166286416662,0.075961106732911,20.0,true_positive
11184,0,0.21616556702995077,0,9.486666666666666,0.782051282051282,78.41944444444445,4,9553.0,8,48.8,0.2169548327488773,0.200253635181704,32.15384615384615,true_negative
11185,0,0.05066814586005729,0,3.229722222222222,0.6231884057971014,84.64416666666666,4,52359.0,21,174.96,0.1710373188745826,1.575737682587656,109.6231884057971,true_negative
11186,1,0.5463866289539874,1,57.13555555555556,1.0,30.69638888888889,2,15150.0,6,119.16,0.2193548002239504,0.6777720176177038,70.26114649681529,true_positive
11187,0,0.47094407347432726,1,27.08972222222222,0.72,60.759166666666665,3,3072.0,7,12.2,0.2725475543487982,0.0593878331902125,12.2,false_positive
11188,1,0.5413143074339865,1,51.58416666666667,1.0,35.22222222222222,2,4364.0,5,29.92,0.2386915434654955,0.0766603080305734,21.19148936170213,true_positive
11189,1,0.550812235179999,1,23.73305555555556,0.5769230769230769,64.07111111111111,3,2465.0,2,14.0,0.2198943041708532,0.0488277829608407,13.5,true_positive
11190,0,0.16695968384238,0,0.0288888888888888,0.7631578947368421,87.7625,4,15984.0,8,86.52,0.240548038585675,0.4154585923484949,55.31578947368421,true_negative
11191,0,0.15154842826826026,0,10.683333333333334,0.7204968944099379,77.1036111111111,4,19066.0,13,103.64,0.2208053280414497,0.4911335480433367,67.95652173913044,true_negative
11192,1,0.5662945952824465,1,13.432777777777778,0.3,74.30944444444444,3,1349.0,4,6.9,0.1980697865607192,0.0254122257542914,6.9,true_positive
11193,1,0.553747177079827,1,53.047222222222224,1.0,34.62833333333333,2,6097.0,3,31.6,0.2225996932272537,0.0895429591876331,21.823529411764707,true_positive
11194,1,0.09158201202112184,0,3.783333333333333,0.7305389221556886,83.88083333333333,4,19303.0,14,86.6,0.2060416340035306,0.4424002964402828,56.131736526946106,false_negative
11195,0,0.09539735270245059,0,1.8763888888888889,0.5264367816091954,85.71805555555555,4,41872.0,16,186.12,0.2570973811715297,2.1564650770219225,129.8919540229885,true_negative
11196,0,0.05659311190839226,0,0.0130555555555555,0.7656765676567657,87.4975,4,67247.0,13,223.24,0.1941524511221448,2.1939484321957976,133.56600660066007,true_negative
11197,1,0.5546547331375723,1,56.434444444444445,1.0,31.06861111111111,2,19620.0,6,87.48,0.2202026589705235,0.4494309912843246,58.90604026845637,true_positive
11198,1,0.14749224534457994,0,10.774722222222222,0.6296296296296297,76.71638888888889,4,13300.0,9,66.72,0.2136047433657658,0.2305481375496781,39.69444444444444,false_negative
11199,1,0.6395839889653825,1,50.84916666666667,1.0,36.61805555555556,2,3464.0,3,14.8,0.2874582103445656,0.0569511871955918,13.10344827586207,true_positive
11200,1,0.5551600667458974,1,61.57694444444444,1.0,25.913055555555555,2,13005.0,6,68.36,0.2534419977713301,0.2778289515458721,40.85869565217392,true_positive
11201,1,0.5742405656943333,1,51.96472222222222,1.0,35.519444444444446,2,4491.0,3,35.32,0.2508406182956383,0.1116402841425466,24.058823529411764,true_positive
11202,0,0.3004587408161277,0,10.015555555555556,0.2235294117647059,76.68833333333333,3,9352.0,8,61.96,0.2763285110534819,0.1983616810154572,36.72941176470588,true_negative
11203,1,0.4471601028976894,1,33.67861111111111,0.9225352112676056,53.74194444444444,3,13750.0,8,126.8,0.2184951816075206,0.6013820839190849,72.36619718309859,true_positive
11204,1,0.6654185506146916,1,57.19138888888889,1.0,30.217222222222222,2,8060.0,5,61.32,0.2668884815555392,0.1862295663306323,35.15384615384615,true_positive
11205,1,0.751252259937286,1,12.7775,0.5,74.63,2,85.0,2,2.0,0.0141421356237309,0.0108527222704468,2.0,true_positive
11206,0,0.11574888426646494,0,5.668055555555555,0.7316176470588235,81.74111111111111,4,28617.0,15,189.96,0.2195957774500924,1.5942955387848257,110.33823529411764,true_negative
11207,0,0.13863147437419257,0,6.050833333333333,0.6950354609929078,81.26972222222223,4,13842.0,10,76.08,0.2272442274864073,0.3605550630965548,55.06382978723404,true_negative
11208,0,0.061564656588500966,0,2.435833333333333,0.4205298013245033,84.86861111111111,4,36581.0,28,190.32,0.2064116099496499,1.6275174619459716,114.95695364238412,true_negative
11209,1,0.6220393155121003,1,36.89722222222223,0.95,50.39722222222223,2,3926.0,4,11.0,0.2646069264689726,0.0417372246623265,11.0,true_positive
11210,0,0.10593258339850653,0,1.01,0.4469696969696969,86.25555555555556,4,12353.0,11,78.24,0.2131720358579334,0.3143615916319173,52.41666666666666,true_negative
11211,1,0.7195015561747038,1,50.55138888888889,1.0,36.701388888888886,2,1138.0,2,8.631578947368421,0.2597168255731572,0.0326620596845421,8.631578947368421,true_positive
11212,0,0.0325652708539476,0,1.38,0.693069306930693,85.8175,4,44817.0,26,175.84,0.1457567511017304,2.017938757380234,131.42079207920793,true_negative
11213,0,0.15117508988151393,0,3.7425,0.4700854700854701,83.45388888888888,4,10455.0,10,90.8,0.2266489087983481,0.3712813074597849,63.57264957264957,true_negative
11214,0,0.12771562262940273,0,1.7969444444444445,0.5131578947368421,93.61888888888888,4,20107.0,13,156.2,0.2368663730225564,1.271289272812127,104.65789473684212,true_negative
11215,0,0.05127703893664556,0,1.103888888888889,0.6916666666666667,86.07694444444445,4,42023.0,25,129.92,0.176200772903205,0.7645384513038007,74.5375,true_negative
11216,0,0.17473843074346138,0,1.8916666666666664,0.3789473684210526,85.28444444444445,3,11935.0,8,65.08,0.2084838221170131,0.2050212897787342,37.85263157894737,true_negative
11217,0,0.1297478383826823,0,0.9816666666666668,0.4183673469387755,86.17305555555555,4,18797.0,6,149.8,0.2390293029627766,1.0414539502417848,85.28571428571429,true_negative
11218,1,0.6154356365044437,1,54.09583333333333,1.0,33.060833333333335,2,2498.0,5,14.92,0.1945641899322676,0.0438927518062929,14.92,true_positive
11219,0,0.345253757508852,1,27.034444444444443,0.7864768683274022,60.11805555555556,3,32905.0,14,162.44,0.1938350337908161,1.1597539284703418,94.8932384341637,false_positive
11220,0,0.31262512507374624,0,8.254444444444445,0.108695652173913,74.43833333333333,3,4235.0,6,22.44,0.2513272927096144,0.05953193181134,17.065217391304348,true_negative
11221,0,0.16115398096960695,0,1.6094444444444445,0.5964912280701754,85.54722222222222,4,10498.0,15,88.88,0.2257392410647614,0.4030529482927751,55.078947368421055,true_negative
11222,0,0.31731761024218297,0,14.0325,0.52,73.08277777777778,4,2791.0,6,34.56,0.2590708652696425,0.1661854828222435,34.56,true_negative
11223,1,0.6142395388709194,1,26.997222222222224,0.9166666666666666,60.1175,3,2821.0,4,6.916666666666667,0.2526707589561817,0.0222348683479566,6.916666666666667,true_positive
11224,0,0.3388588706709575,1,30.530277777777776,0.8823529411764706,56.23888888888889,3,9073.0,11,84.4,0.2363944331534925,0.3676025696601964,51.44117647058823,false_positive
11225,0,0.22861539734892045,0,11.555555555555555,0.8313253012048193,75.53944444444444,4,13931.0,13,114.44,0.2271781126468146,0.6072132770136701,66.7710843373494,true_negative
11226,1,0.030803285727471253,0,1.0191666666666668,0.6371681415929203,86.08638888888889,4,40361.0,13,135.2,0.1763903373404188,0.7869913683938707,83.16224188790561,false_negative
11227,0,0.563467236039779,1,38.28083333333333,0.8918918918918919,48.82555555555555,3,4320.0,3,22.64,0.2568930501702389,0.0615756777959483,17.405405405405407,false_positive
11228,1,0.16321873766910855,0,7.900833333333333,0.907563025210084,79.20027777777777,4,15844.0,10,73.92,0.2296416407851698,0.3614023383649933,45.16806722689076,false_negative
11229,0,0.4202032640885644,1,9.690833333333334,0.8444444444444444,77.40388888888889,2,5160.0,7,32.2,0.272853906944498,0.1117812634014899,22.55555555555556,false_positive
11230,0,0.4655979642781458,1,34.815555555555555,0.9609375,52.21083333333333,3,11392.0,9,73.36,0.2163910175410389,0.3883898925454085,51.078125,false_positive
11231,1,0.6729947547839024,1,39.2725,0.8275862068965517,41.36333333333334,2,2454.0,2,15.84,0.2568955469263573,0.0569669780044095,14.0,true_positive
11232,1,0.6945840421712608,1,69.33444444444444,1.0,17.693055555555556,2,23870.0,2,89.32,0.215193522569612,0.3924599645588568,55.57364341085271,true_positive
11233,0,0.07318335212642747,0,2.390833333333333,0.5404411764705882,84.63027777777778,4,33610.0,18,174.36,0.2046127888800484,1.2996959005767823,105.78308823529412,true_negative
11234,1,0.6441571713135318,1,59.547777777777775,1.0,27.44333333333333,2,2087.0,3,13.88,0.2453233407579358,0.0495998703489558,13.88,true_positive
11235,1,0.6560580180029235,1,59.9325,1.0,27.0675,2,45507.0,5,140.2,0.1840272086190043,0.9645904562902554,80.88025210084034,true_positive
11236,0,0.18420637624439484,0,3.748055555555556,0.4333333333333333,83.19361111111111,3,10293.0,5,49.08,0.1956854414327275,0.1733830719397863,39.95555555555556,true_negative
11237,0,0.6237117756166163,1,32.67027777777778,0.8,54.256388888888885,3,420.0,3,5.0,0.1829773335592985,0.0199075473623012,5.0,false_positive
11238,0,0.1873495171489514,0,10.09027777777778,0.9760596546310832,76.79027777777777,4,299615.0,15,139.76,0.1032529793993273,1.0150231878450893,87.65306122448979,true_negative
11239,1,0.5957492484553519,1,58.97555555555556,1.0,27.890833333333333,2,4895.0,4,38.48,0.2521853482494483,0.1363765209774461,26.0,true_positive
11240,1,0.3772729271104142,1,2.120833333333333,0.5964912280701754,84.69694444444444,4,5146.0,11,28.08,0.3469934658377226,0.0411601571948833,19.31578947368421,true_positive
11241,0,0.5137523620399622,1,39.88555555555556,0.9913793103448276,46.35833333333333,2,9541.0,5,83.52,0.2460740712197918,0.372646530807877,50.75,false_positive
11242,0,0.1663746382002495,0,10.026388888888889,0.8348623853211009,76.79305555555555,4,21310.0,14,153.4,0.2076820958162484,1.1059237331849308,88.44036697247707,true_negative
11243,1,0.6400414042960318,1,28.64555555555556,0.5,58.14527777777778,2,263.0,2,2.5,0.0847007157483649,0.0077761074344965,2.5,true_positive
11244,0,0.2222451859125962,0,9.67388888888889,0.7282608695652174,77.1288888888889,4,12691.0,10,145.04,0.228871207483146,0.6796672915675795,93.03804347826087,true_negative
11245,0,0.16342244140559198,0,7.23,0.6464646464646465,79.57,4,10002.0,11,69.36,0.2579178998341846,0.2668233679030543,42.22222222222222,true_negative
11246,1,0.5069560088622035,1,37.92305555555556,0.6666666666666666,48.87388888888889,2,3728.0,3,22.68,0.2361745993961066,0.0615693652833256,17.05128205128205,true_positive
11247,1,0.7053521782225447,1,5.220833333333333,0.8,81.55277777777778,2,995.0,2,7.933333333333334,0.2178193374325729,0.040092146122187,7.933333333333334,true_positive
11248,1,0.05547220713090779,0,0.0772222222222222,0.5697674418604651,86.67777777777778,4,31260.0,12,170.08,0.1949588715239124,1.5332472189136557,114.24127906976744,false_negative
11249,0,0.11734761890884095,0,0.9366666666666666,0.7317073170731707,85.81222222222222,4,15951.0,9,94.72,0.2222261390034234,0.4179026520821922,55.24390243902439,true_negative
11250,0,0.440931539640332,1,3.276388888888889,0.9655172413793104,83.12722222222222,3,3550.0,4,13.92,0.3431892965174579,0.0680421580387541,12.344827586206897,false_positive
11251,1,0.6924570540229017,1,5.584722222222222,0.9,81.12055555555555,3,659.0,3,6.2,0.2442239540732837,0.0172145114065686,6.2,true_positive
11252,0,0.5351608855327066,1,57.33055555555556,1.0,29.179166666666667,2,10733.0,5,84.6,0.2279677602120211,0.3508121357437934,49.828828828828826,false_positive
11253,1,0.5968997354309948,1,62.94277777777778,1.0,23.67111111111111,2,3019.0,3,25.92,0.2651561213808406,0.0723608699424215,19.44736842105263,true_positive
11254,0,0.5245343070086836,1,34.477777777777774,0.8666666666666667,52.13,3,4381.0,4,17.28,0.2230612981207324,0.054019445554414,14.9,false_positive
11255,0,0.07221210368349405,0,2.6644444444444444,0.5870967741935483,83.93833333333333,4,23019.0,20,92.36,0.1886085369054962,0.3905829099373901,54.79354838709678,true_negative
11256,1,0.401188295501891,1,36.71055555555556,0.8375,49.88555555555556,3,7458.0,7,59.36,0.2148917930997571,0.2152104720485818,36.2375,true_positive
11257,0,0.6113929703928842,1,52.0225,1.0,34.556666666666665,2,4579.0,3,20.8,0.2050314799766169,0.0686204727490073,15.422222222222222,false_positive
11258,0,0.3572730451175085,1,45.492777777777775,0.7950819672131147,41.08833333333333,3,12902.0,6,94.92,0.2235457884365542,0.4092850274712095,61.86065573770492,false_positive
11259,1,0.4822754160916592,1,49.539722222222224,1.0,37.04166666666666,2,9782.0,6,149.96,0.228956814831397,0.3308033144991608,66.61666666666666,true_positive
11260,1,0.031193429896557684,0,0.0175,0.5929319371727748,86.55722222222222,4,99568.0,24,221.16,0.1582615916275817,2.7706735608543727,168.75,false_negative
11261,1,0.5119704168247364,1,28.669722222222223,0.75,57.91027777777778,2,3322.0,5,19.68,0.272023285763017,0.049153453757051,16.25,true_positive
11262,0,0.3726655971669017,1,27.50111111111111,0.7592592592592593,59.03277777777778,2,6614.0,6,34.48,0.2365647889729436,0.1256858178936594,23.51851851851852,false_positive
11263,1,0.7300449933063357,1,59.092777777777776,1.0,27.445555555555558,2,530.0,5,4.666666666666667,0.2915620295653308,0.0103751275063916,4.666666666666667,true_positive
11264,1,0.3426526348848149,1,27.84027777777778,0.7532710280373832,58.693888888888885,3,48489.0,15,201.24,0.1933377712163548,2.3286184280979256,142.26355140186917,true_positive
11265,1,0.42449507139005394,1,3.4763888888888888,0.8666666666666667,83.02111111111111,3,3832.0,5,15.84,0.24827816399839,0.0611057733858576,13.7,true_positive
11266,0,0.1114213607144659,0,1.4344444444444444,0.5276073619631901,85.06111111111112,3,18989.0,6,82.52,0.2115048443621829,0.3669697256454863,63.214723926380366,true_negative
11267,0,0.10795191273413107,0,3.7672222222222222,0.3185840707964602,82.72333333333333,4,13056.0,6,63.04,0.2002090566010311,0.2282898805946319,39.47787610619469,true_negative
11268,1,0.4400814127322631,1,29.302222222222223,0.8085106382978723,57.14,3,4047.0,3,31.96,0.2466149244273683,0.1037183270365054,22.382978723404257,true_positive
11269,1,0.6514143531151196,1,57.2125,1.0,29.247222222222224,2,131.0,2,1.0,0.0957427107756337,0.0172254284329706,1.0,true_positive
11270,0,0.6231979583017033,1,35.25222222222222,0.7692307692307693,50.71694444444445,3,1847.0,4,7.538461538461538,0.2789455849353581,0.0396013802454248,7.538461538461538,false_positive
11271,0,0.5626949692869733,1,52.414722222222224,1.0,33.9875,2,12974.0,7,72.76,0.2549186967597133,0.3285585409501836,48.35344827586207,false_positive
11272,0,0.2824743136061046,0,3.951666666666666,0.25,82.48944444444444,3,5537.0,9,66.8,0.2497153180304604,0.1455320731730328,38.86666666666667,true_negative
11273,0,0.06842963721142636,0,2.4297222222222223,0.8551136363636364,84.00138888888888,4,36323.0,14,194.72,0.1887014737151991,2.059021168054407,121.45738636363636,true_negative
11274,0,0.1578052783515227,0,14.019166666666669,0.8287671232876712,72.39222222222222,4,20956.0,16,105.24,0.2307774301899549,0.583584838238778,66.84246575342466,true_negative
11275,1,0.7201528846819366,1,4.722777777777778,0.8,81.68944444444445,3,509.0,3,3.6,0.18625475385432,0.0162344043763111,3.6,true_positive
11276,1,0.6256263414411078,1,52.96611111111111,1.0,33.43361111111111,2,633.0,3,3.555555555555556,0.2363757675132102,0.020036913605096,3.555555555555556,true_positive
11277,0,0.02728052131027411,0,0.0175,0.443359375,86.36888888888889,4,55166.0,18,172.88,0.1623306524602504,1.3722481821470789,109.49609375,true_negative
11278,1,0.662144459296009,1,57.72805555555556,1.0,28.66027777777778,2,23282.0,5,171.88,0.1926129173258421,1.3614610233306654,102.09022556390975,true_positive
11279,0,0.44683044041138587,1,36.22222222222222,0.9112903225806452,50.13444444444445,3,13335.0,6,65.76,0.2221237893487613,0.269034137699323,48.903225806451616,false_positive
11280,0,0.14432164620278978,0,8.468055555555555,0.6103896103896104,77.88166666666666,4,53028.0,16,212.12,0.327847399781176,2.542010935175638,146.33580705009277,true_negative
11281,1,0.7399954982146008,1,62.75361111111111,1.0,23.544166666666666,2,1848.0,3,8.1875,0.2715635014306001,0.0384868672456869,8.1875,true_positive
11282,1,0.14879347750014676,0,5.675833333333333,0.4,80.6525,4,15682.0,9,69.0,0.2513037244255331,0.2811465979583956,42.27368421052632,false_negative
11283,1,0.693795298582277,1,62.3925,1.0,23.916666666666668,2,2885.0,3,14.32,0.3779229086893763,0.0433237522306623,12.03125,true_positive
11284,0,0.07053135441038269,0,5.03,0.9076923076923076,81.26166666666667,4,51970.0,12,150.08,0.2051976475839721,0.95442610696917,92.56923076923076,true_negative
11285,0,0.09841410606606082,0,7.865555555555556,0.65234375,78.41027777777778,4,24502.0,15,114.52,0.1984646764318232,0.5738591252920424,74.03125,true_negative
11286,1,0.30480816433378816,0,25.746666666666663,0.7791411042944786,60.526944444444446,3,16986.0,11,89.2,0.2098388351815653,0.3964602462295339,56.38650306748466,false_negative
11287,0,0.12797490498794153,0,3.108055555555556,0.7883211678832117,83.13166666666666,3,15007.0,10,93.72,0.2115011829862378,0.414589473854703,59.56204379562044,true_negative
11288,0,0.18012663002590057,0,13.605277777777776,0.8669950738916257,72.62222222222222,4,26427.0,14,150.76,0.2087755018618426,1.0381905969929917,88.32019704433498,true_negative
11289,0,0.5567087804838726,1,51.31361111111111,1.0,34.20388888888889,2,11488.0,5,69.4,0.2119006514822288,0.3240559992390872,42.89908256880734,false_positive
11290,1,0.7323393578661074,1,59.88638888888889,1.0,26.326944444444443,2,1050.0,3,6.0,0.1868901152755831,0.0289070909385391,6.0,true_positive
11291,1,0.6601587672877606,1,60.39138888888889,1.0,24.93888888888889,2,2092.0,5,11.058823529411764,0.2511216071058742,0.0785966027075664,11.058823529411764,true_positive
11292,0,0.1514077239012966,0,3.5927777777777776,0.4545454545454545,82.61583333333333,4,9025.0,9,71.68,0.2298427586384116,0.2302026112067365,41.75,true_negative
11293,0,0.3912091778712072,1,14.130555555555556,0.86,72.06972222222223,3,3538.0,7,38.6,0.2164140030597702,0.1340951378045222,26.04,false_positive
11294,0,0.0698521633821712,0,1.0452777777777778,0.6956521739130435,85.95,4,26080.0,14,152.52,0.2066313900667856,0.8964546721726666,87.9407114624506,true_negative
11295,0,0.40054881847622575,1,37.446666666666665,0.4,48.687777777777775,2,7082.0,3,104.04,0.2342298719748124,0.9582869144136558,94.98,false_positive
11296,1,0.4024884503330408,1,28.703055555555554,0.9797979797979798,57.44555555555556,3,11976.0,6,72.12,0.2574141603955939,0.3350947329896023,46.686868686868685,true_positive
11297,0,0.3264515305392141,1,2.706111111111111,0.9745395449620802,83.44305555555556,4,148191.0,8,73.6,0.2511625294117905,0.160117739612691,35.596966413867825,false_positive
11298,1,0.7142745194494581,1,52.65555555555556,1.0,33.45111111111111,2,240.0,2,2.6666666666666665,0.0509175077217315,0.0088222033304643,2.6666666666666665,true_positive
11299,0,0.1607652984400309,0,10.29,0.8850574712643678,75.82944444444445,4,22818.0,19,96.4,0.2021637981188542,0.5526224690151516,69.63218390804597,true_negative
11300,0,0.15345866458786786,0,12.587777777777776,0.225,73.4875,4,15255.0,6,73.16,0.2388574347394844,0.3024862109201917,54.641666666666666,true_negative
11301,1,0.4487948569585381,1,7.152777777777778,0.7441860465116279,78.96194444444444,3,2975.0,6,31.4,0.2592454006317756,0.106718005336047,22.25581395348837,true_positive
11302,0,0.045510833918120566,0,4.942222222222222,0.6176470588235294,81.10111111111111,4,20049.0,14,71.28,0.1573810130998561,0.2701455969289141,46.70588235294117,true_negative
11303,0,0.10982636123648135,0,7.7075,0.5163934426229508,72.92194444444445,4,17819.0,10,72.56,0.2192207909736506,0.3654261446860505,47.69672131147541,true_negative
11304,1,0.5788588983037354,1,51.271388888888886,1.0,34.731944444444444,2,15094.0,2,196.12,0.2845641843122884,2.0925975069418143,119.73394495412845,true_positive
11305,0,0.07324837802448478,0,4.769444444444445,0.7966804979253111,81.2175,4,28148.0,12,135.44,0.1890931373654708,0.7423662471973259,84.17427385892117,true_negative
11306,0,0.09243490981171047,0,4.076944444444444,0.6358024691358025,81.89861111111111,4,22741.0,14,99.56,0.1959900537413253,0.4994455610143926,59.83950617283951,true_negative
11307,0,0.5358045610645109,1,34.00083333333333,0.9487179487179488,51.95305555555556,2,3181.0,2,25.68,0.2514133170295069,0.0646730161895841,18.82051282051282,false_positive
11308,0,0.06818818301050418,0,1.5372222222222225,0.5131578947368421,84.37722222222222,4,36515.0,20,189.6,0.2104097994549653,1.627045573537404,112.07894736842104,true_negative
11309,0,0.2943534936448604,0,25.25333333333333,0.5718562874251497,60.657222222222224,3,42385.0,10,199.4,0.188342097805318,2.0937360311496467,124.44311377245508,true_negative
11310,1,0.3179214166000162,0,15.77777777777778,0.6956521739130435,70.11333333333333,4,5150.0,8,38.52,0.2596120985878488,0.1409610638650962,26.217391304347824,false_negative
11311,1,0.4227254341710735,1,4.672777777777778,0.423728813559322,72.21,4,572.0,8,1.0,0.0,0.0172254284329706,1.0,true_positive
11312,0,0.0938114265935392,0,1.68,0.5369127516778524,84.17944444444444,4,17171.0,14,72.96,0.2003882815257984,0.3486531897916297,55.86577181208054,true_negative
11313,0,0.11392550196475794,0,4.014166666666667,0.7653631284916201,81.84833333333333,4,17331.0,16,119.16,0.2231929636470943,0.6873347351222444,75.21787709497207,true_negative
11314,0,0.13497530653989742,0,1.038333333333333,0.6989247311827957,84.76222222222222,4,9756.0,12,69.56,0.2519113732669437,0.2831329344067156,48.26881720430107,true_negative
11315,0,0.11016442053673853,0,0.0480555555555555,0.0909090909090909,81.05472222222222,4,13230.0,20,52.68,0.1855031173388599,0.2437950573067774,36.67272727272727,true_negative
11316,1,0.5977302298077918,1,38.706944444444446,0.7777777777777778,47.11944444444445,3,1305.0,3,9.5,0.2611331772472705,0.0386517964545439,9.5,true_positive
11317,1,0.6449970504575558,1,29.212777777777777,0.8461538461538461,56.57416666666666,2,1536.0,4,7.076923076923077,0.2533990115089681,0.0229907408545489,7.076923076923077,true_positive
11318,0,0.03441535382783238,0,1.998888888888889,0.5091277890466531,83.82694444444445,4,59334.0,14,190.4,0.1711979378993234,1.7691594899797582,117.21298174442192,true_negative
11319,0,0.03147567281285734,0,0.1086111111111111,0.3975903614457831,85.68583333333333,4,50978.0,18,173.8,0.1656837454273999,1.2950544681836471,106.0933734939759,true_negative
11320,0,0.12050156193794918,0,8.94,0.4166666666666667,76.86722222222222,4,38424.0,13,146.24,0.1935353263622528,1.4139098010276758,104.84027777777776,true_negative
11321,0,0.33728772865362006,1,12.391944444444444,0.8305084745762712,73.30472222222222,4,6153.0,7,46.0,0.3583640858102626,0.1171364219669272,28.338983050847457,false_positive
11322,1,0.5403531285799374,1,39.7775,0.3333333333333333,45.92666666666667,2,755.0,3,3.8333333333333335,0.2831451420851631,0.014094986040461,3.8333333333333335,true_positive
11323,0,0.12744526528716227,0,14.160833333333333,0.6878172588832487,71.59027777777777,4,36075.0,17,167.76,0.148052121592948,1.4144132495599404,107.13705583756344,true_negative
11324,1,0.5504456186590737,1,38.8525,0.9615384615384616,47.01361111111111,3,3063.0,4,37.24,0.2790493641539378,0.1265792917586843,36.73076923076923,true_positive
11325,1,0.7013770151811393,1,63.271388888888886,1.0,22.46638888888889,2,2160.0,2,14.24,0.2402745831510105,0.0459632690236714,13.73076923076923,true_positive
11326,1,0.5889122919421741,1,53.43222222222222,1.0,32.29222222222222,2,7469.0,6,65.32,0.233117017408702,0.2156989621649741,38.61627906976744,true_positive
11327,0,0.04947052933857452,0,0.9716666666666668,0.3487654320987654,84.74555555555555,4,32441.0,23,75.8,0.1221346121910291,0.4710267435203847,57.7037037037037,true_negative
11328,0,0.09941843426482186,0,2.645555555555556,0.6253776435045317,83.06222222222222,4,41835.0,20,142.4,0.2641267040024591,0.9711704427960872,85.70090634441088,true_negative
11329,0,0.3286353384262789,1,10.632777777777775,0.6346153846153846,75.02444444444444,4,4143.0,5,38.52,0.2500198483899911,0.1196904434534485,25.115384615384617,false_positive
11330,1,0.7599420278504302,1,58.23916666666667,1.0,27.424444444444443,2,1281.0,2,9.5,0.2323820633745275,0.0386517964545439,9.5,true_positive
11331,0,0.10431564621019027,0,2.8925,0.8018867924528302,82.75638888888889,4,23190.0,15,111.8,0.2241054195937796,0.6637978453121031,78.0377358490566,true_negative
11332,0,0.5834498780702131,1,54.60444444444445,1.0,31.04,2,17656.0,4,96.6,0.2358111568468723,0.4011880147826088,57.8796992481203,false_positive
11333,0,0.279464181257554,0,7.2975,0.2413793103448276,78.34083333333334,3,9078.0,8,49.52,0.2123094028912438,0.1875487877270034,32.758620689655174,true_negative
11334,0,0.09600369327842768,0,1.7777777777777777,0.528046421663443,83.85888888888888,4,45253.0,25,143.2,0.2692544613902025,0.8870667792983422,92.3926499032882,true_negative
11335,0,0.16370161042572687,0,10.360555555555557,0.8659217877094972,75.24666666666667,4,17344.0,13,105.2,0.2004271868982494,0.589104124239569,67.63128491620111,true_negative
11336,1,0.42531139163803794,1,29.70694444444445,0.99,55.88111111111111,3,14207.0,9,69.04,0.2238669027267187,0.2915578922400944,44.84,true_positive
11337,1,0.3017067519028749,0,9.754722222222222,0.78125,75.84388888888888,4,7344.0,8,49.2,0.264336372372833,0.1658616619763904,32.53125,false_negative
11338,0,0.097068785024106,0,1.1566666666666667,0.6255707762557078,84.45694444444445,3,25890.0,14,117.24,0.1813250916840807,0.6902531242956146,73.77168949771689,true_negative
11339,1,0.7320885736615733,1,56.50361111111111,1.0,29.075,2,3369.0,2,15.24,0.2380494472719441,0.0760567324963339,12.96774193548387,true_positive
11340,1,0.48641296401480283,1,12.684722222222222,0.9523809523809524,72.8825,3,6980.0,4,39.08,0.2957750351421745,0.1500430465840026,25.58730158730159,true_positive
11341,0,0.20320665988418948,0,19.717222222222222,0.7194244604316546,65.81861111111111,4,12749.0,15,102.16,0.2136741405549474,0.5064391222883006,62.94964028776978,true_negative
11342,0,0.13113178761309213,0,5.45,0.8132530120481928,80.1175,4,17517.0,12,104.48,0.2199965653095762,0.5587893936876154,75.47590361445783,true_negative
11343,1,0.6874014847384419,1,53.20916666666667,1.0,32.34305555555556,2,3421.0,2,17.52,0.2502856882085464,0.0468727178448613,15.448275862068966,true_positive
11344,0,0.4048516919364722,1,13.50611111111111,0.9875,72.06027777777778,3,7886.0,9,69.36,0.2598010731056625,0.2378909105143641,41.4375,false_positive
11345,1,0.7413466350516869,1,60.95111111111111,1.0,24.5725,2,1838.0,2,7.8,0.2819744685612367,0.0305856299461311,7.8,true_positive
11346,0,0.04297659690419094,0,0.8413888888888889,0.7640449438202247,84.67861111111111,4,47787.0,15,239.0,0.1827821393331222,2.5858218834810938,156.10754414125202,true_negative
11347,0,0.05661357137701185,0,1.4247222222222222,0.6866952789699571,84.04638888888888,4,35600.0,21,158.28,0.1949572729644867,1.1977347622130048,95.55793991416309,true_negative
11348,1,0.7235341668575308,1,58.11222222222222,1.0,27.370555555555555,2,182.0,2,2.0,0.1388903703624692,0.0087810880958289,2.0,true_positive
11349,0,0.030290091927676645,0,2.2066666666666666,0.6582278481012658,83.23722222222223,4,32657.0,26,144.72,0.1627063162316179,0.988216565992162,88.61392405063292,true_negative
11350,0,0.19409610654533213,0,2.3225,0.4269662921348314,83.14194444444445,4,12255.0,16,54.32,0.2762458262368639,0.1749489498172063,31.910112359550563,true_negative
11351,0,0.4688581746861686,1,7.466388888888889,0.9069767441860463,77.96472222222222,2,3741.0,2,35.64,0.254693455922566,0.1364797851734375,25.837209302325583,false_positive
11352,0,0.6363916786954587,1,11.123888888888889,0.0,14.496944444444445,2,235.0,2,3.0,0.1155682170967709,0.0046263337683385,3.0,false_positive
11353,0,0.07060178697802517,0,3.523888888888889,0.4503311258278146,80.99666666666667,4,37598.0,18,335.88,0.1706757480850257,3.7779742488121895,269.4072847682119,true_negative
11354,0,0.04643173090112411,0,0.6597222222222222,0.7916666666666666,84.72277777777778,4,54068.0,22,137.08,0.15474912433251,0.8379019414966884,85.41369047619048,true_negative
11355,0,0.15524464614741715,0,9.453055555555556,0.7070707070707071,75.95305555555555,4,14903.0,16,47.92,0.2438430781718902,0.200386468489061,32.95959595959596,true_negative
11356,1,0.6053722174264462,1,52.38027777777778,1.0,33.02333333333333,2,3074.0,3,23.4,0.2412813758561452,0.0807465794263597,18.705882352941178,true_positive
11357,0,0.38025268579659005,1,14.939444444444444,0.979591836734694,70.47638888888889,3,11103.0,7,50.4,0.1767619066191772,0.2444055087463061,40.80612244897959,false_positive
11358,0,0.03295376732757157,0,0.9127777777777778,0.5447941888619855,84.49638888888889,4,54854.0,24,153.76,0.169585288105361,1.1428344446446888,109.91283292978208,true_negative
11359,1,0.42822277512397566,1,5.8475,0.0333333333333333,79.56027777777778,2,3273.0,4,9.88,0.2866562474418599,0.0335211593749364,8.633333333333333,true_positive
11360,1,0.3297448166656091,1,9.178888888888888,0.463768115942029,76.22472222222223,3,6711.0,6,48.76,0.2420830713423131,0.2301972795835536,33.2463768115942,true_positive
11361,1,0.050446012241770574,0,5.427222222222222,0.5938697318007663,79.9475,4,34470.0,15,152.32,0.1800374716941551,1.0276139896449887,91.4521072796935,false_negative
11362,0,0.09550366220521463,0,1.7827777777777778,0.4639175257731959,83.61055555555555,4,25145.0,17,115.08,0.2129891362819295,0.6381168243862823,77.48453608247422,true_negative
11363,0,0.22027966519412523,0,4.8133333333333335,0.423728813559322,80.57527777777777,4,6463.0,6,39.52,0.251517071742502,0.1309522343141102,25.91525423728813,true_negative
11364,0,0.23503675979542016,0,13.022222222222222,0.4285714285714285,82.68777777777778,4,6427.0,10,49.44,0.2317942141648704,0.2521993327039831,40.775510204081634,true_negative
11365,0,0.09475474204867276,0,1.5422222222222222,0.6693548387096774,83.8463888888889,4,13137.0,13,70.44,0.2075013375841269,0.2363346176736023,44.89516129032258,true_negative
11366,0,0.5589290328724704,1,38.36361111111111,0.5,47.01,2,3365.0,2,28.52,0.2514708595932652,0.0804710323286768,22.13888888888889,false_positive
11367,1,0.6514960866342611,1,60.971944444444446,1.0,24.4,2,3088.0,6,12.91304347826087,0.269461231246591,0.0460277309742176,12.91304347826087,true_positive
11368,1,0.48648743869571187,1,26.23305555555556,0.7450980392156863,59.136944444444445,2,4819.0,7,43.88,0.318052596106142,0.1135375385714412,28.607843137254903,true_positive
11369,0,0.026809078609528435,0,1.0094444444444444,0.3982808022922636,84.34055555555555,4,36782.0,18,150.64,0.1784811112040633,1.0619724480097312,90.49856733524356,true_negative
11370,0,0.38349672920867695,1,25.171388888888888,0.9132653061224488,60.17305555555556,3,18501.0,7,139.8,0.1900938326463596,0.8784520600640359,82.61734693877551,false_positive
11371,0,0.600101916671874,1,57.07888888888889,1.0,28.26083333333333,2,19528.0,5,112.6,0.2121164130913858,0.6604043865026679,71.52941176470588,false_positive
11372,0,0.23114227361334178,0,8.906944444444445,0.575,76.43222222222222,4,4627.0,6,23.88,0.2564532820641116,0.0707242831149099,18.45,true_negative
11373,0,0.03706569136666015,0,0.2013888888888889,0.6183574879227053,85.16444444444444,4,83177.0,33,187.28,0.1733284378868485,1.4510583444792902,114.0402576489533,true_negative
11374,0,0.09960376134552582,0,1.790277777777778,0.8674698795180723,83.54027777777777,4,20829.0,10,139.84,0.1981512119179652,0.8510475095312104,80.53815261044177,true_negative
11375,0,0.2620503346741242,0,10.640277777777778,0.8297872340425532,72.05055555555556,3,12127.0,6,91.56,0.2276598604803467,0.1868589585584391,48.3936170212766,true_negative
11376,1,0.671628300101695,1,61.74027777777778,1.0,23.50333333333333,2,2335.0,2,16.82608695652174,0.2370282500152825,0.0617454703005077,16.82608695652174,true_positive
11377,1,0.7186841831727458,1,8.238888888888889,0.5,77.05444444444444,2,185.0,2,3.0,0.1903678708943855,0.0134942798937861,3.0,true_positive
11378,0,0.4313289579255732,1,35.40805555555556,0.925,49.85083333333333,3,11528.0,5,94.76,0.2208404960121688,0.4494922803827341,67.76666666666667,false_positive
11379,1,0.38601543847776476,1,32.52611111111111,0.7301587301587301,49.03944444444444,3,10533.0,6,91.04,0.246423808121878,0.3829350643319531,60.75396825396825,true_positive
11380,0,0.5637786029965051,1,58.4725,1.0,26.77888888888889,2,8710.0,3,70.52,0.2264359969608797,0.3214873219070937,44.47368421052632,false_positive
11381,0,0.08354760489361691,0,0.9836111111111112,0.5,84.26472222222222,4,17094.0,8,97.72,0.1918582945722408,0.4836210519254299,60.43283582089552,true_negative
11382,0,0.05672864918800309,0,0.4869444444444444,0.1115241635687732,82.14055555555555,4,33239.0,16,147.36,0.1940706102624373,1.0126095143418503,95.65799256505576,true_negative
11383,0,0.07024406247615406,0,1.4422222222222223,0.4021739130434782,83.73166666666667,4,49053.0,10,248.28,0.199120846898599,2.477444714965593,152.9266304347826,true_negative
11384,0,0.12646268701680902,0,2.855,0.7884615384615384,82.35333333333334,4,12304.0,11,60.52,0.2143264991409765,0.2498953440122838,39.75,true_negative
11385,1,0.39171085350779716,1,5.305833333333333,0.65,79.90138888888889,3,2224.0,4,12.25,0.2276022902035218,0.0575475489747812,12.25,true_positive
11386,0,0.10405798407918487,0,3.736388888888889,0.8,81.46888888888888,4,20229.0,10,156.36,0.2083022668173132,1.2129239268867642,94.005,true_negative
11387,1,0.7490171311830743,1,61.585,1.0,23.581666666666667,2,1818.0,2,12.210526315789474,0.3266967607146397,0.067647360734619,12.210526315789474,true_positive
11388,0,0.02871436668078376,0,1.507777777777778,0.5326530612244897,83.68277777777777,4,59164.0,19,236.64,0.1539520484988828,2.718039409741765,155.68775510204082,true_negative
11389,0,0.08462557893629154,0,2.902222222222222,0.2727272727272727,82.26861111111111,4,17082.0,12,92.08,0.1908907314804665,0.4456477537375396,60.71428571428572,true_negative
11390,1,0.20721378600827667,0,22.49361111111111,0.4759825327510917,62.54583333333333,4,23753.0,16,182.16,0.1925492928618109,1.5647057917827374,108.78165938864628,false_negative
11391,1,0.6621729367558146,1,34.88638888888889,0.8181818181818182,50.26444444444444,2,747.0,3,9.181818181818182,0.2581072618323787,0.0400972615402426,9.181818181818182,true_positive
11392,1,0.5483766837758549,1,53.12361111111111,1.0,31.97833333333333,2,24848.0,7,87.28,0.2147157113348804,0.3753051142856087,58.13259668508287,true_positive
11393,1,0.43803657170902016,1,3.433611111111111,0.5,81.70055555555555,3,1844.0,5,13.227272727272728,0.2321016891715856,0.0523005250961893,13.227272727272728,true_positive
11394,0,0.155408931528338,0,13.51722222222222,0.5709779179810726,71.5963888888889,4,28697.0,15,203.16,0.2112709006677714,2.182581106092208,132.34700315457414,true_negative
11395,0,0.6549441314266173,1,4.910833333333334,0.6363636363636364,80.18611111111112,2,1775.0,3,7.272727272727272,0.2485576857324922,0.0398836511098103,7.272727272727272,false_positive
11396,0,0.09851274107479722,0,3.9325,0.7266666666666667,81.1675,4,24557.0,16,98.32,0.215906588692864,0.5233825294797573,65.24666666666667,true_negative
11397,0,0.09570682773379678,0,1.586111111111111,0.7987804878048781,83.42666666666666,4,13952.0,13,121.76,0.1939196693244899,0.7004137670848475,77.77439024390245,true_negative
11398,0,0.7679777995460668,1,61.181666666666665,1.0,23.883055555555558,2,793.0,3,6.642857142857143,0.2157953730571678,0.0272411122559721,6.642857142857143,false_positive
11399,0,0.08128504959667032,0,0.4497222222222222,0.4590163934426229,84.54388888888889,4,35326.0,15,169.8,0.2090290069629605,1.4987172452538655,108.40573770491804,true_negative
11400,0,0.1068372880281769,0,0.0097222222222222,0.1886792452830188,80.71666666666667,4,18577.0,11,91.24,0.221913737020226,0.3921145874701109,60.471698113207545,true_negative
11401,0,0.045493841035059136,0,3.931666666666666,0.6666666666666666,81.05972222222222,4,27263.0,24,78.52,0.1625805204154492,0.4434041964144312,53.62612612612613,true_negative
11402,0,0.3445706938996686,1,1.7891666666666666,0.6721311475409836,83.2325,3,6429.0,6,42.6,0.290131905642771,0.158079689018638,27.42622950819672,false_positive
11403,0,0.759358916626478,1,55.78833333333333,1.0,29.204722222222223,2,2498.0,2,9.066666666666666,0.1950188511808808,0.0344480001829577,9.066666666666666,false_positive
11404,0,0.02976022511304086,0,0.0719444444444444,0.5834896810506567,84.91444444444444,4,63359.0,25,180.84,0.1760958822130102,1.5263179292954094,111.6547842401501,true_negative
11405,0,0.03586004984168158,0,1.6394444444444445,0.5682119205298013,83.34416666666667,4,83148.0,21,212.44,0.1947167175249424,2.7370683085733094,169.12980132450332,true_negative
11406,1,0.10902358778613531,0,5.743888888888889,0.7461538461538462,79.22777777777777,4,13095.0,12,99.68,0.2117671530997764,0.3689922081559166,55.63846153846154,false_negative
11407,1,0.5151450332357638,1,51.17861111111111,1.0,33.795,2,10906.0,4,93.08,0.2164425710393621,0.4527362668587866,59.02586206896552,true_positive
11408,1,0.6528802480348653,1,4.927222222222222,0.75,80.04055555555556,2,1150.0,2,8.4375,0.2241180679981164,0.035275691241553,8.4375,true_positive
11409,1,0.057412726476211644,0,4.168888888888889,0.8179551122194514,80.78444444444445,4,50181.0,17,111.96,0.137087253025464,0.6285180021157856,69.92269326683292,false_negative
11410,0,0.3553717214748312,1,28.675555555555555,0.6697247706422018,56.28138888888889,3,12842.0,6,91.16,0.2278047049817567,0.2983260721876513,50.19266055045872,false_positive
11411,1,0.46072695327358776,1,10.757222222222222,0.75,70.20527777777778,2,3661.0,2,24.92,0.3004607815291764,0.0842599805415858,18.575,true_positive
11412,0,0.7234522936791749,1,30.10944444444445,0.9047619047619048,54.8375,2,1202.0,2,5.523809523809524,0.2049786205140546,0.0232115236184724,5.523809523809524,false_positive
11413,1,0.7366142858145852,1,63.24111111111111,1.0,21.689444444444444,2,1730.0,2,10.952380952380953,0.2635250879733505,0.047613140535453,10.952380952380953,true_positive
11414,0,0.3861103298687272,1,6.913888888888889,0.925,78.0175,3,4386.0,3,25.68,0.2786575246752857,0.0948881102290077,18.875,false_positive
11415,0,0.04276656868553003,0,0.4147222222222222,0.4431554524361949,84.5075,4,50016.0,30,251.32,0.1904021030274771,2.083213530900136,148.92575406032483,true_negative
11416,0,0.4314990618881535,1,37.20944444444444,0.9379310344827586,47.71694444444445,3,11780.0,7,109.36,0.2040341720946471,0.6235707483003379,68.26896551724138,false_positive
11417,1,0.45155259687148985,1,4.803333333333334,0.1578947368421052,80.09083333333334,2,3991.0,2,25.48,0.2538490902272445,0.0642926350453036,19.157894736842103,true_positive
11418,0,0.14650140827237926,0,1.0722222222222222,0.0161290322580645,83.83972222222222,3,11634.0,6,67.56,0.1899719249092207,0.2787774892844945,43.49193548387097,true_negative
11419,0,0.5388298718862418,1,53.215833333333336,1.0,31.69527777777778,2,10377.0,6,77.88,0.2385755934552075,0.2559159919076488,50.86315789473685,false_positive
11420,1,0.5661189983990146,1,48.65972222222222,1.0,36.22861111111112,2,5020.0,5,29.24,0.2255283831926139,0.0765148611075681,20.91489361702128,true_positive
11421,1,0.6285813948961527,1,56.48138888888889,1.0,28.392777777777777,2,4651.0,4,28.8,0.295643553423088,0.0860215402038225,20.51063829787234,true_positive
11422,0,0.4332050356366601,1,30.83083333333333,0.875,55.51166666666666,3,10012.0,8,66.84,0.2532570108051105,0.1991964677416418,35.5625,false_positive
11423,1,0.5491915171604104,1,53.19055555555556,1.0,31.656666666666663,2,14398.0,8,128.6,0.2355714545349568,1.0608190913050717,98.43624161073824,true_positive
11424,0,0.7719214394031938,1,61.82222222222222,1.0,23.029166666666665,2,1034.0,3,9.25,0.187319843682605,0.0396348421373019,9.25,false_positive
11425,1,0.3943391000287592,1,3.131111111111111,0.7142857142857143,81.71388888888889,3,3217.0,5,31.6,0.2760241578336392,0.0800170232496276,22.476190476190474,true_positive
11426,1,0.6812307782826016,1,58.30305555555555,1.0,26.5325,2,10045.0,9,55.84,0.2378289452414179,0.1971278572890984,34.94505494505494,true_positive
11427,0,0.2598654032619529,0,1.3172222222222223,0.5106382978723404,83.51444444444445,4,5624.0,6,36.24,0.2338298229669695,0.1213762097606305,24.93617021276596,true_negative
11428,1,0.6850025287609014,1,56.74388888888889,1.0,28.065277777777776,2,912.0,2,4.4,0.3358127249450024,0.0098770204518309,4.4,true_positive
11429,0,0.17018747257689895,0,1.9744444444444444,0.5877192982456141,82.81,4,12806.0,8,93.4,0.2553953034396568,0.3660643277898425,53.719298245614034,true_negative
11430,1,0.6040060761932495,1,50.24361111111112,1.0,37.67861111111111,2,13109.0,3,21.2,0.2345574312599606,0.0363496743945863,9.41340782122905,true_positive
11431,1,0.19385981361291327,0,8.9025,0.71875,75.9075,4,11850.0,6,70.48,0.2353274462099578,0.3325439874022134,51.890625,false_negative
11432,0,0.15108098269482206,0,4.721111111111111,0.7790697674418605,80.08416666666666,4,8452.0,7,46.44,0.2060799911013611,0.1677075899201919,29.53488372093023,true_negative
11433,0,0.24057262840762267,0,2.11,0.4705882352941176,82.67055555555555,3,4459.0,5,35.88,0.2249770419656371,0.1282663342827484,24.666666666666668,true_negative
11434,1,0.7735063680391592,1,59.76361111111111,1.0,25.0225,2,425.0,2,4.142857142857143,0.1939175238261441,0.0117500206549839,4.142857142857143,true_positive
11435,1,0.7356179953952972,1,60.653888888888886,1.0,24.074444444444445,2,2051.0,2,7.714285714285714,0.246926893705373,0.0235285660017435,7.714285714285714,true_positive
11436,0,0.22096514786883814,0,7.465833333333333,0.6666666666666666,77.29638888888888,2,13097.0,6,49.96,0.2311581644361102,0.1977491944640303,33.855555555555554,true_negative
11437,0,0.4145699400388188,1,11.620555555555557,0.8166666666666667,73.1525,3,4769.0,5,55.16,0.24676406341323,0.1981404670120275,35.166666666666664,false_positive
11438,0,0.6554824431424332,1,50.73777777777778,1.0,34.007222222222225,2,4591.0,7,46.36,0.2743392456036009,0.0802624026858965,29.775510204081638,false_positive
11439,0,0.7820803641921557,1,13.16388888888889,0.6666666666666666,71.55,2,151.0,2,1.0,0.1154700538379251,0.0172254284329706,1.0,false_positive
11440,0,0.47791064613404866,1,25.93611111111111,0.8222222222222222,58.30222222222222,3,3970.0,6,41.8,0.2936256273895808,0.1765837542768414,31.977777777777774,false_positive
11441,0,0.1799082301199363,0,11.589722222222225,0.9481132075471698,72.36916666666667,4,22482.0,11,111.48,0.200625280265483,0.5951866467436406,72.05660377358491,true_negative
11442,1,0.2822511275236007,0,10.07611111111111,0.3647058823529411,74.6475,3,8275.0,4,63.32,0.2325919927746486,0.2112698851843776,37.811764705882354,false_negative
11443,1,0.2693066913068587,0,13.70861111111111,0.5,70.99083333333333,4,6930.0,6,43.28,0.2132511087266817,0.1621397503942991,28.655172413793103,false_negative
11444,0,0.43410404976714356,1,36.36972222222222,0.6446280991735537,48.32888888888889,3,11843.0,9,67.4,0.2176559544404226,0.2853978437269718,44.76859504132232,false_positive
11445,1,0.6805987915069323,1,54.08416666666667,1.0,30.601666666666667,2,1914.0,4,11.61904761904762,0.2708936908709023,0.0582565483977295,11.61904761904762,true_positive
11446,1,0.12477386072729153,0,3.05,0.6354166666666666,81.64666666666666,4,10634.0,9,65.48,0.2313953384943554,0.2675504847377842,39.1875,false_negative
11447,0,0.24352113274866738,0,3.5091666666666668,0.296875,81.19305555555556,4,6748.0,7,47.88,0.2217050494030704,0.1622951909305124,30.625,true_negative
11448,0,0.6050462223843005,1,60.939166666666665,1.0,23.749166666666667,2,2970.0,4,25.84,0.2302881082772894,0.0733184060082587,19.394736842105264,false_positive
11449,0,0.2257211396124678,0,6.833611111111111,0.946969696969697,77.83166666666666,4,15176.0,7,86.2,0.2372840605391734,0.3734768757706258,53.01515151515152,true_negative
11450,1,0.3082049763482673,0,10.915833333333332,0.8571428571428571,73.64833333333333,4,4049.0,6,64.96,0.2248548788209895,0.3163855721635399,56.40476190476191,false_negative
11451,0,0.3163636072272964,0,8.547777777777778,0.6727272727272727,76.11055555555555,4,7759.0,10,45.92,0.2551353685285659,0.1587053347706678,35.2,true_negative
11452,0,0.04123547999727286,0,0.0111111111111111,0.5714285714285714,84.645,4,43993.0,17,210.12,0.1905786526369235,2.220999414857943,133.94613583138172,true_negative
11453,1,0.34777009867217945,1,12.894444444444444,0.56,71.73166666666667,4,2343.0,5,11.44,0.2657813617317746,0.0660852760626678,11.44,true_positive
11454,1,0.6231377352931992,1,58.39611111111111,1.0,27.116666666666667,2,2353.0,2,25.0,0.2456792203606448,0.087245790267708,25.0,true_positive
11455,0,0.06943660008262113,0,2.303333333333333,0.7644628099173554,82.32833333333333,4,22474.0,17,158.76,0.1808063865200022,1.3637124169477537,101.39669421487604,true_negative
11456,1,0.6515088544097469,1,71.78055555555555,1.0,12.829166666666667,2,4190.0,4,25.12,0.2307191552421258,0.0668679695984529,18.92105263157895,true_positive
11457,0,0.056800302160331766,0,4.477777777777778,0.5036764705882353,80.12666666666667,4,30303.0,13,95.72,0.1425177242026164,0.5334136932849696,65.04779411764706,true_negative
11458,1,0.7530068099363332,1,55.047222222222224,1.0,29.549722222222226,2,1049.0,2,7.5,0.2713059006218069,0.0317411975066987,7.5,true_positive
11459,1,0.5621858149432233,1,36.31638888888889,0.8076923076923077,48.276944444444446,2,2157.0,3,13.72,0.2288467721373225,0.0536423482630784,13.23076923076923,true_positive
11460,1,0.4939132349765374,1,10.721388888888889,0.68,73.84361111111112,2,2298.0,3,15.72,0.2372125818231833,0.0535887988384858,15.72,true_positive
11461,0,0.45255212473161016,1,10.337777777777776,0.6896551724137931,66.06,3,2558.0,5,18.24,0.237299805207204,0.0481917485646195,16.06896551724138,false_positive
11462,0,0.1355174328142836,0,7.184722222222222,0.8333333333333334,77.40055555555556,4,17067.0,6,76.56,0.1822815525119656,0.4263117470764624,58.285714285714285,true_negative
11463,0,0.033988986151115216,0,0.6741666666666667,0.2,83.90333333333334,4,30760.0,13,142.56,0.1632536758641566,0.8359620265438068,87.621875,true_negative
11464,1,0.10539287296560057,0,1.9491666666666667,0.9041095890410958,82.61638888888889,3,27553.0,17,101.96,0.1925417903135288,0.5038564368065405,68.54337899543378,false_negative
11465,1,0.37140119411059924,1,7.304444444444444,0.3666666666666666,76.6475,4,3155.0,7,6.28,0.4005519608214054,0.0229813394955622,5.4,true_positive
11466,0,0.06357150439753954,0,5.2125,0.3529411764705882,79.3411111111111,4,30955.0,11,146.88,0.1926317471131909,1.0611359735686088,89.75,true_negative
11467,1,0.6624560310001727,1,54.28666666666667,1.0,30.25,2,5015.0,4,31.6,0.2748460273548666,0.093545070811931,22.29090909090909,true_positive
11468,0,0.43287938147994176,1,3.4719444444444445,0.5517241379310345,81.09416666666667,4,2932.0,6,16.84,0.2260960985811521,0.0595200174708249,14.862068965517242,false_positive
11469,0,0.0804451409456574,0,5.080555555555556,0.6363636363636364,79.46416666666667,4,38442.0,12,186.56,0.1968821528794553,1.0011958433354922,104.76727272727273,true_negative
11470,1,0.4143003718200603,1,27.811666666666667,0.8415841584158416,56.740833333333335,3,9988.0,5,80.32,0.2102334725733383,0.3363865529028611,49.2970297029703,true_positive
11471,1,0.5057537084624476,1,36.4625,0.9907407407407408,48.055277777777775,3,12989.0,7,66.88,0.2508782112398309,0.2609275592196317,41.57407407407408,true_positive
11472,1,0.1568868857021407,0,3.9816666666666665,0.8560606060606061,80.56472222222222,3,13661.0,6,84.88,0.2147579871521389,0.3972637069697819,53.57575757575758,false_negative
11473,0,0.2780912896018353,0,5.672777777777778,0.6266666666666667,78.87055555555555,2,5722.0,4,57.08,0.2348894097702095,0.2109052648581565,36.14666666666667,true_negative
11474,1,0.23188211957824958,0,0.0844444444444444,0.7215189873417721,84.45222222222222,4,10951.0,10,55.4,0.2346926815071281,0.2052584418196987,35.20253164556962,false_negative
11475,0,0.11054953516241484,0,11.56638888888889,0.6489028213166145,72.97111111111111,4,29868.0,8,173.64,0.1932353736443921,1.4962357724414634,110.74921630094045,true_negative
11476,0,0.07672340458423352,0,0.1352777777777777,0.0641025641025641,84.39333333333333,4,42836.0,14,132.12,0.235760086194239,0.7835796131056045,81.97435897435898,true_negative
11477,0,0.46808688252162184,1,28.51388888888889,0.2666666666666666,55.994166666666665,3,2618.0,5,8.08,0.2910471886034163,0.0286783733646731,7.1,false_positive
11478,1,0.2869832302365517,0,5.818333333333333,0.55,78.68333333333334,3,4347.0,3,33.08,0.2072971833162689,0.111067127202629,25.975,false_negative
11479,0,0.10870088352243068,0,0.5091666666666667,0.490566037735849,80.95944444444444,4,15908.0,14,50.28,0.2106364167056666,0.2049660546223197,33.64150943396226,true_negative
11480,1,0.5724483486312667,1,48.24611111111111,1.0,36.34666666666666,2,1988.0,3,30.695652173913043,0.2486333964726389,0.1449346814410382,30.695652173913043,true_positive
11481,0,0.4553681384720996,1,34.93972222222222,0.865979381443299,49.53611111111111,3,9296.0,8,53.04,0.2114034124512442,0.1929138218614939,33.77319587628866,false_positive
11482,1,0.3816111001936538,1,28.703611111111112,0.8,55.81222222222223,2,842.0,2,90.8,0.2442548766253538,0.5621094973065968,90.8,true_positive
11483,0,0.0986401468938108,0,6.525555555555556,0.6880733944954128,77.93944444444445,4,28571.0,13,99.12,0.242869873386235,0.3262217095584154,60.61009174311926,true_negative
11484,0,0.06665887564129991,0,2.1491666666666664,0.6226708074534162,82.30527777777777,4,44885.0,12,211.0,0.3008717557170481,3.125651260117506,169.26708074534162,true_negative
11485,0,0.08555736170962658,0,2.3675,0.7567567567567568,82.07388888888889,4,22326.0,19,156.4,0.1651321731306126,1.097532600529878,94.17374517374516,true_negative
11486,0,0.13806833304586885,0,4.145277777777777,0.9411764705882352,80.29027777777777,3,22202.0,8,102.12,0.1810564229428962,0.396815583466214,70.58288770053476,true_negative
11487,0,0.09662211433821569,0,0.2058333333333333,0.0918918918918919,71.56583333333333,3,18918.0,12,107.56,0.1779259260003896,0.3455526713794891,58.48108108108108,true_negative
11488,0,0.1349337838869157,0,7.81,0.8740157480314961,76.61027777777778,4,20032.0,13,75.68,0.2091171520401942,0.3489463930271798,52.976377952755904,true_negative
11489,1,0.12579289428531326,0,4.804722222222222,0.3546099290780142,79.60666666666667,4,19841.0,7,78.32,0.2170069876602848,0.3617239658005922,52.177304964539005,false_negative
11490,0,0.09169300598829103,0,2.190555555555556,0.4711538461538461,82.23388888888888,4,48371.0,27,218.32,0.233927313990249,2.6213347857405407,148.6153846153846,true_negative
11491,1,0.650833199805291,1,53.660833333333336,1.0,30.729444444444443,2,8234.0,6,54.28,0.2223148461820392,0.2297845347902053,37.457142857142856,true_positive
11492,0,0.2069148911222672,0,8.626666666666667,0.6666666666666666,75.36138888888888,4,11515.0,7,85.2,0.2300195537872318,0.3863767744646864,59.92105263157895,true_negative
11493,0,0.7296347372030472,1,56.865833333333335,1.0,24.42361111111111,2,2059.0,3,8.38888888888889,0.3101188308014203,0.0239214754909081,8.38888888888889,false_positive
11494,0,0.3480046563926227,1,5.225555555555555,0.7083333333333334,79.13694444444444,3,2767.0,4,14.291666666666666,0.2318885040426214,0.0686460701592773,14.291666666666666,false_positive
11495,0,0.3237710828260902,1,0.0238888888888888,0.0684931506849315,84.34416666666667,3,7640.0,3,44.76,0.2955973140666421,0.171548883416022,28.52054794520548,false_positive
11496,0,0.3335261408642077,1,25.53388888888889,0.8738738738738738,58.8225,3,15726.0,15,93.28,0.2332668212870066,0.4144158244132239,56.86486486486486,false_positive
11497,0,0.03699850903224135,0,0.2022222222222222,0.4406175771971496,84.1361111111111,4,78863.0,23,226.88,0.1776585734957111,3.1003623371764517,164.6603325415677,true_negative
11498,0,0.28246612587083286,0,6.937222222222222,0.5925925925925926,77.4088888888889,2,6449.0,4,40.56,0.2434043436127868,0.1585306590157367,29.53703703703704,true_negative
11499,0,0.30778337127516203,0,10.295,0.6666666666666666,74.01416666666667,4,6148.0,6,37.96,0.2645066328168941,0.1415690524579623,25.98333333333333,true_negative
11500,0,0.6731027917756295,1,60.49555555555556,1.0,23.809722222222224,2,2177.0,2,12.88888888888889,0.2369109447692357,0.050273706716469,12.88888888888889,false_positive
11501,0,0.0729725762845763,0,2.870555555555556,0.743455497382199,81.41277777777778,4,36806.0,19,146.24,0.2226839545749263,1.130075003641692,94.37696335078536,true_negative
11502,0,0.1038157364729289,0,8.633888888888889,0.7393939393939394,75.65916666666666,4,22216.0,14,104.2,0.1761371184018928,0.5739473270999516,67.67272727272727,true_negative
11503,0,0.5082679874182677,1,10.083333333333334,0.9230769230769232,57.04,2,3077.0,3,14.04,0.2625711928960432,0.0526882374688426,13.576923076923077,false_positive
11504,0,0.06529701318198891,0,7.290277777777778,0.7666666666666667,76.95722222222223,4,19487.0,13,86.76,0.1674155837443342,0.3983270428665817,60.06666666666667,true_negative
11505,0,0.07977790031728259,0,4.294444444444444,0.6625,79.93694444444445,4,32889.0,12,145.16,0.203915044773559,0.987882360216091,86.44166666666666,true_negative
11506,1,0.5273471026169391,1,29.040277777777774,0.8,54.91972222222222,2,2439.0,4,12.5,0.3081795256234067,0.1062073458457807,12.5,true_positive
11507,1,0.21291839834512796,0,23.272777777777776,0.7377521613832853,61.00388888888889,4,44113.0,7,199.08,0.1996515928315363,1.7691044996312562,114.4956772334294,false_negative
11508,1,0.7117576103641052,1,4.391111111111111,0.3333333333333333,79.8536111111111,2,324.0,3,4.333333333333333,0.2575393768188563,0.0079018699593503,4.333333333333333,true_positive
11509,0,0.17033432670031043,0,3.5475,0.2490566037735849,61.566944444444445,3,28205.0,11,189.64,0.2118609835100381,1.7185651078469508,109.78490566037736,true_negative
11510,1,0.40179207521163013,1,13.311666666666667,0.5333333333333333,70.93972222222222,3,1838.0,4,12.733333333333333,0.2901032136734223,0.0623087112488382,12.733333333333333,true_positive
11511,0,0.4946781806549827,1,57.85305555555556,1.0,26.1425,2,5182.0,4,84.52,0.2112326707443475,0.5416714228821614,70.65454545454546,false_positive
11512,0,0.32834557613487264,1,29.5325,0.5429864253393665,54.55694444444445,3,22156.0,13,154.16,0.2069758663799258,1.1001534149229026,96.60180995475112,false_positive
11513,0,0.09046970259296994,0,8.938333333333333,0.512539184952978,75.2388888888889,4,68884.0,17,250.0,0.144310542925476,2.6941311303430644,162.3385579937304,true_negative
11514,1,0.7206727847722448,1,59.47888888888889,1.0,24.718611111111112,2,753.0,3,12.22222222222222,0.2773491349475048,0.0691178257473504,12.22222222222222,true_positive
11515,1,0.49830771495891796,1,30.787777777777777,0.7027027027027027,46.240833333333335,2,2646.0,3,44.4,0.2502193971996947,0.094317112433342,33.08108108108108,true_positive
11516,1,0.7929591500344428,1,58.4975,1.0,25.35388888888889,2,579.0,2,5.8,0.2460039600362567,0.014240421292702,5.8,true_positive
11517,0,0.07758756996462822,0,0.1988888888888889,0.2666666666666666,83.91527777777777,4,15233.0,15,95.96,0.1864510514177542,0.5098322094313994,63.25333333333333,true_negative
11518,1,0.45743282655699213,1,46.759166666666665,0.7435897435897436,36.59611111111112,3,4198.0,5,24.36,0.2652950226387803,0.0670154843346615,18.435897435897434,true_positive
11519,0,0.31095111454341523,0,6.747222222222222,0.7090909090909091,77.23555555555555,3,5165.0,5,38.4,0.2411801514837445,0.1506459881238835,33.69090909090909,true_negative
11520,1,0.37927568361462427,1,13.151388888888889,0.5373134328358209,70.8475,4,6302.0,5,33.28,0.366625533771278,0.1188782452328005,21.86567164179105,true_positive
11521,0,0.5798294154272301,1,52.80638888888889,1.0,31.17888888888889,2,20562.0,7,140.96,0.2097645280843548,0.889116714377466,93.92105263157896,false_positive
11522,0,0.06919898767343678,0,7.349166666666667,0.4523809523809524,76.72305555555556,4,43628.0,5,166.6,0.1412706015128279,1.419137238489956,106.31666666666666,true_negative
11523,1,0.42278926777081316,1,33.736666666666665,0.932642487046632,50.24194444444444,3,22962.0,7,96.12,0.1775497255783349,0.5368930754460641,70.7720207253886,true_positive
11524,1,0.7375278724370645,1,60.94722222222222,1.0,18.016944444444444,2,1776.0,3,8.714285714285714,0.2371141803643766,0.0362998440414873,8.714285714285714,true_positive
11525,0,0.13603767139311126,0,0.0547222222222222,0.7413793103448276,74.62444444444445,3,14658.0,5,68.76,0.1828771669101056,0.2923684903948474,46.241379310344826,true_negative
11526,0,0.30738741066230524,0,5.496111111111111,0.973404255319149,78.49944444444445,3,18820.0,6,153.6,0.2187076316137425,1.136528733186059,90.76595744680851,true_negative
11527,0,0.06405857770595258,0,3.548888888888889,0.4626168224299065,80.44472222222223,4,25918.0,14,99.76,0.1634733443061409,0.5370141366643619,67.03271028037383,true_negative
11528,0,0.22435392470644597,0,9.131666666666666,0.9320388349514565,74.8525,4,12093.0,6,61.6,0.1946486439239716,0.2242781296734132,39.1747572815534,true_negative
11529,1,0.28661114326546483,0,11.852777777777778,0.475,72.13111111111111,4,4871.0,6,26.92,0.2534525658839664,0.0826043374421971,20.425,false_negative
11530,1,0.6005345188733502,1,23.714166666666667,0.925925925925926,60.07277777777778,2,2443.0,2,10.08,0.2746148383507682,0.0420803257201035,9.48148148148148,true_positive
11531,0,0.3642381397401906,1,28.66722222222222,0.7524752475247525,55.32805555555556,3,12386.0,11,49.64,0.2219439719044899,0.210491049009639,34.524752475247524,false_positive
11532,0,0.06127006829257336,0,0.4833333333333333,0.6755555555555556,83.51666666666667,4,23679.0,13,124.4,0.1926843198360746,0.747546529578501,75.74666666666667,true_negative
11533,1,0.04964109790236679,0,5.534722222222222,0.6671532846715329,78.50833333333334,4,61166.0,16,257.56,0.1435379211967151,2.959565752542107,173.79416058394162,false_negative
11534,0,0.21543153229848078,0,10.509444444444444,0.6875,73.48388888888888,4,13440.0,10,102.16,0.2148608907397988,0.5455917111154794,67.525,true_negative
11535,0,0.0751333497066456,0,4.005555555555556,0.6602870813397129,79.98083333333334,4,29984.0,19,110.76,0.2137578143775744,0.5900739088857423,71.06698564593302,true_negative
11536,0,0.1969460362799237,0,12.888333333333334,0.375366568914956,70.24555555555555,4,40829.0,11,221.16,0.1987892234922424,1.2077823124884834,98.59530791788856,true_negative
11537,0,0.08552369351520667,0,3.3005555555555555,0.4170616113744075,80.66972222222222,4,31118.0,15,143.68,0.2280943861739996,0.9068352604608784,82.44075829383887,true_negative
11538,0,0.5433187313316336,1,58.0125,1.0,26.42972222222222,2,11401.0,8,114.36,0.2166783008979546,0.5917075006400062,72.50735294117646,false_positive
11539,0,0.07145751689159777,0,0.3308333333333333,0.4919786096256685,83.63,4,29161.0,16,97.72,0.2105612589686263,0.4995129637131176,66.24064171122994,true_negative
11540,0,0.24427609096383182,0,1.4016666666666666,0.1136363636363636,82.57222222222222,3,4318.0,5,25.64,0.2401156324117906,0.1041401536095902,18.954545454545453,true_negative
11541,0,0.24024122001836087,0,15.996666666666666,0.8297872340425532,67.97666666666667,4,13551.0,9,96.56,0.2310419315319696,0.4544830362912782,61.361702127659576,true_negative
11542,0,0.02509841739248511,0,1.5386111111111112,0.51,82.43138888888889,4,46209.0,20,155.32,0.1377234334688329,1.1050583531128622,94.6375,true_negative
11543,0,0.6232345040546851,1,61.36944444444445,1.0,22.5775,2,10386.0,4,47.84,0.2270739740425953,0.1685043568600107,30.55555555555556,false_positive
11544,0,0.045597824889497,0,4.9075,0.6282420749279539,79.04638888888888,4,39000.0,34,153.8,0.1638702002142526,1.0818883565528703,92.91066282420748,true_negative
11545,1,0.06667002445808067,0,6.996666666666667,0.651685393258427,76.96111111111111,4,42056.0,16,189.04,0.1811416484531587,1.753881228875954,117.79775280898876,false_negative
11546,0,0.043531411907537905,0,0.0433333333333333,0.4761904761904761,83.91805555555555,4,55248.0,27,244.6,0.1761672647263032,2.6574826859023077,153.80538302277432,true_negative
11547,0,0.09192407534733606,0,0.8488888888888889,0.3674121405750798,83.10638888888889,3,29739.0,14,167.84,0.2129268205433065,1.3750562502118224,102.926517571885,true_negative
11548,0,0.06344635272159921,0,7.610277777777778,0.631578947368421,76.31888888888889,4,69749.0,13,215.8,0.1689923890817486,2.129375650917521,137.15587044534414,true_negative
11549,0,0.06545990114184796,0,7.054166666666666,0.4601226993865031,76.88194444444444,4,17847.0,16,72.2,0.1848436755346551,0.37903752098756,56.31901840490798,true_negative
11550,1,0.04892320275461585,0,2.9344444444444444,0.4852459016393443,80.99972222222222,4,31532.0,14,156.48,0.1857213641795292,1.1379412614927125,91.72459016393442,false_negative
11551,1,0.045940830184801114,0,3.908333333333333,0.4006024096385542,80.00555555555556,4,36038.0,10,166.84,0.182684669980126,0.9375202152521772,96.1867469879518,false_negative
11552,0,0.12893800650059842,0,12.784444444444444,0.7452229299363057,71.14194444444445,4,34763.0,15,150.04,0.1799004901810161,1.0135695218356586,90.63057324840764,true_negative
11553,0,0.4037439511312677,1,9.214166666666667,0.9824561403508772,74.68972222222222,3,7306.0,8,21.88,0.2396935068567725,0.0660377427370813,14.350877192982455,false_positive
11554,0,0.0770762563553695,0,3.018611111111111,0.8731343283582089,80.87166666666667,4,16936.0,13,68.8,0.1788144032175014,0.2852312914738387,47.70149253731344,true_negative
11555,1,0.7244532572548041,1,52.99472222222222,1.0,30.92333333333333,2,1657.0,4,8.0,0.1815793766433536,0.0326331404635093,8.0,true_positive
11556,0,0.04830152258596381,0,0.0233333333333333,0.5719298245614035,83.60138888888889,4,33969.0,7,166.64,0.1660078883466099,1.3747462182786376,104.7157894736842,true_negative
11557,0,0.10588170246592166,0,2.685555555555556,0.4824561403508772,81.20416666666667,4,15109.0,13,56.76,0.1849193644282286,0.1893235230781575,36.3859649122807,true_negative
11558,0,0.08337739261607259,0,0.0197222222222222,0.3350515463917525,83.85583333333334,4,23787.0,14,100.8,0.1978536766634249,0.417704573617871,67.89690721649484,true_negative
11559,1,0.09375400855000987,0,4.725833333333333,0.4347826086956521,79.45194444444445,4,18535.0,9,99.96,0.1987885822189587,0.4566403708300636,60.50931677018634,false_negative
11560,0,0.06815390905085612,0,2.2155555555555555,0.4743777452415813,81.66444444444444,4,67100.0,10,220.6,0.183299460733794,2.5663444094177184,147.41288433382138,true_negative
11561,0,0.39773435448624156,1,28.988333333333333,0.9305555555555556,54.873333333333335,3,17434.0,9,105.16,0.2426434607706431,0.5005506180032999,62.90277777777778,false_positive
11562,0,0.0992342366930757,0,5.04,0.6048780487804878,78.8086111111111,4,27245.0,14,123.16,0.2128453675755293,0.5768085737906143,83.25365853658536,true_negative
11563,0,0.0683286979175325,0,8.249166666666667,0.7284768211920529,75.57527777777777,4,34617.0,17,103.04,0.197697852182101,0.5460655419964683,75.1092715231788,true_negative
11564,1,0.6681990480970718,1,48.77777777777778,1.0,35.03472222222222,2,1825.0,4,8.88888888888889,0.2140862533366049,0.0388083378064764,8.88888888888889,true_positive
11565,0,0.26974286248997636,0,18.49277777777778,0.7108433734939759,65.32194444444444,4,8559.0,14,55.92,0.2311602921574612,0.1964522126449356,37.31325301204819,true_negative
11566,1,0.5973266433469717,1,32.18277777777778,0.6666666666666666,51.519444444444446,2,2053.0,2,12.875,0.2298864442226992,0.050034961369505,12.875,true_positive
11567,0,0.6704513178025349,1,14.706111111111111,0.5555555555555556,69.06111111111112,2,903.0,2,5.444444444444445,0.1717081324244393,0.0202055605766713,5.444444444444445,false_positive
11568,0,0.2697785957176512,0,2.0955555555555554,0.46875,81.72694444444444,2,5295.0,6,62.68,0.2155386592461427,0.218884784135419,38.671875,true_negative
11569,0,0.14698622819699336,0,6.986111111111111,0.5208333333333334,76.81444444444445,4,20803.0,10,139.92,0.2310229832100558,0.8719569532129839,86.6625,true_negative
11570,0,0.07492968722903157,0,1.930555555555556,0.1076233183856502,81.86055555555555,4,24621.0,19,110.32,0.1851954698045692,0.5683192348026228,73.58744394618834,true_negative
11571,0,0.1054349519491996,0,2.2780555555555555,0.5777777777777777,81.51166666666667,4,17102.0,22,105.44,0.2216589505598398,0.6284692327000877,70.47222222222223,true_negative
11572,1,0.46277495968323007,1,0.06,0.7916666666666666,57.528055555555554,2,1671.0,3,11.875,0.2484049727177015,0.0531130955445402,11.875,true_positive
11573,0,0.14332271446130132,0,4.448888888888889,0.5161290322580645,79.36861111111111,4,17794.0,11,145.48,0.2236201515575625,1.1160585874513145,102.16666666666669,true_negative
11574,1,0.5573351622384013,1,35.223055555555554,0.9090909090909092,48.507777777777775,3,1183.0,4,2.5454545454545454,0.1975711098170566,0.0176956245446809,2.5454545454545454,true_positive
11575,0,0.10288800583224152,0,1.6741666666666666,0.4603174603174603,82.095,4,13292.0,16,80.44,0.2324930453338418,0.3678600680932599,50.42857142857143,true_negative
11576,0,0.5306898327737003,1,29.65861111111111,0.8076923076923077,54.090833333333336,2,3196.0,2,14.48,0.269041076179028,0.0629048035466407,13.961538461538462,false_positive
11577,0,0.21584322504625914,0,1.7627777777777778,0.6575342465753424,82.00444444444445,4,6407.0,7,44.8,0.24170505813253,0.2097219991134784,31.45205479452055,true_negative
11578,0,0.6092909941875105,1,51.94111111111111,1.0,31.802222222222223,2,7404.0,4,37.4,0.2832972717882969,0.1252420572951553,24.943396226415093,false_positive
11579,0,0.6365567546658604,1,50.64861111111111,1.0,33.10194444444444,2,2051.0,5,13.136363636363637,0.2502942836186336,0.0525441445178144,13.136363636363637,false_positive
11580,0,0.03186972180143873,0,2.3766666666666665,0.5516304347826086,81.37388888888889,4,43595.0,21,117.24,0.1411933576835205,0.711713378109958,75.52717391304348,true_negative
11581,0,0.08543887209033608,0,3.4919444444444445,0.1764705882352941,80.24777777777778,4,41330.0,11,101.44,0.2226003006295716,0.6103711022162528,73.13725490196079,true_negative
11582,1,0.6779991790337885,1,55.01361111111111,1.0,30.025277777777777,2,4016.0,4,19.92,0.2687565904492662,0.0699877419626111,15.5,true_positive
11583,0,0.03476962116244468,0,0.7211111111111111,0.4619883040935672,83.00583333333333,4,41575.0,24,170.64,0.1890633140696746,1.4141204475718665,104.453216374269,true_negative
11584,1,0.6058038575909377,1,55.84333333333333,1.0,27.86583333333333,2,3761.0,6,19.88,0.2186649471124115,0.0833588138552265,15.564102564102564,true_positive
11585,0,0.19717653029993754,0,9.162222222222224,0.56,74.55166666666666,3,8217.0,4,71.4,0.2089721122308162,0.3174277635123177,47.02,true_negative
11586,0,0.06999367425421377,0,2.785277777777778,0.4746543778801843,80.92444444444445,4,38928.0,15,176.64,0.2500711575136917,1.8490464100290505,119.57142857142856,true_negative
11587,0,0.028264737079078634,0,1.168611111111111,0.4222972972972973,82.5475,4,65960.0,16,215.64,0.1539231888921125,2.476620653599285,147.26351351351352,true_negative
11588,1,0.465739150452513,1,7.901111111111111,0.967741935483871,75.80305555555556,3,4025.0,5,15.68,0.2716952021101448,0.0664224997594786,13.32258064516129,true_positive
11589,0,0.05359628167663866,0,1.1219444444444444,0.6376146788990825,81.60638888888889,4,26078.0,21,105.36,0.189612037756896,0.6430949100957257,69.3348623853211,true_negative
11590,1,0.571698742072383,1,28.913055555555555,0.9897959183673468,54.76888888888889,3,13368.0,8,52.8,0.21983782286056,0.1902374960150981,33.785714285714285,true_positive
11591,1,0.6432612851843897,1,45.40833333333333,0.6,38.2775,2,1139.0,2,7.8,0.2682202007749888,0.0359027759808693,7.8,true_positive
11592,1,0.26165668522791813,0,8.56861111111111,0.9310344827586208,75.10694444444445,4,13268.0,6,68.12,0.2753601724248259,0.2786946039356313,44.76724137931034,false_negative
11593,1,0.7302116847339366,1,53.11555555555555,1.0,30.565555555555555,2,1731.0,2,18.56,0.2051741508564367,0.0574626310525761,16.344827586206897,true_positive
11594,1,0.3876111619714656,1,12.119166666666668,0.8928571428571429,71.55416666666666,4,2944.0,7,17.44,0.2521239080682388,0.0641400239235142,16.071428571428573,true_positive
11595,0,0.3162843098210319,0,8.036666666666667,0.546875,75.62027777777777,4,5764.0,6,66.8,0.2581790338685161,0.1470812820006759,38.375,true_negative
11596,1,0.06768586309752235,0,1.7136111111111112,0.7421052631578947,81.57333333333334,4,35172.0,12,99.8,0.1838243218030278,0.5895155978131453,64.93684210526315,false_negative
11597,0,0.29975117619506175,0,23.90277777777778,0.7716049382716049,59.74555555555556,4,19941.0,13,95.8,0.2292458429738768,0.4195640830488251,66.88888888888889,true_negative
11598,0,0.10412939604004058,0,3.6077777777777778,0.5420792079207921,80.05416666666666,4,28656.0,13,225.16,0.2598228227479047,2.6700905021771675,150.32920792079207,true_negative
11599,0,0.20850647580948184,0,3.188333333333333,0.8433734939759037,80.4525,4,8427.0,5,60.68,0.2501741651136244,0.1851246651802078,34.55421686746988,true_negative
11600,1,0.45790284218603594,1,28.61888888888889,0.7692307692307693,55.013333333333335,3,6739.0,7,48.64,0.248208000916093,0.190162806312362,32.66153846153846,true_positive
11601,0,0.14477612956977984,0,8.563888888888888,0.5194805194805194,75.07777777777778,4,30499.0,5,140.08,0.1983481951204771,0.8472322786547968,80.2034632034632,true_negative
11602,1,0.7165033906956283,1,57.53944444444444,1.0,26.08,2,1806.0,3,9.947368421052632,0.2784042204872094,0.0354017866579062,9.947368421052632,true_positive
11603,0,0.08822695087723938,0,2.410277777777778,0.7304347826086957,81.21416666666667,4,13624.0,13,62.72,0.1925858348893722,0.2306832248100115,39.20869565217392,true_negative
11604,1,0.5985689426905251,1,37.08277777777778,0.9444444444444444,46.51111111111111,3,5458.0,3,20.36,0.2520664786243165,0.0517654876566215,15.916666666666666,true_positive
11605,1,0.4046032514112858,1,10.313055555555556,0.7241379310344828,73.29194444444444,3,4821.0,3,44.56,0.2427389579728029,0.1760139469790714,29.70689655172414,true_positive
11606,1,0.05541765010311203,0,0.8961111111111111,0.6645962732919255,82.71333333333334,4,19297.0,20,84.92,0.1780075722134831,0.404651241194898,55.09316770186335,false_negative
11607,0,0.09565331567168685,0,0.0208333333333333,0.833976833976834,83.57583333333334,4,28165.0,15,143.4,0.1942797895397998,0.7957765008721845,76.85714285714286,true_negative
11608,0,0.5952443129435347,1,61.60027777777778,1.0,21.99361111111111,2,7645.0,4,71.96,0.2306985483103047,0.3292924341962164,46.26829268292683,false_positive
11609,0,0.06098463219053905,0,3.281388888888889,0.6069651741293532,80.28027777777778,4,22038.0,15,97.2,0.1713702886383209,0.375691121243786,60.52238805970149,true_negative
11610,0,0.0661102210903461,0,6.990833333333334,0.8354430379746836,76.59083333333334,4,26190.0,13,114.0,0.1809095249726047,0.6068738356082025,70.78059071729957,true_negative
11611,0,0.3052691777871024,0,4.273611111111111,0.8545454545454545,79.29777777777778,3,8476.0,5,36.92,0.2451828904430748,0.1161724486742216,24.072727272727278,true_negative
11612,0,0.044277342545647795,0,5.440277777777778,0.4977168949771689,78.13138888888889,4,43278.0,16,187.44,0.1450893917367168,1.6626422251276496,113.39954337899545,true_negative
11613,0,0.09296716746556721,0,3.8338888888888887,0.6588785046728972,79.73444444444445,4,26708.0,16,134.76,0.2003262387573664,0.6663147251175242,80.62616822429906,true_negative
11614,1,0.41891932660435033,1,33.083333333333336,0.891566265060241,50.475,3,9679.0,6,70.68,0.2214382373074084,0.210015348492848,42.795180722891565,true_positive
11615,1,0.4774289218714585,1,47.234722222222224,0.9776951672862454,36.32888888888889,3,32317.0,11,100.4,0.1889751557021227,0.5821737417156941,68.1263940520446,true_positive
11616,0,0.07195955149437425,0,1.178611111111111,0.5679611650485437,82.36694444444444,4,26494.0,18,145.6,0.200779402290471,1.0016169720107928,86.20873786407768,true_negative
11617,0,0.08386391723784987,0,1.071388888888889,0.765625,82.48805555555556,4,13933.0,13,94.72,0.2070583603187238,0.3781939716426112,55.90625,true_negative
11618,1,0.5512406199425232,1,36.54222222222222,0.94,46.99527777777778,3,5062.0,3,38.72,0.2544083988444639,0.1462780484003208,26.98,true_positive
11619,0,0.5346650344904357,1,51.196666666666665,1.0,32.33888888888889,2,13067.0,6,71.0,0.2230415319971397,0.364899334469646,53.37795275590551,false_positive
11620,0,0.0321366453304118,0,2.0675,0.6524216524216524,81.47666666666667,4,37444.0,20,148.92,0.179366063165704,1.0630731300465617,99.2079772079772,true_negative
11621,0,0.07764764846278926,0,8.23611111111111,0.7509433962264151,75.27305555555556,4,29305.0,13,143.16,0.1988341614805368,0.9203031131197552,87.84150943396226,true_negative
11622,1,0.3002446093857159,0,9.886944444444444,0.2191780821917808,73.65083333333334,2,5432.0,2,50.44,0.2175894683378649,0.2106571717035299,33.054794520547944,false_negative
11623,1,0.6480408380880093,1,53.18638888888889,1.0,30.32583333333333,2,2097.0,3,16.72,0.2501724616664195,0.0437584655049371,15.592592592592592,true_positive
11624,1,0.49172047758501153,1,49.15472222222222,1.0,33.784166666666664,2,9746.0,6,70.04,0.2359136395752109,0.2931478881717178,45.75824175824176,true_positive
11625,0,0.07558634744053462,0,1.845,0.6722972972972973,81.65916666666666,4,31546.0,20,142.12,0.2160902123316131,0.870083532594494,87.29729729729729,true_negative
11626,0,0.11408077051310835,0,10.391944444444444,0.7310924369747899,73.10916666666667,4,12863.0,13,65.52,0.2078084385133211,0.2709932717353853,42.445378151260506,true_negative
11627,0,0.046597033515115883,0,6.0969444444444445,0.5856573705179283,77.38333333333334,4,66728.0,20,198.48,0.1686195288600173,1.9214152558214523,128.59561752988049,true_negative
11628,1,0.6883849128422976,1,15.794166666666667,0.8181818181818182,67.67388888888888,2,1025.0,2,5.818181818181818,0.3077055985918263,0.0232553297604411,5.818181818181818,true_positive
11629,0,0.3178972768898968,0,11.988888888888887,0.6285714285714286,71.46666666666667,4,7989.0,9,48.04,0.2742676063730694,0.1842436906777711,34.24285714285714,true_negative
11630,0,0.5257472175234755,1,11.336666666666666,0.7,72.12527777777778,3,745.0,4,8.3,0.2336308348902149,0.0479003871103331,8.3,false_positive
11631,0,0.5517195681923873,1,35.40111111111111,0.76,48.04972222222222,3,4939.0,5,47.64,0.2752242597132021,0.1221410834741995,31.84,false_positive
11632,1,0.6510286196369008,1,54.25194444444445,1.0,28.711944444444445,2,3674.0,3,17.96,0.2294942596096514,0.0553819751587531,15.8,true_positive
11633,0,0.35436727756132047,1,3.115833333333333,0.3428571428571428,80.2025,3,2842.0,5,23.12,0.2470713695646125,0.078457013512458,19.142857142857142,false_positive
11634,1,0.5859205380186734,1,57.36861111111112,1.0,26.074166666666667,2,8540.0,4,59.24,0.2305386940841505,0.2661889304064013,38.5566037735849,true_positive
11635,0,0.1167055623039959,0,0.0294444444444444,0.3619047619047619,83.39416666666666,4,14670.0,9,71.56,0.2164804531125894,0.3528608002050538,44.71428571428572,true_negative
11636,1,0.6082575488920611,1,59.79111111111112,1.0,23.636666666666667,2,4755.0,4,53.44,0.2602902900245816,0.16530769948373,33.29032258064516,true_positive
11637,0,0.0718128020767087,0,0.0105555555555555,0.3449781659388646,83.34027777777777,4,26849.0,12,153.36,0.2001534265309895,1.1757863466020593,92.99126637554583,true_negative
11638,0,0.268217631413845,0,9.121944444444445,0.5869565217391305,74.285,3,7494.0,5,26.4,0.2078122083399374,0.0958505264636865,19.717391304347824,true_negative
11639,0,0.3591304785005474,1,27.273888888888887,0.6864406779661016,56.13444444444445,3,12368.0,5,96.76,0.2463194315999661,0.4708790928894684,60.60169491525424,false_positive
11640,0,0.7494535304065005,1,56.71666666666667,1.0,26.66861111111111,2,1570.0,2,12.142857142857142,0.2673864518394738,0.0555152466431078,12.142857142857142,false_positive
11641,0,0.20771097361041946,0,1.1536111111111111,0.7951807228915663,82.25805555555556,4,8427.0,5,50.2,0.220091620160104,0.2258659476594449,35.25301204819277,true_negative
11642,0,0.221438507324429,0,2.626388888888889,0.8636363636363636,80.50472222222223,3,6711.0,4,81.24,0.2123379043654245,0.4791090602410652,75.0909090909091,true_negative
11643,0,0.07659046299481014,0,2.7155555555555555,0.6449704142011834,80.69305555555556,4,19790.0,9,91.36,0.2022460138462598,0.4557545816767092,60.66272189349112,true_negative
11644,0,0.2801156694335455,0,2.4077777777777776,0.0555555555555555,80.98916666666666,3,3873.0,6,24.68,0.2274496714951913,0.0787143776345427,18.97222222222222,true_negative
11645,0,0.04562265176507281,0,0.3247222222222222,0.6521739130434783,83.06805555555556,4,75889.0,18,332.8,0.196716776609737,3.1842737018729856,209.60745341614907,true_negative
11646,0,0.5192711618670168,1,31.721666666666668,0.44,51.63861111111111,2,3754.0,7,28.84,0.2837139210294885,0.0757283712994081,20.02,false_positive
11647,0,0.7302888479326682,1,61.14805555555556,1.0,22.226666666666667,2,4274.0,4,18.8,0.2810747020623194,0.0677697992724042,15.72222222222222,false_positive
11648,0,0.2592012580110474,0,23.085,0.8250825082508251,60.29194444444445,4,40853.0,14,137.32,0.1906601611018091,0.9174830628393756,85.21452145214522,true_negative
11649,0,0.08095545699427238,0,0.185,0.3647540983606557,83.18333333333334,4,25522.0,24,147.8,0.1926833589410723,1.1519338085556512,92.34426229508196,true_negative
11650,1,0.6392868572699166,1,71.95722222222223,1.0,11.42361111111111,2,8478.0,5,69.36,0.1968802079202071,0.2959459967501652,45.577777777777776,true_positive
11651,1,0.4557548671667072,1,0.5172222222222222,0.9821428571428572,82.74666666666667,3,5785.0,3,57.16,0.2958647817810891,0.1602337485188976,36.785714285714285,true_positive
11652,1,0.1133029328651787,0,0.6272222222222222,0.8738738738738738,82.74555555555555,3,19147.0,7,107.56,0.1791698239564044,0.6150308078014983,71.48198198198199,false_negative
11653,0,0.05056625718491972,0,0.6633333333333333,0.5289017341040463,82.70222222222222,4,34150.0,10,186.68,0.1613024022502266,1.936557758554721,128.65317919075144,true_negative
11654,0,0.10717667480931671,0,4.135,0.2954545454545454,79.20583333333333,4,14120.0,15,98.2,0.2140726536639301,0.4830873458243434,63.70454545454545,true_negative
11655,0,0.6479873999822805,1,11.742777777777778,0.3333333333333333,71.59083333333334,2,941.0,2,5.5,0.2335710645111477,0.0129807856880766,5.5,false_positive
11656,1,0.5613701069058341,1,61.33166666666666,1.0,22.021944444444443,2,7765.0,3,83.04,0.2136086511029492,0.3963224284963846,51.6764705882353,true_positive
11657,0,0.3910785916976027,1,26.989722222222223,0.8913043478260869,56.33361111111111,3,4082.0,9,22.04,0.2226967917108417,0.0806700854771968,16.782608695652176,false_positive
11658,0,0.2266227960926087,0,2.180833333333333,0.2574257425742574,81.12555555555555,3,16004.0,7,162.24,0.2122428008398025,1.2633120437687315,102.18316831683168,true_negative
11659,0,0.3268735591951308,1,26.96472222222222,0.8544303797468354,56.339444444444446,3,14301.0,14,117.12,0.2112943065003787,0.5422623394075936,74.9620253164557,false_positive
11660,0,0.07010016963256442,0,5.063888888888889,0.57,78.21944444444445,4,31559.0,15,96.16,0.1955184794437271,0.4622266703094296,61.525,true_negative
11661,0,0.43336166531456183,1,10.148888888888887,0.4285714285714285,73.14722222222223,2,1934.0,2,16.523809523809526,0.247170068705212,0.0535970495087587,16.523809523809526,false_positive
11662,0,0.2150158003199972,0,3.248611111111111,0.1884057971014492,80.04694444444445,2,8522.0,6,32.52,0.2162778616976737,0.103780261151204,24.768115942028984,true_negative
11663,1,0.644274718225728,1,60.355555555555554,1.0,22.898333333333333,2,2256.0,3,17.32,0.2092979386564294,0.0538085711378711,16.73076923076923,true_positive
11664,0,0.40346218585593047,1,38.060833333333335,0.9389312977099236,45.16111111111111,3,16423.0,5,88.84,0.2146502396002984,0.4209579298739451,56.725190839694655,false_positive
11665,1,0.3263435314086991,1,8.676944444444445,0.3943661971830985,74.60861111111112,2,5736.0,2,60.68,0.2581126112430754,0.2275601200600736,40.49295774647887,true_positive
11666,0,0.6335198745736382,1,48.55972222222222,1.0,34.698055555555555,2,3050.0,5,33.56,0.2205437440033402,0.1100248153548198,23.444444444444443,false_positive
11667,0,0.62110253380446,1,55.45777777777778,1.0,27.781388888888888,2,12031.0,5,57.4,0.2256894194109888,0.1979762884758062,46.035714285714285,false_positive
11668,1,0.660121364817807,1,1.265,0.5,81.935,2,1220.0,2,6.625,0.2274395082740073,0.0200041687944298,6.625,true_positive
11669,1,0.5924170371078442,1,48.04444444444445,1.0,35.219166666666666,2,11781.0,7,39.88,0.2270893555878879,0.1403033432963716,27.272727272727277,true_positive
11670,0,0.12407979153787324,0,5.171666666666667,0.7761194029850746,78.09277777777778,4,13507.0,12,92.2,0.2201887277419719,0.4368967731909526,58.76119402985075,true_negative
11671,0,0.21045899664919143,0,15.285833333333333,0.8455284552845529,67.89305555555555,4,20876.0,8,85.56,0.1791357677934983,0.3863917607281342,53.89430894308943,true_negative
11672,0,0.04752160612093228,0,3.256111111111111,0.7447552447552448,79.95666666666666,4,35206.0,20,170.6,0.176586687612601,1.4425081022657582,107.56293706293708,true_negative
11673,1,0.6926488128380309,1,50.10888888888889,1.0,33.10777777777778,2,1238.0,4,5.076923076923077,0.2634122883258487,0.0099224245384513,5.076923076923077,true_positive
11674,0,0.2729075521257094,0,25.102222222222224,0.7951807228915663,58.11138888888889,3,19876.0,15,74.76,0.1787556471061528,0.4113378747079792,50.72289156626506,true_negative
11675,0,0.2781700093053773,0,22.752777777777776,0.5542857142857143,60.348055555555554,4,16997.0,5,97.12,0.2242546092333406,0.5352760909745676,66.91428571428571,true_negative
11676,0,0.2812747586776578,0,1.5027777777777778,0.3809523809523809,74.38111111111111,2,4127.0,2,22.4,0.252865030786103,0.0693214383070741,18.214285714285715,true_negative
11677,1,0.6968664872247777,1,50.45166666666667,1.0,32.73027777777778,2,1676.0,2,10.266666666666667,0.2412845875291724,0.0382009096201763,10.266666666666667,true_positive
11678,1,0.5951554139150702,1,37.97277777777778,0.6,13.235555555555557,2,473.0,2,19.4,0.3539210625238337,0.1146638293291007,19.4,true_positive
11679,1,0.6729559998471207,1,7.436111111111111,0.625,75.63583333333334,2,1145.0,2,6.75,0.2351240134586545,0.0277482140987419,6.75,true_positive
11680,0,0.4809466661682892,1,6.105555555555555,0.7368421052631579,77.02555555555556,2,1633.0,4,10.789473684210526,0.3152526780717417,0.0496362553923524,10.789473684210526,false_positive
11681,0,0.1962490246935975,0,10.918055555555556,0.723404255319149,72.06138888888889,4,17493.0,14,91.28,0.2341280473209788,0.4011319162942985,57.46099290780142,true_negative
11682,0,0.12799347680087472,0,0.6058333333333333,0.238095238095238,82.54944444444445,4,12468.0,14,69.4,0.2546545399693243,0.2885886683259747,41.63095238095238,true_negative
11683,0,0.7784307131260647,1,69.06305555555555,1.0,14.070555555555556,2,3296.0,2,15.28,0.2713975395472436,0.0603959334844506,12.666666666666666,false_positive
11684,0,0.6845276710744644,1,6.053333333333334,0.6363636363636364,77.07944444444445,2,915.0,3,7.727272727272727,0.2147691707879727,0.0305586079854167,7.727272727272727,false_positive
11685,0,0.43547273630237643,1,32.87583333333333,0.5616438356164384,50.23916666666667,3,7703.0,5,67.2,0.2554472228378858,0.1864650386768139,43.49315068493151,false_positive
11686,0,0.048199591671613494,0,0.0213888888888888,0.8174904942965779,83.02444444444444,4,34011.0,15,102.76,0.1660669989253196,0.5883545406955335,68.787072243346,true_negative
11687,1,0.17049144023785381,0,11.345833333333331,0.75,71.80361111111111,4,12969.0,10,85.36,0.216108175366617,0.2836626940524974,59.97413793103448,false_negative
11688,0,0.11421038376436606,0,6.585277777777778,0.6194690265486725,74.745,4,13212.0,11,754.6,0.2092790575261035,3.859089745265821,591.929203539823,true_negative
11689,0,0.11431149227989786,0,2.276388888888889,0.8962264150943396,80.83333333333333,4,14781.0,9,70.72,0.202063144900708,0.3406767483967202,47.801886792452834,true_negative
11690,0,0.07642580732116479,0,0.8541666666666666,0.545,82.21555555555555,4,22526.0,15,144.68,0.2021018830822236,1.0034645593548213,87.195,true_negative
11691,1,0.576562308746408,1,36.562777777777775,0.935483870967742,46.51861111111111,3,6722.0,4,49.0,0.2704143172948416,0.1367458336655896,30.12903225806452,true_positive
11692,1,0.5149224235608889,1,53.094722222222224,1.0,29.96638888888889,2,15699.0,10,152.92,0.2179346540437371,0.5192843245754017,75.63013698630137,true_positive
11693,0,0.11148520538572901,0,7.562777777777778,0.2328042328042328,75.54083333333334,4,21620.0,11,138.6,0.2032385047366393,0.8296328221402515,79.83068783068784,true_negative
11694,0,0.0650026147656466,0,0.6322222222222222,0.3355263157894737,82.48361111111112,4,36476.0,9,273.28,0.2026050217195319,2.9993190844439868,177.4188596491228,true_negative
11695,0,0.0320036995380492,0,2.763888888888889,0.5177304964539007,80.305,4,58947.0,23,226.92,0.1561471182251953,2.232212655083214,149.40425531914894,true_negative
11696,1,0.21711656156563308,0,9.693055555555556,0.4835164835164835,73.33027777777778,4,9624.0,6,78.8,0.2855417839404848,0.1658726057783259,44.08791208791209,false_negative
11697,0,0.0288454947865346,0,1.695,0.4628751974723539,81.30916666666667,4,84975.0,18,211.72,0.1328357820977069,2.2310948484273903,137.34123222748815,true_negative
11698,0,0.689738506518869,1,48.458888888888886,1.0,34.63,2,2237.0,3,20.2,0.2518719951216631,0.0525606933176888,16.575757575757574,false_positive
11699,0,0.3065765491529245,0,14.676111111111112,0.8235294117647058,68.35777777777778,4,10974.0,6,52.6,0.2608333941343886,0.204196000692322,46.15966386554622,true_negative
11700,0,0.15675336953055327,0,8.855277777777777,0.7282608695652174,74.16305555555556,4,33663.0,8,157.88,0.2448393708932414,1.2666936971481513,94.66666666666669,true_negative
11701,0,0.7722200707329073,1,54.145833333333336,1.0,28.91777777777778,2,1059.0,2,6.333333333333333,0.2602457544767683,0.0292616823397089,6.333333333333333,false_positive
11702,0,0.04595244125031059,0,0.9805555555555556,0.5,82.04444444444445,4,31262.0,24,131.52,0.1692967104692188,0.7937699027337299,80.65517241379311,true_negative
11703,1,0.5842118428850521,1,52.89555555555555,1.0,30.101388888888888,2,4970.0,3,37.32,0.2571885458072295,0.1254725799894325,25.55172413793104,true_positive
11704,0,0.48889272598872585,1,33.721111111111114,0.8285714285714286,49.32861111111111,3,3929.0,4,21.24,0.2419771472190361,0.0557482051508806,17.0,false_positive
11705,0,0.49861105399036243,1,38.65444444444445,0.941747572815534,44.32833333333333,2,13792.0,2,64.24,0.2404798434820989,0.2111568966569661,52.96116504854369,false_positive
11706,0,0.11475800081096284,0,5.6033333333333335,0.7862595419847328,77.41916666666667,4,24604.0,11,196.16,0.2027226157751822,1.8132280425096008,115.63358778625954,true_negative
11707,0,0.11162837081551183,0,11.3775,0.7052631578947368,71.63722222222222,4,36392.0,10,158.12,0.1665137404573544,1.17533264150819,94.27368421052633,true_negative
11708,1,0.5228698851967264,1,28.36833333333333,0.8857142857142857,54.62833333333333,2,3772.0,2,20.72,0.2432264704572591,0.0631943610356852,16.37142857142857,true_positive
11709,0,0.058637430522912745,0,6.060555555555555,0.743455497382199,76.93583333333333,4,51439.0,6,144.8,0.1585349730866559,0.8813439902678601,87.93717277486911,true_negative
11710,1,0.33719951645497054,1,11.104166666666666,0.6666666666666666,71.85777777777778,4,4540.0,9,16.48,0.2812737036807352,0.0590096925221075,14.233333333333333,true_positive
11711,1,0.4133313494585489,1,8.216666666666667,0.6551724137931034,74.43277777777777,4,3399.0,7,19.2,0.2366768144233165,0.058903757554942,17.03448275862069,true_positive
11712,0,0.5215518380636675,1,12.250833333333333,0.8064516129032258,70.73666666666666,2,2187.0,4,19.8,0.2481073176304045,0.0668589352883141,16.64516129032258,false_positive
11713,1,0.07627888139737798,0,9.698055555555555,0.6795454545454546,73.29388888888889,4,43544.0,13,164.88,0.1834140105592075,1.3525425982253294,107.23863636363636,false_negative
11714,0,0.07763419719082172,0,2.5080555555555555,0.450261780104712,80.45305555555555,4,24191.0,19,116.28,0.2074361957948083,0.6269574262731347,72.43979057591623,true_negative
11715,0,0.16326609745814197,0,14.473333333333333,0.8012820512820513,68.50194444444445,4,15667.0,9,71.72,0.2136447927809981,0.2717468999883417,51.5,true_negative
11716,0,0.11146984882453041,0,0.9586111111111112,0.3809523809523809,82.00666666666666,4,22908.0,10,130.2,0.2167177553995279,0.69311451594815,82.04285714285714,true_negative
11717,0,0.5345828445775821,1,36.95611111111111,0.813953488372093,46.01555555555556,3,8410.0,7,50.12,0.2614498849918275,0.1822391762702716,33.43023255813954,false_positive
11718,1,0.5637748746011552,1,4.747222222222222,0.5555555555555556,78.21083333333333,2,1434.0,3,8.5,0.2595819290452891,0.0461589259097648,8.5,true_positive
11719,1,0.802921950164906,1,59.98833333333334,1.0,22.941944444444445,2,920.0,2,5.25,0.2232838138041772,0.0126622970710577,5.25,true_positive
11720,0,0.21926847435167166,0,13.24611111111111,0.7051282051282052,69.71194444444444,4,8268.0,7,501.52,0.1485384648236881,3.081330135627235,445.6410256410256,true_negative
11721,1,0.8151016977671449,1,68.27527777777777,1.0,14.665555555555557,2,607.0,3,5.333333333333333,0.1538986997221753,0.0192507548229016,5.333333333333333,true_positive
11722,0,0.31414464002764797,0,26.756666666666668,0.6242038216560509,56.19027777777778,3,18107.0,9,109.2,0.2109954850166308,0.4596746364604074,60.86624203821656,true_negative
11723,0,0.27466486591384887,0,4.943611111111111,0.3037974683544304,77.97527777777778,3,7526.0,3,55.24,0.2377934469772769,0.1934359046027989,34.56962025316456,true_negative
11724,0,0.15066014631134883,0,1.8,0.901840490797546,81.12944444444445,4,23925.0,15,30.08,0.1772806531662794,0.0910681476629691,20.20245398773006,true_negative
11725,1,0.5568556461091049,1,53.19916666666666,1.0,29.72111111111111,2,2718.0,3,22.28,0.2408374868785609,0.0758777758342878,17.485714285714284,true_positive
11726,0,0.1170356281235219,0,2.3866666666666667,0.4620253164556962,80.56083333333333,4,17411.0,8,93.04,0.2337608701869153,0.4217717743975345,56.19620253164557,true_negative
11727,0,0.5917478497844145,1,31.04277777777778,0.9517241379310344,51.88944444444444,3,10219.0,7,45.72,0.166264452704129,0.1889855077785536,32.12413793103448,false_positive
11728,0,0.08501511873706181,0,0.0055555555555555,0.581081081081081,82.93166666666667,4,23432.0,16,111.88,0.2017078873909351,0.5761501653607809,86.53153153153153,true_negative
11729,0,0.2826941302389502,0,12.592777777777778,0.4468085106382978,70.32388888888889,4,5094.0,4,30.8,0.2522565086257358,0.0970557449996333,21.382978723404257,true_negative
11730,0,0.07822838840283228,0,9.019166666666669,0.5940054495912807,73.88805555555555,4,47709.0,9,105.88,0.1445913801054039,0.6015060314419864,66.66212534059946,true_negative
11731,0,0.14394335728252214,0,7.058055555555556,0.6147540983606558,75.83222222222223,4,12140.0,10,69.44,0.2296903098850709,0.2864570564739961,44.90163934426229,true_negative
11732,0,0.6935006709030259,1,3.8202777777777777,0.2857142857142857,79.10305555555556,2,1175.0,2,7.714285714285714,0.2587397178029704,0.0309639464475095,7.714285714285714,false_positive
11733,1,0.5657200449414056,1,27.864444444444445,0.7777777777777778,55.03111111111111,3,1822.0,4,7.388888888888889,0.241396886496163,0.0370285135772298,7.388888888888889,true_positive
11734,1,0.05818681292583789,0,1.5527777777777778,0.3178294573643411,81.34805555555556,4,73524.0,13,204.28,0.3206749417350875,3.123630414839092,165.37467700258398,false_negative
11735,1,0.0546784045007101,0,7.98,0.4899497487437186,74.91555555555556,4,37718.0,13,170.2,0.1808389549395631,1.5088668927312785,108.9748743718593,false_negative
11736,0,0.04601827307451868,0,0.0172222222222222,0.4942408376963351,82.88416666666667,4,84097.0,14,272.64,0.1942102346578186,3.315418546457262,192.7738219895288,true_negative
11737,0,0.07447391344064586,0,2.4652777777777777,0.5963302752293578,80.39305555555555,4,33312.0,21,131.56,0.205268951342954,0.7425858926595116,80.34862385321101,true_negative
11738,0,0.16334287554182023,0,4.493888888888889,0.6483516483516484,78.37611111111111,4,16638.0,9,105.56,0.2524665323875272,0.5029950438754829,71.48901098901099,true_negative
11739,0,0.11336548904383881,0,7.5475,0.5964912280701754,75.13,4,26647.0,14,108.44,0.2178013305025533,0.6067112789140144,66.15204678362574,true_negative
11740,0,0.5707435837276994,1,27.698611111111116,0.9767441860465116,55.15416666666667,3,3365.0,6,23.48,0.2828778250026242,0.0619719833231937,16.88372093023256,false_positive
11741,1,0.5372905901290648,1,47.10305555555556,0.4444444444444444,34.915277777777774,3,3900.0,2,32.48,0.2480248889463442,0.1123729568394094,23.044444444444444,true_positive
11742,0,0.14081366427581232,0,4.3325,0.5882352941176471,78.51944444444445,4,13004.0,11,81.96,0.2579160291864134,0.3624734415585088,50.52941176470589,true_negative
11743,0,0.43433239282866837,1,5.035833333333334,0.9333333333333332,77.8,2,4893.0,2,32.96,0.2366372289766706,0.1149216635784779,22.977777777777774,false_positive
11744,0,0.5615550846845481,1,28.234166666666667,0.2307692307692307,54.58722222222222,2,1198.0,2,7.769230769230769,0.2143090150976629,0.0338165845879448,7.769230769230769,false_positive
11745,0,0.20689857580815854,0,0.5125,0.39,80.71444444444444,4,9541.0,18,53.6,0.2735365800987909,0.2144566370850945,37.17,true_negative
11746,1,0.6018076532868861,1,34.634166666666665,0.0588235294117647,42.04416666666667,2,1344.0,3,9.235294117647058,0.219307691470948,0.0316898182025158,9.235294117647058,true_positive
11747,0,0.5828520761037168,1,51.25888888888889,1.0,31.54388888888889,2,16489.0,5,107.36,0.2312247139566284,0.4859434969499554,65.84736842105264,false_positive
11748,0,0.5676441101151933,1,31.719444444444445,0.7586206896551724,51.06777777777778,2,2551.0,2,15.48,0.258297413346811,0.0571022850933078,13.689655172413794,false_positive
11749,0,0.25705460507605493,0,4.671111111111111,0.4777777777777778,78.0963888888889,3,7627.0,4,59.36,0.2587388017838495,0.2270667359383763,38.12222222222222,true_negative
11750,1,0.16408842466394513,0,4.0075,0.564935064935065,78.76416666666667,4,14430.0,4,107.32,0.2151670459101002,0.5986683205803923,68.07792207792208,false_negative
11751,0,0.08023959086037365,0,3.721944444444445,0.5692307692307692,79.05388888888889,4,23468.0,16,92.56,0.2106516520899413,0.435271727610621,58.86666666666667,true_negative
11752,0,0.032193411853323625,0,0.5280555555555555,0.7122093023255814,82.2088888888889,4,42085.0,17,165.2,0.1664180441672765,1.1383573647166616,96.625,true_negative
11753,1,0.741504086181351,1,54.85916666666667,1.0,27.89527777777778,2,1258.0,2,8.0,0.2254244327949684,0.0326331404635093,8.0,true_positive
11754,0,0.39781335865739265,1,35.73,0.7840909090909091,47.024166666666666,3,11419.0,6,68.96,0.23358785782827,0.2652606805179784,42.75,false_positive
11755,0,0.09650099172439855,0,1.6355555555555557,0.5142857142857142,81.0175,4,15003.0,10,68.88,0.202353568044093,0.2291030151241035,40.85714285714285,true_negative
11756,0,0.33161160308414356,1,13.758055555555556,0.7792207792207793,69.00138888888888,4,7775.0,7,51.28,0.2775217082592378,0.1804625961580633,31.350649350649352,false_positive
11757,1,0.628918737868577,1,45.05861111111111,0.935483870967742,37.68138888888889,2,2443.0,5,19.0,0.2705016684312956,0.0551571536970796,16.096774193548388,true_positive
11758,0,0.1381920265712838,0,0.7352777777777778,0.6946107784431138,81.98611111111111,4,22557.0,12,132.44,0.2194166563675978,0.7413315361748468,76.45508982035928,true_negative
11759,1,0.5663425241322477,1,39.30166666666667,0.8148148148148148,43.410833333333336,3,3643.0,5,13.56,0.2737628677989306,0.060697956311489,12.666666666666666,true_positive
11760,0,0.06612943385984314,0,0.5441666666666667,0.4956896551724138,82.18333333333334,4,30532.0,28,153.76,0.1852858522504057,0.9883389883489004,85.82327586206897,true_negative
11761,0,0.32907055818437153,1,14.304166666666667,0.7692307692307693,68.4186111111111,4,5678.0,10,22.88,0.2514834425985186,0.0570362466843601,17.333333333333332,false_positive
11762,1,0.377364662093117,1,33.34027777777778,0.8583690987124464,49.37555555555556,3,29567.0,8,103.88,0.2213681490233353,0.5823269739363892,73.07296137339056,true_positive
11763,1,0.5806880072360248,1,49.315,1.0,33.37416666666667,2,683.0,3,1.8,0.2161800803970935,0.0121711588010762,1.8,true_positive
11764,0,0.20446314545558952,0,0.0091666666666666,0.7545454545454545,82.68194444444444,3,10629.0,8,74.64,0.2339123716549575,0.2752733068603327,58.06363636363636,true_negative
11765,0,0.13490340868557188,0,9.18,0.6779026217228464,73.49805555555555,4,26682.0,12,148.4,0.2336015183223218,1.0907390285498373,92.30337078651684,true_negative
11766,0,0.40862255263709607,1,35.22888888888889,0.8925619834710744,47.45027777777778,3,11432.0,5,86.04,0.25619085647198,0.3658086310646886,54.74380165289256,false_positive
11767,0,0.12407345327060813,0,6.229166666666667,0.5,76.38166666666666,4,18450.0,10,103.96,0.2368389363340515,0.3919224559361471,58.95454545454545,true_negative
11768,0,0.0686184299512859,0,0.6305555555555555,0.7553956834532374,82.00777777777778,4,16183.0,26,83.08,0.1853400184475079,0.3780243906561238,52.15827338129496,true_negative
11769,1,0.7718025792108976,1,62.95305555555556,1.0,19.67805555555556,2,1481.0,4,10.952380952380953,0.2682358924352263,0.0610711717248497,10.952380952380953,true_positive
11770,1,0.499731294612905,1,30.17833333333333,0.7906976744186046,52.435,3,4957.0,6,21.28,0.261703122394159,0.0635082024885522,15.55813953488372,true_positive
11771,1,0.6945083481502743,1,71.35111111111111,1.0,11.285833333333333,2,6525.0,4,60.16,0.2430310846395736,0.2213451177107754,37.24096385542169,true_positive
11772,1,0.42697901032300106,1,37.51638888888889,0.7978723404255319,45.115833333333335,2,9081.0,4,92.72,0.2493856215676449,0.221338573243642,48.14893617021277,true_positive
11773,0,0.05237160246017437,0,2.1597222222222223,0.6785714285714286,80.45694444444445,4,42369.0,21,195.08,0.180619229652694,1.9950449513154769,124.35714285714286,true_negative
11774,0,0.08012061395929546,0,0.7980555555555555,0.531055900621118,81.825,4,48275.0,23,188.72,0.2801712614454993,1.962846879999736,127.23136645962732,true_negative
11775,1,0.6885675681579915,1,70.80055555555556,1.0,11.819722222222222,2,16180.0,2,142.36,0.2471622209116587,0.8789687885269061,83.82296650717703,true_positive
11776,0,0.05861181587310804,0,1.1580555555555556,0.508695652173913,81.44805555555556,4,27980.0,23,109.44,0.197066590858768,0.5318240163126843,75.31304347826087,true_negative
11777,0,0.06544771265625703,0,0.0338888888888888,0.6527196652719666,82.56861111111111,4,31124.0,8,128.04,0.1985614937695311,0.7350825182299054,83.27615062761507,true_negative
11778,0,0.37116370828733436,1,31.27722222222222,0.7230769230769231,51.31972222222223,3,9356.0,7,48.48,0.2361423436926826,0.1686195839918438,31.123076923076923,false_positive
11779,0,0.31098929756765076,0,25.71583333333333,0.7023809523809523,56.87361111111111,3,8945.0,8,64.36,0.2191038176023,0.2264666537008784,39.333333333333336,true_negative
11780,0,0.252109850952709,0,1.7413888888888889,0.5227272727272727,80.8463888888889,3,3928.0,9,32.32,0.2038954870930276,0.1408147356630311,26.068181818181817,true_negative
11781,0,0.4800743435686958,1,28.80555555555556,0.4761904761904761,53.7675,3,2914.0,5,11.0,0.2373472596095118,0.0530988398929042,11.0,false_positive
11782,0,0.12147737944437835,0,4.028611111111111,0.6470588235294118,78.5513888888889,4,10696.0,16,47.56,0.2394770738456813,0.2106977932349771,31.88235294117647,true_negative
11783,1,0.6965862765440076,1,70.815,1.0,11.768055555555556,2,1678.0,2,10.80952380952381,0.2312590621833631,0.0469322334304723,10.80952380952381,true_positive
11784,1,0.4968906296758978,1,49.27166666666667,1.0,33.299166666666665,2,10501.0,5,81.32,0.2356943864995108,0.33522963170346,48.791304347826085,true_positive
11785,0,0.6095660467264051,1,49.68305555555556,1.0,32.865833333333335,2,20975.0,5,62.4,0.2298988636900303,0.2467269799059989,47.8859649122807,false_positive
11786,0,0.05033810920027741,0,2.227777777777778,0.5127551020408163,80.30166666666666,4,36279.0,16,172.72,0.1834856715734345,1.5207019400266688,112.19132653061224,true_negative
11787,1,0.12462416456968346,0,4.029722222222222,0.8351648351648352,78.51194444444444,4,11335.0,13,63.48,0.2285409657350421,0.2481475321284696,39.91208791208791,false_negative
11788,1,0.39834136983916063,1,33.685,0.8555555555555555,48.84194444444445,3,9053.0,4,56.8,0.2504298945923494,0.1606457375285279,40.98888888888889,true_positive
11789,0,0.1277378679771181,0,7.079444444444444,0.6560509554140127,68.2775,4,17475.0,12,128.6,0.1957953735379174,0.8465493641487944,79.59235668789809,true_negative
11790,1,0.593844532495256,1,56.97555555555556,1.0,25.53611111111111,2,3479.0,2,25.4,0.2581918604264828,0.0933100022598177,18.97435897435897,true_positive
11791,0,0.262698310984498,0,5.253888888888889,0.7971014492753623,77.24111111111111,4,8194.0,6,60.0,0.2405026325890165,0.1593505116587894,34.666666666666664,true_negative
11792,0,0.042060795448617655,0,1.8952777777777776,0.7323420074349443,80.61277777777778,4,35244.0,23,140.92,0.185512782697448,0.909360600237498,87.44981412639405,true_negative
11793,0,0.08804765728201405,0,2.1733333333333333,0.5277777777777778,80.32666666666667,4,19367.0,15,131.56,0.2113925150413982,0.7059282379905755,75.78333333333333,true_negative
11794,1,0.510156430524614,1,32.56722222222222,0.982608695652174,49.92972222222223,3,12797.0,6,70.72,0.2403294345931303,0.2254696759898417,43.095652173913045,true_positive
11795,0,0.39777418057239816,1,25.96444444444445,0.8426966292134831,56.521388888888886,3,8271.0,5,69.6,0.2313959201548287,0.2479979387023445,51.146067415730336,false_positive
11796,1,0.5869148117089726,1,51.72555555555556,1.0,30.738888888888887,2,17611.0,3,125.16,0.2195374274139919,0.7381350011936976,73.64088397790056,true_positive
11797,1,0.6607210159518101,1,52.576388888888886,1.0,29.87638888888889,2,2412.0,3,11.869565217391305,0.2812557345138279,0.052412807346135,11.869565217391305,true_positive
11798,0,0.04773009714788497,0,4.059444444444445,0.635036496350365,78.40277777777777,4,36292.0,14,146.76,0.1726058774826627,1.1911916186809728,96.57299270072993,true_negative
11799,1,0.24033288777343229,0,6.901388888888889,0.7948717948717948,75.55722222222222,3,9141.0,7,66.8,0.2575806622982777,0.2320992698984136,40.24358974358975,false_negative
11800,1,0.4718594099201636,1,35.645,0.986842105263158,50.23888888888889,3,13324.0,10,110.04,0.2355520903679719,0.5073070430429132,69.78947368421052,true_positive
11801,0,0.232292194967942,0,4.74,0.2098765432098765,77.715,3,7092.0,3,43.96,0.2224970631572443,0.1879214254471974,30.98765432098765,true_negative
11802,1,0.48778493784753424,1,35.18694444444444,0.723404255319149,47.24111111111111,3,7665.0,5,33.48,0.2207662427269281,0.1187432660172038,22.829787234042552,true_positive
11803,0,0.36973728037012177,1,31.86805555555556,0.6216216216216216,50.57527777777778,3,8268.0,7,117.88,0.2294699698965014,0.2981146978444049,59.72072072072072,false_positive
11804,0,0.2717841715913552,0,11.350277777777778,0.9356435643564356,71.08333333333333,4,21296.0,8,130.84,0.2332558144038897,0.8266074576632739,82.13861386138613,true_negative
11805,0,0.14620900523271294,0,8.056944444444444,0.7207207207207207,74.34361111111112,4,16690.0,7,67.68,0.2309477940317216,0.233142234870124,38.88288288288288,true_negative
11806,1,0.386537041403441,1,10.176666666666666,0.6666666666666666,66.75861111111111,4,1747.0,7,17.72,0.1833956336942744,0.05941091042093,16.59259259259259,true_positive
11807,0,0.08036461153613228,0,0.0847222222222222,0.5827338129496403,82.32722222222222,4,17326.0,17,73.16,0.2178641091764368,0.2533287082280828,43.47482014388489,true_negative
11808,0,0.36548804647774175,1,25.1075,0.8854166666666666,57.29888888888889,3,21406.0,5,129.4,0.2171791593873017,0.7233042772535798,73.64583333333333,false_positive
11809,1,0.17178806256582801,0,0.4825,0.6578947368421053,81.93055555555556,4,10614.0,7,42.88,0.2414602628558169,0.1498719824446255,27.407894736842103,false_negative
11810,0,0.47824572477100463,1,32.43194444444445,0.9927007299270072,49.95805555555555,2,14307.0,2,101.8,0.2075600789251589,0.4563796347212073,60.45255474452555,false_positive
11811,0,0.08210206042606193,0,0.1069444444444444,0.773109243697479,82.73194444444445,4,14461.0,11,77.2,0.2003094618408607,0.278599799242994,47.596638655462186,true_negative
11812,0,0.051135140959085015,0,3.4433333333333334,0.4518072289156626,78.9588888888889,4,32239.0,9,175.48,0.1890894361009523,1.4112780594595171,105.47289156626506,true_negative
11813,1,0.6385522420687836,1,57.42083333333333,1.0,24.601944444444445,2,18978.0,6,65.44,0.301666532805499,0.1607163509090506,33.41142857142857,true_positive
11814,0,0.09200061737640942,0,3.917222222222222,0.7906976744186046,78.48777777777778,4,21668.0,10,121.12,0.1997059759626751,0.426934933357632,74.51162790697674,true_negative
11815,0,0.08732226198070299,0,4.411666666666667,0.538860103626943,77.97472222222223,4,21772.0,13,102.56,0.1965480551348098,0.6015153716463575,65.60621761658031,true_negative
11816,1,0.3971058208517424,1,27.141944444444444,0.703125,55.25361111111111,2,4703.0,2,61.12,0.2446036288528935,0.143783656727243,35.5625,true_positive
11817,1,0.7620871171470391,1,53.37,1.0,28.944166666666668,2,620.0,3,3.75,0.2211648455087039,0.0130745603021287,3.75,true_positive
11818,1,0.41970663361107446,1,33.75972222222222,0.8148148148148148,48.60361111111112,3,6791.0,5,57.72,0.2450904672644067,0.2139128574123717,36.34567901234568,true_positive
11819,0,0.03989690010730661,0,0.8080555555555555,0.5652173913043478,81.56888888888889,4,29150.0,22,149.24,0.1860827508184459,1.023133030241217,87.28623188405797,true_negative
11820,0,0.505003853693038,1,47.985277777777775,0.990909090909091,34.35305555555556,3,9932.0,4,105.56,0.2184200425337606,0.2576930946288396,54.27272727272727,false_positive
11821,1,0.3283765118647872,1,2.9825,0.7894736842105263,79.37388888888889,3,5704.0,4,39.96,0.2273915458940949,0.1451127107832466,26.84210526315789,true_positive
11822,0,0.06633946589170657,0,4.842222222222222,0.672566371681416,77.51972222222223,4,44555.0,27,195.96,0.1769796877556384,2.12678913219017,124.96755162241888,true_negative
11823,0,0.3612610557305319,1,3.826388888888889,0.8181818181818182,78.52638888888889,2,11539.0,3,86.6,0.2177868588400606,0.3284403546904311,60.018181818181816,false_positive
11824,0,0.17296671494862031,0,8.848611111111111,0.1709401709401709,73.48444444444445,3,14057.0,5,66.84,0.2270741745913329,0.2079174440975013,40.8034188034188,true_negative
11825,0,0.056990489318479345,0,2.755,0.6794425087108014,79.57083333333334,4,50047.0,19,257.0,0.2226810100753173,3.009460962743536,166.39895470383274,true_negative
11826,1,0.7337875482979562,1,32.03666666666667,0.3333333333333333,50.29583333333333,2,133.0,2,2.0,0.0838870492807861,0.0087810880958289,2.0,true_positive
11827,1,0.3769216506478471,1,5.105833333333333,0.8554216867469879,77.22055555555555,2,5783.0,3,73.68,0.2527116159831053,0.2274349431998272,42.6144578313253,true_positive
11828,1,0.6364892014660272,1,71.8386111111111,1.0,10.490833333333333,2,13029.0,5,75.32,0.2224710935902702,0.3335176754540442,48.333333333333336,true_positive
11829,1,0.7581858598108809,1,52.3025,1.0,30.02027777777778,2,1049.0,3,8.0,0.277797017559973,0.0326331404635093,8.0,true_positive
11830,0,0.37115599852330994,1,27.122222222222224,0.8833333333333333,47.01472222222223,3,7211.0,6,44.72,0.233787143797393,0.1855027744610416,31.65,false_positive
11831,0,0.11067556634600423,0,2.0236111111111112,0.6649484536082474,80.27027777777778,4,25490.0,10,98.28,0.2564408726787536,0.4578310886956447,58.49484536082474,true_negative
11832,0,0.14619943893601944,0,4.558888888888889,0.8484848484848485,77.74222222222222,4,10587.0,7,82.04,0.2137210079939913,0.3363275725909301,49.41414141414141,true_negative
11833,0,0.12004723256227987,0,3.5025,0.8231292517006803,78.78027777777778,4,41655.0,9,195.44,0.2251360668608318,1.9215324423730848,121.08843537414964,true_negative
11834,1,0.4621933305099232,1,38.013888888888886,0.9433962264150944,44.26472222222223,3,21836.0,12,174.12,0.2287917730383044,0.9453666087843436,97.16037735849056,true_positive
11835,0,0.2364355570790722,0,6.536944444444444,0.5022421524663677,75.75666666666666,3,23565.0,9,183.0,0.3654764285334628,2.387834558711265,135.81614349775785,true_negative
11836,0,0.12066273085084758,0,2.998611111111111,0.8587360594795539,79.26055555555556,4,38500.0,13,194.44,0.2006701879759106,1.917593256650916,116.1263940520446,true_negative
11837,0,0.0733111532444691,0,0.6019444444444444,0.7229299363057324,81.66916666666667,4,29310.0,7,180.88,0.2052373268077212,1.5972409784308272,109.36305732484075,true_negative
11838,0,0.6846238244213715,1,26.239166666666662,0.8,56.02555555555556,2,603.0,2,4.8,0.2742774195347862,0.0133269535542902,4.8,false_positive
11839,1,0.7843643238232533,1,60.67805555555555,1.0,21.6,2,665.0,2,7.5,0.2056633399059145,0.0317411975066987,7.5,true_positive
11840,0,0.1316219657859621,0,2.831111111111111,0.562929061784897,79.44916666666667,4,41335.0,14,189.76,0.2639000415083376,1.6954110755382863,110.21967963386729,true_negative
11841,0,0.35302764766198275,1,2.982222222222222,0.8695652173913043,79.28555555555556,4,6527.0,9,48.8,0.2805451323242017,0.1604130124307419,34.21739130434783,false_positive
11842,1,0.6750626408926181,1,9.038055555555555,0.7,71.56361111111111,2,615.0,2,6.5,0.1872542150698384,0.0254603016407339,6.5,true_positive
11843,1,0.18125159686748685,0,3.865,0.7152777777777778,78.39694444444444,3,14002.0,4,95.6,0.2272572363985752,0.4688577859303491,58.75,false_negative
11844,0,0.37113519189079835,1,16.275,0.1212121212121212,65.98194444444445,3,3135.0,4,17.0,0.2785638444521364,0.0546930835084052,13.696969696969695,false_positive
11845,0,0.1268105240555655,0,10.570277777777775,0.8846153846153846,71.68222222222222,4,14553.0,16,96.56,0.2146496361856799,0.3811156109968752,54.16153846153846,true_negative
11846,0,0.6407987207404611,1,25.363611111111112,0.6,56.8825,2,460.0,2,3.4,0.1411671738183448,0.0113872121910216,3.4,false_positive
11847,0,0.05879673541399996,0,1.5247222222222223,0.4069898534385569,80.71444444444444,4,89416.0,16,248.92,0.2446401179786172,2.743914968998698,160.70800450958285,true_negative
11848,0,0.3415262005254801,1,28.15333333333333,0.9019607843137256,54.08027777777778,3,14051.0,7,67.84,0.2189257517591315,0.2745124952184736,44.18627450980392,false_positive
11849,0,0.039992365727426246,0,5.628055555555555,0.7158119658119658,76.58666666666667,4,57686.0,10,169.52,0.1427089143866264,1.2503785695121774,103.58547008547008,true_negative
11850,0,0.1066865536249108,0,7.468611111111111,0.8766233766233766,74.74722222222222,4,19241.0,7,98.12,0.2112632910363115,0.5227652887272729,63.16233766233766,true_negative
11851,1,0.09078282935730045,0,3.644444444444445,0.7318007662835249,78.57027777777778,3,27202.0,9,140.96,0.172399075384797,0.8494484360714281,79.77777777777777,false_negative
11852,1,0.5214256074169359,1,31.730833333333333,0.967741935483871,50.47138888888889,3,7794.0,5,41.2,0.2271293180460485,0.1418498504642668,28.016129032258064,true_positive
11853,0,0.15156877175545866,0,12.455555555555556,0.5746268656716418,69.74972222222222,4,12599.0,9,83.68,0.2073532093409665,0.428928994439261,54.3955223880597,true_negative
11854,1,0.716519810823057,1,59.41888888888889,1.0,22.761388888888888,2,1505.0,2,5.454545454545454,0.2967299843479211,0.0193129856234239,5.454545454545454,true_positive
11855,1,0.6365213905442575,1,52.12916666666667,1.0,30.066944444444445,2,3872.0,5,28.04,0.2595782735743636,0.0837433217208015,20.23809523809524,true_positive
11856,1,0.597090532571328,1,57.27972222222222,1.0,24.89138888888889,2,9316.0,5,65.84,0.244346201824066,0.1900511657104901,37.42307692307692,true_positive
11857,0,0.21922882941136781,0,4.825277777777778,0.6607142857142857,77.35555555555555,4,7018.0,9,36.6,0.2629297859556125,0.1288704238537234,24.089285714285715,true_negative
11858,1,0.2959108302922055,0,6.211388888888889,0.9387755102040816,75.92083333333333,3,9240.0,6,67.32,0.2361316218648329,0.2188237015775185,38.42857142857143,false_negative
11859,0,0.10640079745335447,0,2.4683333333333333,0.6875,79.69555555555556,4,24017.0,17,101.96,0.2324762082209495,0.57606100777372,66.91666666666667,true_negative
11860,1,0.07903610679887565,0,3.1966666666666668,0.6880952380952381,78.95277777777778,4,50050.0,11,237.16,0.2199952419219966,2.155150823312682,142.38095238095238,false_negative
11861,0,0.14175693053544625,0,2.1216666666666666,0.7152317880794702,80.01777777777778,3,19880.0,9,113.88,0.2264654201050151,0.5161325478234716,65.81456953642385,true_negative
11862,0,0.16493343526582568,0,2.3641666666666667,0.825136612021858,93.58611111111112,4,19480.0,14,98.0,0.2565938678897582,0.4903094010174951,63.387978142076506,true_negative
11863,0,0.11905677183419645,0,0.3897222222222222,0.6054216867469879,81.7286111111111,3,28266.0,13,145.68,0.2485113932301605,1.0501643592489835,95.48795180722892,true_negative
11864,0,0.05897189100853119,0,3.1019444444444444,0.6486486486486487,78.65194444444444,4,19639.0,16,86.56,0.1974792357502473,0.4793332310910504,58.92432432432432,true_negative
11865,1,0.6198205325647894,1,50.015277777777776,1.0,32.08083333333333,2,8272.0,5,58.44,0.2600280038468304,0.1991013549138544,35.294117647058826,true_positive
11866,1,0.3754700376942312,1,32.51277777777778,0.8617886178861789,49.58138888888889,3,14318.0,6,88.32,0.2013412417033868,0.2485689309305767,49.13008130081301,true_positive
11867,1,0.5513121545479588,1,53.92972222222223,1.0,28.163888888888888,2,6683.0,3,37.12,0.2297093528183003,0.1446866047062692,25.67241379310345,true_positive
11868,0,0.1906256150380121,0,5.510833333333333,0.8193548387096774,76.86138888888888,4,25858.0,20,175.6,0.286606992277672,1.4208924965023308,114.42258064516128,true_negative
11869,0,0.16822202541745765,0,0.1677777777777777,0.6190476190476191,73.58638888888889,4,13108.0,6,64.08,0.2510861318976543,0.2185830119754391,40.82857142857143,true_negative
11870,0,0.2063592111224841,0,3.183333333333333,0.6056338028169014,78.90333333333334,4,8344.0,8,43.24,0.2779466763840451,0.1346599460494501,40.0,true_negative
11871,0,0.19637012037528495,0,6.536111111111111,0.2783505154639175,75.54916666666666,3,10026.0,7,80.6,0.2423161522382519,0.21005660538902,44.22680412371134,true_negative
11872,0,0.3921348655950423,1,25.76333333333333,0.7843137254901961,55.75666666666667,2,5454.0,4,36.52,0.2504553074590948,0.1151299332321788,25.19607843137255,false_positive
11873,0,0.06905283441316012,0,1.125,0.2017167381974249,80.9336111111111,4,30400.0,13,151.72,0.2068636114279561,1.0195716274574134,86.69957081545064,true_negative
11874,0,0.06819318578009215,0,0.8533333333333334,0.4660633484162896,81.18611111111112,4,29027.0,23,152.92,0.2061303824247349,1.0568560811601746,90.34389140271492,true_negative
11875,0,0.5777417716241944,1,57.72916666666666,1.0,24.202222222222225,2,6470.0,2,71.96,0.2671455637569178,0.4617994072627779,61.94827586206897,false_positive
11876,1,0.7001700639015732,1,0.4402777777777777,0.9230769230769232,81.60416666666667,3,907.0,4,6.307692307692308,0.2326219464679347,0.0296861122856245,6.307692307692308,true_positive
11877,0,0.0783374704195777,0,4.518611111111111,0.5692307692307692,77.5188888888889,4,31028.0,10,173.04,0.2002670953256236,1.3016493083568432,103.29230769230767,true_negative
11878,0,0.07277798732152624,0,2.9972222222222222,0.7457627118644068,72.32166666666667,4,26261.0,10,99.24,0.1847640103319388,0.5219737756564317,63.282485875706215,true_negative
11879,1,0.6100731259717149,1,51.91,1.0,30.108888888888888,2,5784.0,3,60.76,0.2740565236147118,0.1641334407015538,35.223880597014926,true_positive
11880,1,0.64331638597711,1,49.64055555555556,1.0,32.363055555555555,2,3411.0,4,27.2,0.3053476749907403,0.0771891480690887,19.975,true_positive
11881,0,0.4346278169476563,1,3.078333333333333,0.3333333333333333,78.92027777777778,4,1500.0,9,8.4,0.3339557764701163,0.031440341619176,7.851851851851852,false_positive
11882,0,0.23111185107279072,0,0.0627777777777777,0.917910447761194,81.93777777777778,3,23093.0,7,179.24,0.2074880244976158,1.5118150238201062,117.78358208955224,true_negative
11883,0,0.2852230978409645,0,23.451944444444443,0.6310679611650486,58.532222222222224,4,11246.0,7,71.32,0.2190952229579289,0.3086329185590838,42.16504854368932,true_negative
11884,0,0.38425309546216146,1,12.47888888888889,0.7931034482758621,69.48972222222223,4,4997.0,6,40.72,0.2517728068933563,0.1464677104914953,26.603448275862068,false_positive
11885,1,0.5983181575765789,1,58.528055555555554,1.0,23.43694444444445,2,14318.0,3,103.36,0.2444963377728052,0.548728713204574,64.31210191082802,true_positive
11886,1,0.3703996671433853,1,7.531111111111111,0.88,74.41444444444444,3,2964.0,4,11.72,0.3036550894671879,0.0693329928383802,11.72,true_positive
11887,1,0.6382072957951205,1,56.653333333333336,1.0,25.27611111111111,2,7694.0,6,64.16,0.2544887878452647,0.2175510439181537,38.97368421052632,true_positive
11888,0,0.16812114592772573,0,0.3175,0.7395348837209302,81.5963888888889,2,32261.0,4,124.56,0.2136527928002441,0.7104603413564378,76.02325581395348,true_negative
11889,0,0.12075868639257151,0,8.986944444444445,0.7845303867403315,72.92944444444444,4,22899.0,13,63.12,0.2149012014970262,0.3482748869483355,54.94475138121547,true_negative
11890,1,0.35034566198861083,1,4.839166666666666,0.8529411764705882,77.05944444444444,2,3659.0,4,13.52,0.3037800035538505,0.1017047193913165,11.411764705882351,true_positive
11891,0,0.6224974755832661,1,60.98972222222222,1.0,20.92361111111111,2,2803.0,2,20.84,0.205449952314383,0.0605080850633489,16.647058823529413,false_positive
11892,0,0.14540640124280285,0,9.749444444444444,0.7603305785123967,72.16638888888889,4,15166.0,7,71.64,0.2327112293585915,0.3183410633360882,43.239669421487605,true_negative
11893,1,0.3409668636319998,1,32.1375,0.8669950738916257,49.761944444444445,3,28745.0,8,88.24,0.1829907740760413,0.3671207148182901,58.783251231527096,true_positive
11894,1,0.5022761043726991,1,11.61138888888889,0.9565217391304348,70.28972222222222,3,2223.0,5,10.782608695652174,0.2725221948934877,0.0496589519145372,10.782608695652174,true_positive
11895,1,0.4497072037143116,1,11.326666666666666,0.5862068965517241,70.565,3,3413.0,4,15.72,0.2400883038215829,0.051859776547784,13.89655172413793,true_positive
11896,0,0.04105742910584497,0,3.2202777777777776,0.6987577639751553,78.66694444444444,4,31918.0,22,102.72,0.182709434177071,0.4555877468057648,66.68944099378882,true_negative
11897,1,0.78345454020283,1,59.836666666666666,1.0,22.0425,2,562.0,2,7.166666666666667,0.1678257341809015,0.0216682193674731,7.166666666666667,true_positive
11898,1,0.5229511838508399,1,6.938055555555556,0.5,51.83416666666667,2,1613.0,3,10.545454545454543,0.2351785311991454,0.0535251766955881,10.545454545454543,true_positive
11899,0,0.12656909586038018,0,3.62,0.2058823529411764,78.22944444444444,4,19941.0,15,51.0,0.2221714111216007,0.2419297662212256,38.59558823529412,true_negative
11900,1,0.3220063740386924,1,5.708333333333333,0.7714285714285715,76.14972222222222,3,7728.0,5,52.04,0.2602693677122366,0.1897170272869659,33.042857142857144,true_positive
11901,0,0.4863605352084198,1,37.31555555555556,0.7058823529411765,44.54472222222222,3,609.0,3,3.4705882352941178,0.1800337412452641,0.0054725905017201,3.4705882352941178,false_positive
11902,1,0.6070570332988393,1,30.196666666666665,0.7142857142857143,51.64138888888889,3,549.0,3,2.571428571428572,0.2469327715204963,0.0164999332919415,2.571428571428572,true_positive
11903,1,0.2695984648131258,0,23.220277777777778,0.8417721518987342,58.60027777777778,4,16370.0,8,107.84,0.2263076030645439,0.5762015177414405,67.37341772151899,false_negative
11904,0,0.06844079239523009,0,5.2188888888888885,0.6157205240174672,76.61722222222222,4,43352.0,14,218.0,0.1769642184027433,2.239215919189072,140.18995633187774,true_negative
11905,0,0.12627220030803502,0,2.2405555555555554,0.8580246913580247,75.48083333333334,4,23024.0,10,100.76,0.21400598448526,0.4857409494002316,69.9320987654321,true_negative
11906,1,0.43695069224965294,1,34.75111111111111,0.960144927536232,47.06138888888889,3,25842.0,10,78.4,0.1987016797019442,0.4344491308392438,54.61594202898551,true_positive
11907,0,0.10539713256853606,0,2.3072222222222223,0.2912621359223301,79.50555555555556,4,14889.0,12,74.76,0.2104924967773217,0.3477390203360478,49.87378640776699,true_negative
11908,0,0.1313659574620975,0,13.305,0.7341772151898734,67.28833333333333,4,20145.0,20,71.4,0.2004710333770618,0.3100608185132431,47.107594936708864,true_negative
11909,0,0.6598447286076341,1,59.715,1.0,22.08305555555556,2,2934.0,4,14.04,0.2720227002415106,0.0543023017822107,13.11111111111111,false_positive
11910,0,0.09682861262775261,0,7.674444444444444,0.6827956989247311,74.11194444444445,4,25729.0,11,112.08,0.2104892059526208,0.5946382566357422,72.8010752688172,true_negative
11911,0,0.12197782223660869,0,0.0191666666666666,0.4230769230769231,81.75777777777778,4,22785.0,12,190.0,0.1843125129940793,1.884283306486688,115.54545454545456,true_negative
11912,0,0.10263312257054305,0,10.14222222222222,0.7647058823529411,71.63,4,16390.0,21,71.0,0.1989752248801315,0.2612599091109676,42.33986928104575,true_negative
11913,0,0.5366228766596208,1,38.20805555555555,0.9166666666666666,43.57972222222222,3,5436.0,6,35.48,0.2372875990512909,0.1302783798277244,23.55,false_positive
11914,1,0.6168762775277826,1,60.00083333333333,1.0,21.7775,2,10768.0,3,91.56,0.2468928349365183,0.3119713450116401,51.01020408163265,true_positive
11915,1,0.22045850654554056,0,0.7494444444444445,0.6842105263157895,80.9486111111111,4,9165.0,7,69.16,0.2086401645534474,0.2777195386584658,41.03947368421053,false_negative
11916,0,0.21998761466647068,0,19.023888888888887,0.6388059701492538,62.74805555555555,4,67158.0,14,244.4,0.1868302241931942,2.9418666824342865,169.51940298507463,true_negative
11917,1,0.6175276121846095,1,58.727777777777774,1.0,23.04611111111111,2,19456.0,4,147.52,0.2237575904550734,0.8008813929818429,88.13829787234043,true_positive
11918,0,0.1350481249939713,0,4.4275,0.3951612903225806,77.31527777777778,4,15293.0,10,74.8,0.2346969666192481,0.3380870748954861,49.096774193548384,true_negative
11919,0,0.36360678668818797,1,35.65888888888889,0.6266666666666667,46.09666666666666,3,5049.0,3,58.6,0.2358871621153203,0.2123592956416619,36.16,false_positive
11920,1,0.5617919811285262,1,51.68555555555555,1.0,30.06972222222222,2,9387.0,7,86.2,0.2813019623870372,0.1972690810216242,46.42168674698795,true_positive
11921,0,0.09189024922002287,0,1.7136111111111112,0.6914893617021277,80.04555555555555,4,22038.0,10,112.32,0.1869085915025947,0.5782547464663927,68.51595744680851,true_negative
11922,1,0.26311694431941673,0,24.12472222222222,0.5,57.61472222222222,3,23220.0,5,100.12,0.1988247384881599,0.5926169809215736,69.8256880733945,false_negative
11923,1,0.3293536403020352,1,14.19361111111111,0.8559322033898306,67.54944444444445,4,11198.0,7,65.32,0.2845473810356896,0.2191441353779036,40.33050847457627,true_positive
11924,1,0.6025220721097801,1,54.114444444444445,1.0,25.97861111111111,2,7656.0,4,73.56,0.2732344283596488,0.1547181719495885,39.458333333333336,true_positive
11925,0,0.11051049994586347,0,2.0416666666666665,0.7533333333333333,79.68388888888889,4,21968.0,13,92.76,0.2276153958034977,0.3741360522623097,57.34666666666666,true_negative
11926,0,0.5639816464580155,1,56.223055555555554,1.0,25.511111111111116,2,9629.0,7,67.48,0.233343633615405,0.2222155507685828,39.77906976744186,false_positive
11927,0,0.1316930756979774,0,2.863611111111111,0.5034965034965035,78.86638888888889,4,12180.0,6,90.72,0.2225250375499046,0.3760413888730674,55.11188811188811,true_negative
11928,1,0.3605722432823396,1,26.560277777777777,0.9208211143695014,55.15583333333333,3,37628.0,5,103.96,0.192797776746816,0.532978848382407,67.31964809384164,true_positive
11929,0,0.08542015409426407,0,0.2072222222222222,0.4932735426008968,81.27083333333333,4,25227.0,42,76.8,0.1803885541100638,0.2161608462056223,35.44394618834081,true_negative
11930,0,0.38559772048823987,1,29.86583333333333,0.8744186046511628,51.81555555555556,3,16920.0,6,142.6,0.2170044043603325,0.7767174876003395,89.28372093023256,false_positive
11931,0,0.23000645895247096,0,2.5055555555555555,0.976027397260274,79.19444444444444,3,35712.0,4,150.96,0.2003823195605932,1.275757588997766,96.56506849315068,true_negative
11932,0,0.3712740615526867,1,25.70916666666667,0.5668449197860963,55.99611111111111,3,18870.0,7,131.64,0.2162268300321073,0.7980354033175188,74.44385026737967,false_positive
11933,0,0.046716053126902406,0,0.6191666666666666,0.6143790849673203,81.06777777777778,4,36158.0,12,177.12,0.1902409236884333,1.498730768418697,111.49346405228758,true_negative
11934,1,0.4807995511494491,1,35.5825,0.9206349206349206,46.079166666666666,3,7652.0,5,46.68,0.2465400136241793,0.2114700736191166,31.952380952380956,true_positive
11935,1,0.3088209640765983,0,9.339166666666667,0.6231884057971014,72.31277777777778,3,6731.0,4,49.0,0.2375030970596626,0.1672967672286798,29.65217391304348,false_negative
11936,0,0.09691985176442607,0,0.9513888888888888,0.7272727272727273,80.73694444444445,4,15689.0,10,120.08,0.1993884734189757,0.6473507812047432,74.01136363636364,true_negative
11937,0,0.04540841966683784,0,1.156111111111111,0.4737201365187713,80.53888888888889,4,83769.0,16,333.88,0.385861518707578,3.818138462849767,231.362457337884,true_negative
11938,0,0.18439935870899937,0,2.763333333333333,0.6048387096774194,78.88944444444445,4,15597.0,17,67.6,0.2947631850290795,0.2859246490940536,48.25,true_negative
11939,1,0.609362188238367,1,9.235555555555557,0.9230769230769232,72.42194444444445,3,1814.0,3,13.84,0.2151380880199854,0.0541228471038686,13.346153846153848,true_positive
11940,0,0.08497468656487148,0,3.725277777777778,0.8247191011235955,77.93694444444445,4,49941.0,21,189.2,0.1769833395075769,1.3454478529903846,102.73258426966292,true_negative
11941,0,0.045108898626557134,0,0.4980555555555555,0.4536082474226804,81.14944444444444,4,54966.0,16,194.96,0.2031166441100247,2.208607377230673,129.5257731958763,true_negative
11942,0,0.0884344280536086,0,4.5777777777777775,0.4711538461538461,77.06916666666666,4,27539.0,14,108.04,0.2177038465567625,0.7183603072070655,72.52884615384616,true_negative
11943,0,0.6436309159654816,1,44.2925,0.972972972972973,37.34611111111112,2,2906.0,3,21.64,0.2610149140206405,0.0632491358140839,16.54054054054054,false_positive
11944,1,0.1091739904202939,0,7.564722222222223,0.4461077844311377,74.08888888888889,4,36816.0,9,170.72,0.2136246954014938,1.6065720583595948,110.67664670658682,false_negative
11945,1,0.14444730741169248,0,0.9294444444444444,0.5157894736842106,80.7175,4,12993.0,6,62.52,0.2223376741882092,0.2026525973433113,35.66315789473684,false_negative
11946,1,0.3672104272429555,1,26.796388888888888,0.916030534351145,56.03,3,13278.0,9,94.84,0.2326646500510397,0.3515505929024334,61.79389312977099,true_positive
11947,0,0.05124535722990698,0,2.551944444444445,0.2042105263157894,79.0911111111111,4,42157.0,13,186.0,0.1775515458441175,2.20070267786351,138.46947368421053,true_negative
11948,0,0.6055347222458933,1,32.15138888888889,0.9365079365079364,49.48583333333333,3,5652.0,5,53.6,0.2860132944471915,0.142622952384188,32.095238095238095,false_positive
11949,1,0.6472453430346305,1,2.6069444444444443,0.5384615384615384,79.03,2,842.0,3,7.3076923076923075,0.2570993120434955,0.0216327772518203,7.3076923076923075,true_positive
11950,1,0.6586019948998794,1,50.96083333333333,1.0,30.67944444444445,2,11030.0,6,67.52,0.2755419306342271,0.2454473586986461,45.51694915254237,true_positive
11951,0,0.053499146354420456,0,1.3597222222222225,0.6014925373134329,80.26611111111112,4,71540.0,16,181.48,0.2148761448247099,2.028960575958964,128.88805970149255,true_negative
11952,0,0.07366294953832922,0,7.855,0.5859375,73.76138888888889,4,30148.0,16,146.04,0.1868583339937673,1.008638903392635,85.578125,true_negative
11953,0,0.32719670663624234,1,24.45777777777778,0.660056657223796,57.1575,3,40497.0,8,155.96,0.1994203694614104,1.0675282604713932,93.57507082152976,false_positive
11954,0,0.131536538678147,0,3.4880555555555555,0.7535816618911175,78.11694444444444,4,25199.0,7,107.44,0.2375311875165753,0.751158786532394,86.15759312320917,true_negative
11955,0,0.04543145536201104,0,0.7211111111111111,0.5233644859813084,80.88361111111111,4,47313.0,19,181.0,0.191371045373713,1.3397363329550611,110.90342679127724,true_negative
11956,0,0.11156132346381346,0,1.7677777777777777,0.7012987012987013,79.83527777777778,4,24250.0,13,144.88,0.2162280160372229,0.883616051657324,96.73160173160171,true_negative
11957,0,0.4658825025999938,1,27.1025,0.5294117647058824,54.48416666666667,3,4606.0,4,33.56,0.2894450094129985,0.1153588782092873,22.7843137254902,false_positive
11958,0,0.10528931577854155,0,0.5438888888888889,0.53125,81.04416666666667,4,34184.0,27,167.0,0.2124013430919562,1.136678685307976,107.44196428571428,true_negative
11959,0,0.7045203360613107,1,3.5091666666666668,0.8181818181818182,78.07416666666667,2,923.0,2,6.181818181818182,0.2171288442062154,0.018811307791118,6.181818181818182,false_positive
11960,0,0.03695267078884101,0,0.6225,0.5148148148148148,80.95694444444445,4,62330.0,22,197.0,0.1876033657810463,1.970702543248281,125.08148148148148,true_negative
11961,0,0.030529981591608933,0,2.6147222222222224,0.3379310344827586,78.94638888888889,4,64940.0,15,264.16,0.1498336676514997,3.0915169185648868,179.90206896551723,true_negative
11962,1,0.6809919608592182,1,12.79861111111111,0.5454545454545454,68.76416666666667,2,1026.0,2,5.636363636363637,0.2898254104623928,0.0141343164380791,5.636363636363637,true_positive
11963,1,0.5790701091771964,1,36.2175,0.9722222222222222,45.340833333333336,3,3510.0,3,21.2,0.2435097042859367,0.0583257115861365,16.555555555555557,true_positive
11964,1,0.5521057088335496,1,32.00416666666667,0.9428571428571428,49.55472222222223,3,3562.0,5,18.96,0.2229048891282201,0.0517649835563782,15.114285714285714,true_positive
11965,0,0.08409069392054412,0,0.1369444444444444,0.4178743961352657,81.44388888888889,3,41585.0,9,207.2,0.1916336991225012,2.0318830286738776,137.44927536231884,true_negative
11966,0,0.3581919450976542,1,24.66,0.6528925619834711,56.89555555555555,3,16931.0,5,49.4,0.1652609855867317,0.1899668798568324,32.05785123966942,false_positive
11967,1,0.34220103696066223,1,20.438333333333333,0.919831223628692,60.973333333333336,4,19772.0,10,120.72,0.2577833226333843,0.6439728754743594,81.19409282700423,true_positive
11968,1,0.5231411674107541,1,35.35888888888889,0.625,46.181666666666665,3,5127.0,6,36.04,0.2845566453933711,0.1366241804068376,23.910714285714285,true_positive
11969,1,0.6142974726856658,1,69.84333333333333,1.0,11.648888888888887,2,12654.0,3,75.4,0.2223712974093608,0.3037970081622626,47.04838709677419,true_positive
11970,0,0.2075768141862114,0,2.0175,0.4938271604938271,79.54027777777777,4,6213.0,11,69.04,0.2251275485929473,0.2314728653506623,41.22222222222222,true_negative
11971,1,0.7316738360899214,1,56.68555555555555,1.0,24.86805555555556,2,2388.0,2,14.0,0.3072340379983281,0.0618834907588688,12.714285714285714,true_positive
11972,1,0.285557192043241,0,24.342222222222222,0.765661252900232,57.189166666666665,3,56566.0,7,210.12,0.1966994795932413,2.4106727223916087,139.60324825986078,false_negative
11973,0,0.09362138821888226,0,0.0033333333333333,0.8221649484536082,81.53138888888888,4,32202.0,10,185.84,0.218064438615096,2.095071455642832,127.70103092783503,true_negative
11974,0,0.7800184951419642,1,54.85611111111111,1.0,26.67194444444445,2,885.0,2,7.846153846153846,0.2587290234520866,0.0430478309068875,7.846153846153846,false_positive
11975,1,0.7272414695503232,1,68.77694444444444,1.0,12.705277777777775,2,2798.0,4,13.32,0.2553443474189953,0.0561535576284744,10.487179487179487,true_positive
11976,1,0.16147789975831284,0,0.3283333333333333,0.1732283464566929,81.1975,4,27627.0,8,56.16,0.1723180459164199,0.2142001064259302,36.881889763779526,false_negative
11977,0,0.07108075695217207,0,2.623055555555556,0.4502487562189055,78.90666666666667,4,35880.0,8,188.56,0.223962889446056,1.7633491211837495,120.2412935323383,true_negative
11978,1,0.5083787779767343,1,29.38722222222222,0.9803921568627452,52.1225,3,6401.0,6,34.6,0.2475336504441567,0.101925155241768,23.764705882352946,true_positive
11979,0,0.38318908289997594,1,6.550833333333333,0.8813559322033898,74.95361111111112,3,6633.0,5,40.8,0.3007031872604692,0.1247637049278591,25.864406779661017,false_positive
11980,0,0.49326602646961826,1,24.585555555555555,0.9142857142857144,56.93,3,3041.0,3,20.96,0.2364986512354221,0.0576232018424431,16.542857142857144,false_positive
11981,1,0.535276291257118,1,27.267777777777777,0.9411764705882352,54.219722222222224,3,3631.0,3,23.56,0.2433834301404131,0.0733745311756483,18.764705882352946,true_positive
11982,1,0.7420209378088405,1,61.90694444444444,1.0,19.58111111111111,2,6493.0,4,24.16,0.2421116732055087,0.074381912053391,16.877551020408163,true_positive
11983,0,0.08518918604928316,0,2.5322222222222224,0.4435146443514644,78.94722222222222,4,34478.0,16,116.0,0.2384933657335505,0.6769749908030892,72.38075313807532,true_negative
11984,0,0.1945500327236208,0,5.937222222222222,0.9047619047619048,75.54888888888888,4,13144.0,5,69.92,0.2416425779817509,0.346694025296798,51.55555555555556,true_negative
11985,0,0.2595026375906665,0,22.142777777777777,0.3743589743589743,59.31527777777778,3,23148.0,3,110.48,0.2206920745293176,0.566048362878342,67.21538461538462,true_negative
11986,0,0.14224764046495175,0,8.588333333333333,0.0568181818181818,72.88138888888889,4,20791.0,8,1056.52,0.1322833041640717,8.442742893929754,998.6515151515152,true_negative
11987,0,0.42451231425207064,1,2.0705555555555555,0.44,79.38361111111111,2,2605.0,2,11.32,0.290186072420091,0.0539812394761978,11.32,false_positive
11988,1,0.6817781097346071,1,54.58277777777778,1.0,26.87833333333333,2,7405.0,5,36.96,0.2008011828557244,0.1267538079106342,24.74712643678161,true_positive
11989,1,0.6019500278257764,1,48.977777777777774,1.0,32.47833333333333,2,9285.0,4,38.88,0.2577101619166857,0.1518713300023643,26.36065573770492,true_positive
11990,0,0.14847486846106112,0,3.272777777777778,0.2096774193548387,78.17694444444444,4,12487.0,17,16.8,0.2369318473922883,0.0712657213834544,13.67741935483871,true_negative
11991,0,0.08532115004593219,0,3.9019444444444447,0.7327586206896551,77.54805555555555,4,12982.0,15,65.32,0.1942164826287319,0.2176334774495229,38.439655172413794,true_negative
11992,0,0.6780301839217209,1,58.62055555555556,1.0,22.81388888888889,2,3458.0,3,16.32,0.2656718459532483,0.0622092457410487,14.413793103448276,false_positive
11993,0,0.06687529550101673,0,4.415,0.4516908212560386,77.03277777777778,4,43950.0,21,215.64,0.1814024557017503,2.523768051274621,151.03381642512076,true_negative
11994,0,0.08862049725684257,0,0.1425,0.6717171717171717,81.31194444444445,4,35066.0,24,108.88,0.2230361042958014,0.6385171726715413,74.26262626262626,true_negative
11995,0,0.14837729770641006,0,0.0066666666666666,0.4097938144329897,81.43555555555555,3,37090.0,4,227.92,0.1892981041807812,2.523214596459705,146.70103092783506,true_negative
11996,0,0.10919491781908948,0,0.5808333333333333,0.6089743589743589,80.84916666666666,4,18202.0,12,81.8,0.2119537720795604,0.3614398940584938,56.22435897435897,true_negative
11997,0,0.06266947976262771,0,2.277222222222222,0.4726166328600406,79.16361111111111,4,59222.0,8,216.28,0.1583694320396453,2.1681257446287563,139.105476673428,true_negative
11998,1,0.2126053861268909,0,9.151944444444444,0.8376068376068376,73.54694444444445,3,9311.0,7,98.48,0.2453354399363567,0.4482217164129032,56.57264957264957,false_negative
11999,1,0.4124739071419469,1,33.469722222222224,0.6388888888888888,47.94277777777778,3,12117.0,4,71.52,0.2252281109681253,0.2595197284022474,44.24074074074074,true_positive
12000,0,0.13054993424095074,0,3.3672222222222223,0.6973684210526315,77.99055555555556,4,14790.0,13,94.8,0.2368249407773605,0.5260089355362798,66.0592105263158,true_negative
12001,0,0.13771688560139983,0,0.0030555555555555,0.6444444444444445,81.37555555555555,3,20502.0,10,140.6,0.2040618213755497,0.8807567583049252,81.72222222222223,true_negative
12002,0,0.20745659082102158,0,5.214166666666666,0.6571428571428571,76.19111111111111,4,8190.0,14,69.04,0.2724277005807807,0.2233503032834382,41.2,true_negative
12003,0,0.5831692565247927,1,51.48861111111111,1.0,30.032777777777778,2,8254.0,5,44.28,0.2055344931712232,0.1558601621474162,28.491525423728813,false_positive
12004,1,0.4587283657954831,1,34.160833333333336,0.8972602739726028,47.2175,3,15062.0,8,100.84,0.2809823971532187,0.3555852672705244,56.81506849315068,true_positive
12005,0,0.049484292356110286,0,4.872222222222222,0.6126760563380281,76.5188888888889,4,78148.0,15,205.24,0.1435015678969578,2.9189993586087435,171.7218309859155,true_negative
12006,0,0.03848356354542917,0,2.1580555555555554,0.7191011235955056,79.2286111111111,4,51669.0,15,145.64,0.1496075536335659,0.8348245484998951,87.66516853932585,true_negative
12007,1,0.3201418017695939,1,28.1325,0.8125,53.25472222222222,3,13850.0,10,73.92,0.2288234246521815,0.2415671129134932,49.25,true_positive
12008,1,0.21051259441036455,0,5.379166666666666,0.75,76.02194444444444,4,23863.0,4,202.88,0.2534149671569601,2.0598092246658246,126.47916666666669,false_negative
12009,0,0.670496264446344,1,62.716388888888886,1.0,18.654166666666665,2,12478.0,5,74.72,0.2696818953724308,0.2752961361223168,49.33,false_positive
12010,1,0.3750668789277629,1,29.36583333333333,0.9625,51.99777777777778,3,19834.0,9,96.08,0.2043657076782123,0.4251430226125928,56.94375,true_positive
12011,0,0.7406987563969875,1,49.30638888888889,1.0,32.056111111111115,2,1286.0,2,10.36842105263158,0.2973326682193978,0.0467204911443814,10.36842105263158,false_positive
12012,0,0.5822130534091906,1,49.315,1.0,32.0375,2,8279.0,2,63.84,0.2501166999986946,0.1953365266504267,39.34567901234568,false_positive
12013,0,0.1954082449342012,0,14.678888888888888,0.7777777777777778,66.67611111111111,4,19704.0,12,72.08,0.2294537859168587,0.3093980577948064,48.92592592592592,true_negative
12014,0,0.04230833503826449,0,0.0277777777777777,0.8244274809160306,81.33638888888889,4,29768.0,13,135.16,0.1807235675361514,0.8334532433266151,83.2175572519084,true_negative
12015,0,0.03823724161081928,0,4.246666666666667,0.5401459854014599,77.1025,4,61719.0,21,183.52,0.1511989511219876,1.5977792439271226,117.5839416058394,true_negative
12016,1,0.28299608595505565,0,23.8325,0.7142857142857143,57.41333333333333,4,7114.0,7,31.32,0.2262884775695379,0.1144888468009258,21.857142857142858,false_negative
12017,1,0.0855967754274922,0,1.7680555555555555,0.5481127060074429,79.58777777777777,4,107623.0,9,216.08,0.3545777659533978,3.441472572461625,190.8755980861244,false_negative
12018,0,0.15851464546453153,0,5.805555555555555,0.5416666666666666,75.53555555555556,3,47038.0,5,193.36,0.2213083212047707,1.9110954659649944,116.2328431372549,true_negative
12019,0,0.1886561878158045,0,6.483333333333333,0.8288288288288288,74.84194444444445,3,14431.0,5,69.92,0.2281351643623947,0.3130129368954168,44.1981981981982,true_negative
12020,0,0.1837741038005605,0,0.0288888888888888,0.0575539568345323,81.30194444444444,3,16510.0,8,54.36,0.1976389546423841,0.2470459130029685,36.55395683453237,true_negative
12021,0,0.41597608637165934,1,31.7925,0.6794871794871795,49.52722222222222,3,8816.0,3,54.56,0.2276762668028273,0.1895320774904289,40.47435897435897,false_positive
12022,1,0.6677425480225178,1,70.94083333333333,1.0,10.381666666666666,2,16705.0,4,93.6,0.2187336514355636,0.4137238186415949,56.59060402684564,true_positive
12023,0,0.05503061097554316,0,4.361666666666666,0.7088122605363985,76.94166666666666,4,40213.0,10,108.44,0.1623404942392171,0.5305334657236256,75.02681992337165,true_negative
12024,0,0.03732838879956253,0,2.1172222222222223,0.775623268698061,79.18611111111112,4,42162.0,9,131.8,0.189012140771977,0.8108741433645794,87.10803324099723,true_negative
12025,1,0.592421884878354,1,59.69833333333333,1.0,21.613611111111112,2,17589.0,5,93.52,0.2441469334953719,0.4372872920631103,55.90265486725664,true_positive
12026,0,0.13092504974671526,0,13.741388888888888,0.8449197860962567,67.57,4,21172.0,14,95.4,0.1843215499112581,0.4403897683098195,58.16577540106952,true_negative
12027,1,0.5919426545230735,1,53.20972222222223,1.0,28.08361111111111,2,52233.0,6,92.48,0.1814007457941946,0.3946552933389831,60.35121951219512,true_positive
12028,1,0.7784601452361183,1,51.80138888888889,1.0,29.488888888888887,2,875.0,3,6.090909090909091,0.1633970285217098,0.0181361654555243,6.090909090909091,true_positive
12029,0,0.20998924280007297,0,8.622222222222222,0.5180722891566265,72.66222222222223,4,8297.0,7,59.24,0.2491199595209224,0.2129413401609774,36.71084337349398,true_negative
12030,0,0.7591296860488402,1,49.77222222222223,1.0,31.505277777777778,2,942.0,2,6.2,0.182996523341213,0.0203684294979758,6.2,false_positive
12031,1,0.39389949786665424,1,40.581944444444446,0.8650793650793651,40.71,3,28157.0,8,169.16,0.2151631382523552,1.3293598613327633,102.53571428571428,true_positive
12032,0,0.061472736159832064,0,0.22,0.7579365079365079,81.05416666666666,4,26217.0,28,95.32,0.1580710911433826,0.5080583874901388,64.48809523809524,true_negative
12033,0,0.31012482195260527,0,24.94611111111111,0.6868686868686869,56.31611111111111,3,11996.0,6,63.04,0.2376200881431504,0.2148854801581715,37.70707070707071,true_negative
12034,0,0.1374193844321409,0,2.363888888888889,0.4831460674157303,78.87333333333333,4,11564.0,10,48.48,0.2284665932848258,0.1933666431038354,33.26966292134831,true_negative
12035,1,0.5835543323564379,1,59.45583333333333,1.0,21.765555555555554,2,9415.0,5,68.32,0.237086836234507,0.2726499170192171,42.38709677419355,true_positive
12036,0,0.1529770113332808,0,8.810833333333333,0.7286821705426356,72.44666666666667,4,14086.0,12,91.8,0.2230721308802314,0.4260630170688838,57.50387596899225,true_negative
12037,1,0.7395971659323141,1,51.85333333333333,1.0,29.371111111111112,2,1553.0,2,8.0,0.259666998328419,0.0326331404635093,8.0,true_positive
12038,1,0.14851245606261282,0,4.567222222222222,0.3394495412844037,76.67,3,13411.0,8,75.8,0.2248772624204197,0.3178956536147117,48.678899082568805,false_negative
12039,0,0.15163980687119522,0,0.4380555555555555,0.6282722513089005,80.79666666666667,4,17537.0,14,155.4,0.2271525095125992,1.0559369539529289,87.94240837696336,true_negative
12040,0,0.04532909248107989,0,1.3697222222222225,0.3203661327231121,79.85888888888888,4,47003.0,18,205.48,0.1875983866966564,2.439395801805396,144.09153318077804,true_negative
12041,0,0.07430319464598742,0,3.815833333333333,0.4,77.27333333333333,4,31454.0,11,113.52,0.1997420597795313,0.6962785920512251,82.3265306122449,true_negative
12042,1,0.6265386724659022,1,63.33444444444444,1.0,17.86111111111111,2,12362.0,6,70.6,0.2529352648775561,0.2820450642553334,41.8780487804878,true_positive
12043,0,0.05185017162815241,0,3.0475,0.5753424657534246,78.13555555555556,4,44118.0,15,219.52,0.1743724038219993,2.333723269600348,143.73744292237444,true_negative
12044,1,0.5488544105416313,1,52.99888888888889,1.0,28.179166666666667,2,7635.0,3,195.04,0.2492237499457042,0.1051371498351154,100.84415584415584,true_positive
12045,0,0.23590919373480754,0,8.344166666666666,0.5,72.83805555555556,3,9944.0,3,60.52,0.2355045342689906,0.2244627134365672,37.18604651162791,true_negative
12046,0,0.627181801569575,1,48.44722222222222,1.0,28.164444444444445,2,3371.0,3,38.16,0.2519104930030689,0.0826272405832287,28.33333333333333,false_positive
12047,0,0.23171870053870477,0,12.566944444444443,0.7272727272727273,68.535,4,7416.0,7,68.96,0.2456418760371176,0.1749839530740645,39.21212121212121,true_negative
12048,1,0.28747818002992886,0,7.406944444444444,0.94,73.77833333333334,4,8805.0,6,82.24,0.2568717917028506,0.3050953387780225,48.4,false_negative
12049,0,0.8384773443839231,1,63.97388888888889,1.0,17.23027777777778,2,556.0,2,4.0,0.2659243580162092,0.0097864667953217,4.0,false_positive
12050,0,0.09133673231831063,0,0.0013888888888888,0.5791044776119403,81.16361111111111,4,28131.0,6,128.04,0.1917424863659605,0.6796169279785278,82.0686567164179,true_negative
12051,0,0.04651777452693657,0,0.0094444444444444,0.5571428571428572,81.15333333333334,4,34667.0,23,106.72,0.1883178259666075,0.6010688514257471,70.5952380952381,true_negative
12052,0,0.2863847419930905,0,14.785555555555556,0.6111111111111112,66.37916666666666,4,12325.0,12,61.04,0.2417533198767517,0.2203878235224899,41.355555555555554,true_negative
12053,0,0.03015380528455366,0,2.335277777777778,0.4223107569721115,78.84305555555555,4,52201.0,20,218.84,0.1584196353317774,2.514079725712064,147.37450199203187,true_negative
12054,1,0.3768046409359176,1,4.449722222222222,0.6875,76.68722222222222,3,3651.0,3,34.88,0.2421915671622738,0.0983563039791407,24.291666666666668,true_positive
12055,0,0.34789657784504785,1,25.753055555555555,0.5,55.41,3,12477.0,3,90.64,0.2433417899782789,0.3831697723154612,55.8955223880597,false_positive
12056,0,0.1147109331531939,0,2.060833333333333,0.6325301204819277,79.0911111111111,4,14154.0,9,98.84,0.2089528547865156,0.4966701600958138,63.16867469879518,true_negative
12057,1,0.7689854676668739,1,7.104444444444445,0.5,74.00333333333333,2,103.0,2,2.0,0.0261891400439461,0.0046378197465933,2.0,true_positive
12058,0,0.07589044673145326,0,7.471111111111111,0.6502463054187192,73.68305555555555,4,25290.0,15,95.76,0.1899996888849066,0.471005405125468,65.88177339901478,true_negative
12059,0,0.6672958485064511,1,29.45555555555556,0.2,51.685833333333335,2,260.0,2,3.0,0.1844041120561303,0.0116914271366135,3.0,false_positive
12060,0,0.21414210856824256,0,2.746111111111111,0.6182795698924731,79.04388888888889,3,17022.0,5,140.4,0.226802638447742,0.8402853749896381,78.32795698924731,true_negative
12061,0,0.06537924289845791,0,3.8966666666666665,0.5,80.0963888888889,4,43173.0,19,178.0,0.2058311830899308,1.2546927433384871,105.49725274725274,true_negative
12062,0,0.1369201080644707,0,1.056111111111111,0.8518518518518519,80.08916666666667,4,21989.0,7,144.36,0.2083372121083677,0.9125890704687556,91.09465020576133,true_negative
12063,0,0.32382757703327153,1,24.619444444444444,0.7794117647058824,56.50944444444445,3,4728.0,5,42.24,0.2294949273045849,0.1614056872355799,27.16176470588235,false_positive
12064,0,0.37421740816590954,1,30.9825,0.6586538461538461,50.14361111111111,3,26236.0,7,150.08,0.2121579690625211,1.009211946228409,89.63942307692308,false_positive
12065,0,0.11372082815035679,0,5.7675,0.573134328358209,75.34083333333334,4,41652.0,13,189.92,0.2485760425051478,1.857631833632022,119.30149253731344,true_negative
12066,0,0.07669093189122655,0,2.571111111111111,0.7370689655172413,78.52416666666667,4,33554.0,9,151.96,0.200869572733766,1.086142180522627,92.1293103448276,true_negative
12067,0,0.3115738784824839,0,2.4697222222222224,0.6363636363636364,78.66083333333333,4,2898.0,7,43.96,0.2447816447305822,0.0719933568924021,29.25,true_negative
12068,0,0.04886389982119992,0,0.4811111111111111,0.3224755700325732,80.63833333333334,4,29528.0,20,187.92,0.1854875682224847,1.825670215650902,115.36807817589576,true_negative
12069,1,0.06890629208192715,0,4.537222222222222,0.4738015607580825,76.57805555555555,4,64322.0,9,244.36,0.2473188086472227,3.114587356230216,170.14158305462652,false_negative
12070,0,0.29270879470301325,0,2.692222222222222,0.6521739130434783,78.41166666666666,3,6692.0,5,46.88,0.2383632528903177,0.1678038327438362,30.08695652173913,true_negative
12071,0,0.1783705658322623,0,5.774444444444445,0.8,80.04638888888888,4,9043.0,11,93.88,0.2217424726035756,0.5140500300382206,66.88235294117646,true_negative
12072,1,0.6000154922584378,1,57.16694444444445,1.0,23.90361111111111,2,14430.0,4,100.8,0.2331362686336189,0.5440597602024512,65.52348993288591,true_positive
12073,0,0.5248895270791556,1,29.9775,0.9576271186440678,51.07805555555556,3,12264.0,6,88.84,0.3201900511408842,0.2340283417563666,45.940677966101696,false_positive
12074,0,0.10503908853094988,0,5.456666666666667,0.4358974358974359,75.58944444444444,4,22600.0,12,114.96,0.2237678406822292,0.6191029029763253,74.28632478632478,true_negative
12075,0,0.028323861630738228,0,0.8638888888888889,0.3835616438356164,80.19027777777778,4,74863.0,15,240.92,0.1692785551119484,2.661875976068006,158.28082191780825,true_negative
12076,0,0.3518587628450362,1,2.6105555555555555,0.42,78.42916666666666,2,3888.0,4,14.36,0.3127484929587393,0.0570892957139906,12.96,false_positive
12077,0,0.291287666076614,0,5.839444444444444,0.9680851063829788,80.50805555555556,3,8732.0,7,77.0,0.2054553099649653,0.2834849124413632,48.755319148936174,true_negative
12078,1,0.4745563053298356,1,30.297777777777775,0.9146341463414634,50.73277777777778,3,7727.0,5,63.96,0.2810615633430089,0.2156549387589698,37.13414634146341,true_positive
12079,0,0.44413996303506903,1,31.488611111111112,0.8870967741935484,49.570277777777775,3,5185.0,5,47.8,0.2430752875247938,0.1682910361212613,30.61290322580645,false_positive
12080,0,0.10829982807036279,0,1.2747222222222223,0.2047619047619047,79.77333333333333,4,24334.0,11,119.32,0.2340589563820847,0.5782769424579693,76.60952380952381,true_negative
12081,0,0.2819515444231577,0,23.111666666666668,0.8,57.92666666666667,4,11453.0,3,71.96,0.2285935325680091,0.2572871332401686,41.63478260869565,true_negative
12082,0,0.04196229168284501,0,1.36,0.6257309941520468,79.6825,4,43671.0,20,182.32,0.1744317957286189,1.5860333077212074,110.4327485380117,true_negative
12083,0,0.039220007363064274,0,0.3461111111111111,0.5395189003436426,80.70583333333333,4,31585.0,13,119.24,0.1651187264897164,0.5651477589498163,73.85910652920963,true_negative
12084,0,0.5157842200097335,1,37.568333333333335,0.9615384615384616,43.48277777777778,3,4530.0,5,36.4,0.2404176615065309,0.1308476332074368,24.884615384615383,false_positive
12085,1,0.6618876592429382,1,62.87027777777778,1.0,18.139166666666668,2,2410.0,5,13.875,0.2147181146762196,0.0655593512325263,13.875,true_positive
12086,0,0.6717358177536484,1,26.486666666666668,0.9523809523809524,54.54166666666666,2,1401.0,2,10.952380952380953,0.232819074058904,0.0514308861750996,10.952380952380953,false_positive
12087,0,0.05882377288480295,0,3.808333333333333,0.7172413793103448,77.22333333333333,4,31527.0,14,153.88,0.1901283752833359,1.097557451605491,94.1896551724138,true_negative
12088,0,0.25157528362438475,0,9.51,0.7425742574257426,68.92944444444444,4,7348.0,6,156.84,0.2295971148532051,0.1435838248399665,114.15841584158416,true_negative
12089,1,0.5971644234504615,1,26.64611111111111,0.6,27.307222222222222,2,1291.0,2,7.4,0.2790250620735295,0.0298411237210881,7.4,true_positive
12090,0,0.18420246585370906,0,3.474166666666666,0.7636363636363637,77.5275,3,14422.0,6,99.6,0.2263846724816527,0.4107072866022211,60.92727272727273,true_negative
12091,0,0.030725309799713205,0,0.1175,0.3738317757009345,80.87861111111111,4,31949.0,10,139.76,0.1524772347431884,0.8861785023725687,82.3177570093458,true_negative
12092,1,0.38275113663101074,1,3.043055555555556,0.0,31.449444444444445,2,3533.0,3,22.8,0.2471774669555427,0.0707229734220486,17.513513513513512,true_positive
12093,0,0.05312904494337816,0,0.0488888888888888,0.8150470219435737,80.93638888888889,4,43080.0,11,150.36,0.1928707116848246,0.9376836840261238,88.98746081504702,true_negative
12094,1,0.4212487172117109,1,31.33277777777778,0.8297872340425532,49.64305555555556,3,7923.0,6,77.16,0.2348446031372689,0.3010922576532251,45.0531914893617,true_positive
12095,0,0.05277479574201554,0,1.6408333333333334,0.863517060367454,79.30888888888889,4,38053.0,10,170.2,0.1707082570459522,1.346231071479521,104.31233595800524,true_negative
12096,0,0.054026093779891336,0,0.3972222222222222,0.7565217391304347,80.54972222222223,4,23586.0,23,107.08,0.1844657698886418,0.6516615014186696,70.91739130434783,true_negative
12097,0,0.06884895243880897,0,2.8419444444444446,0.603448275862069,78.12027777777777,4,38260.0,12,188.8,0.2034027871977303,2.1140015768397724,135.48491379310346,true_negative
12098,1,0.6317512556313122,1,54.42611111111111,1.0,26.524722222222223,2,3424.0,2,32.6,0.2984460045896835,0.1018258491432282,22.41176470588235,true_positive
12099,1,0.13681712311546557,0,7.621944444444445,0.6639676113360324,73.30111111111111,4,24445.0,12,156.88,0.2228723725745402,1.1095675579188833,92.63157894736842,false_negative
12100,0,0.06831693424632924,0,3.3075,0.7888198757763976,77.62694444444445,4,16612.0,15,80.56,0.169736810985657,0.3709516421911946,51.69565217391305,true_negative
12101,0,0.06557959110735254,0,4.203055555555555,0.5397196261682243,76.72277777777778,4,38876.0,15,207.08,0.1895948362163434,2.169332319308029,133.67757009345794,true_negative
12102,1,0.21547472956493108,0,7.814166666666667,0.2926829268292683,73.10472222222222,3,16004.0,7,137.64,0.2170214708616227,0.7582359846049309,73.79268292682927,false_negative
12103,0,0.5680960943744598,1,37.345,0.9848484848484848,43.55833333333333,3,10637.0,6,26.52,0.2117787885396832,0.0598955056899246,19.560606060606062,false_positive
12104,0,0.02905425410486505,0,0.015,0.42,80.89333333333333,4,77180.0,20,286.6,0.1477736444845136,3.1539903355564154,179.69230769230768,true_negative
12105,0,0.22656271450435642,0,7.5525,0.647887323943662,73.34944444444444,3,7297.0,3,36.92,0.2247100717841864,0.1345578137086822,24.5774647887324,true_negative
12106,0,0.5821595747133543,1,57.790277777777774,1.0,23.106944444444444,2,13600.0,5,100.16,0.2217085194708154,0.5319056962950299,61.20634920634921,false_positive
12107,0,0.05614441508667324,0,1.0269444444444444,0.4701834862385321,79.86527777777778,4,50615.0,14,191.24,0.2005064116939822,1.57583762878643,114.46100917431193,true_negative
12108,0,0.21412627643277568,0,11.533333333333331,0.917910447761194,69.35833333333333,4,14986.0,10,70.0,0.2264199687804245,0.2304927822838198,44.4179104477612,true_negative
12109,1,0.5593693400696877,1,58.54861111111112,1.0,22.32555555555556,2,4262.0,5,35.96,0.2292771385009358,0.1193987461463421,24.46938775510204,true_positive
12110,1,0.4962261984355765,1,16.108888888888888,0.8611111111111112,64.73,2,3999.0,3,23.36,0.2499700615913276,0.0588769845677707,18.05555555555556,true_positive
12111,0,0.7607949093590514,1,58.46694444444445,1.0,22.272777777777776,2,1251.0,4,8.928571428571429,0.2655769433897207,0.0370217207283647,8.928571428571429,false_positive
12112,0,0.2670394342531858,0,17.6775,0.782608695652174,63.08472222222223,4,23885.0,7,141.8,0.2195136683476564,0.7909688893485942,75.72282608695652,true_negative
12113,1,0.7553779127733676,1,63.71388888888889,1.0,17.095555555555556,2,3761.0,4,18.96,0.3027681745034359,0.0510596012513958,14.210526315789474,true_positive
12114,1,0.517520928820033,1,48.57611111111111,1.0,32.22944444444445,2,21541.0,4,107.88,0.2054605952756105,0.5780529542734778,66.63428571428571,true_positive
12115,0,0.0804693585508301,0,0.1786111111111111,0.6086956521739131,80.62527777777778,4,32283.0,11,180.64,0.2083332210804926,1.3916363255104789,110.28853754940712,true_negative
12116,0,0.27873798261514887,0,11.818888888888887,0.5932203389830508,68.97944444444444,4,8733.0,7,75.52,0.228041080528548,0.1485616557772731,44.067796610169495,true_negative
12117,1,0.18035605559676224,0,14.659166666666666,0.6711111111111111,66.06416666666667,4,27827.0,19,84.88,0.2140007208179055,0.3750249023161493,59.31111111111111,false_negative
12118,0,0.2907750881666917,0,5.6725,0.5875,75.11222222222223,4,7215.0,5,60.64,0.2685527430980764,0.2184249112185526,36.625,true_negative
12119,0,0.3796880567470128,1,10.659444444444444,0.6206896551724138,70.1125,3,4920.0,4,32.96,0.2557439479128047,0.0994392601337586,22.93103448275862,false_positive
12120,1,0.7498026720412002,1,54.68333333333333,1.0,26.085277777777776,2,1030.0,3,8.8,0.2096257843325763,0.0346021194987285,8.8,true_positive
12121,1,0.43060933613983576,1,25.729166666666668,0.65,55.047777777777775,3,14531.0,4,146.72,0.223900504970765,0.8823452466263014,89.52777777777777,true_positive
12122,0,0.045785863297161104,0,0.1286111111111111,0.5468277945619335,80.64,4,38821.0,24,171.36,0.1683273532662392,1.3444413260413508,102.06948640483384,true_negative
12123,1,0.5019465524539908,1,4.322777777777778,0.9852941176470588,76.43305555555555,2,4534.0,3,50.56,0.2667205550654291,0.1879638950553979,32.5,true_positive
12124,1,0.48283622696167666,1,24.4625,0.9682539682539684,56.30361111111111,3,5035.0,10,39.96,0.2822369193921026,0.1452510980753169,25.77777777777778,true_positive
12125,0,0.1273302148126794,0,0.1291666666666666,0.6743119266055045,80.62611111111111,4,22811.0,13,206.4,0.2190870499180707,1.8817246344341971,117.38532110091744,true_negative
12126,0,0.25661436991015235,0,19.240277777777777,0.601063829787234,61.504444444444445,3,20790.0,7,140.04,0.211474695764317,0.9587757218386436,82.51595744680851,true_negative
12127,1,0.6943876855029737,1,37.702777777777776,0.4210526315789473,43.04,2,1309.0,2,8.894736842105264,0.2386559181563018,0.0310565085719597,8.894736842105264,true_positive
12128,0,0.05233208115995697,0,3.823055555555555,0.6570048309178744,76.89555555555556,4,23949.0,11,72.8,0.1667297573644951,0.251811373013652,46.14975845410628,true_negative
12129,0,0.6065903982216339,1,50.78277777777778,1.0,29.92,2,4724.0,3,37.84,0.2733751681386549,0.1310836878754309,25.40740740740741,false_positive
12130,0,0.07313773558183279,0,1.0369444444444444,0.5932203389830508,79.66027777777778,4,31934.0,23,149.96,0.2016483170552865,0.9040868998189712,85.54237288135593,true_negative
12131,1,0.0834945975429409,0,4.002222222222223,0.5416666666666666,76.6825,4,16256.0,13,73.28,0.2024881333910701,0.3228467335817075,43.6875,false_negative
12132,0,0.2153545826050727,0,13.83361111111111,0.7649402390438247,59.2,4,25361.0,6,175.96,0.2025144651089548,1.4529580376520466,103.79282868525895,true_negative
12133,0,0.09638186275080488,0,8.782777777777778,0.6736111111111112,71.8638888888889,4,22921.0,17,84.8,0.1836290272663835,0.4001393097544204,54.395833333333336,true_negative
12134,1,0.6549475072759969,1,33.39194444444445,0.625,47.26916666666666,2,1080.0,2,8.5,0.2143619674128081,0.0307550271897066,8.5,true_positive
12135,0,0.11417897549224727,0,2.169722222222222,0.5757575757575758,78.49083333333333,4,15388.0,12,73.92,0.2201332757750936,0.3395051201360433,56.15909090909091,true_negative
12136,0,0.05934022246189745,0,0.4969444444444444,0.3920704845814978,80.12138888888889,4,22165.0,12,110.72,0.1768310224452145,0.6265775899664955,75.66079295154185,true_negative
12137,0,0.06781920358785107,0,1.258888888888889,0.647887323943662,79.38,4,35265.0,16,121.92,0.206299529625952,0.4421428752410165,71.15023474178403,true_negative
12138,0,0.6614816971768026,1,33.13361111111111,0.5555555555555556,30.554166666666667,2,1183.0,2,9.444444444444445,0.2345077006074332,0.0336586232212248,9.444444444444445,false_positive
12139,0,0.18421067813010697,0,1.6419444444444444,0.6493506493506493,79.01027777777777,4,6885.0,7,37.92,0.2568101464901518,0.1118658453393977,24.77922077922078,true_negative
12140,0,0.3108731530738894,0,2.085,0.0555555555555555,78.56,2,1531.0,5,399.44444444444446,0.3206045274997992,3.991824355169741,399.44444444444446,true_negative
12141,1,0.30791881973356494,0,26.460555555555555,0.3311688311688311,54.159444444444446,3,17748.0,5,85.08,0.2173422445404836,0.3485479244784756,56.86363636363637,false_negative
12142,0,0.5881352878417638,1,55.60305555555556,1.0,25.01888888888889,2,3529.0,4,32.84,0.2209475515197228,0.1088138079442428,23.02173913043478,false_positive
12143,1,0.7781445978185859,1,60.61222222222222,1.0,19.982222222222223,2,581.0,3,5.818181818181818,0.2074193175813754,0.0192692802721126,5.818181818181818,true_positive
12144,0,0.1811703600860522,0,0.0733333333333333,0.75,80.5175,4,16728.0,4,117.92,0.2317977431856991,0.6425349611863828,68.73076923076923,true_negative
12145,1,0.15938825243328725,0,8.949166666666667,0.7290076335877863,71.655,4,40217.0,19,116.52,0.2385292241917817,0.5885405956130444,72.36259541984732,false_negative
12146,0,0.505860331053756,1,33.26083333333333,0.4,47.35055555555556,2,5150.0,2,36.4,0.2508259626028776,0.1232739811026557,24.64,false_positive
12147,1,0.1964075971278568,0,4.089722222222222,0.1477272727272727,76.5075,3,12389.0,8,72.76,0.235336537020226,0.290044366271446,42.45454545454545,false_negative
12148,1,0.5152074777284076,1,33.35027777777778,0.7105263157894737,47.21833333333333,2,3472.0,3,21.2,0.2251270532958302,0.0567445090146901,16.342105263157894,true_positive
12149,1,0.7476947689196574,1,59.13111111111111,1.0,21.433611111111112,2,1159.0,3,7.333333333333333,0.2174186179355815,0.0314486314025908,7.333333333333333,true_positive
12150,1,0.1589669317737277,0,12.25,0.5398230088495575,68.33277777777778,4,13521.0,17,70.44,0.2211384698597499,0.2385069383567211,40.26548672566372,false_negative
12151,1,0.6263465971622773,1,35.288333333333334,0.7142857142857143,23.74305555555556,2,800.0,2,4.0,0.2755722333064696,0.0105043669874392,4.0,true_positive
12152,0,0.4306695871585075,1,24.310277777777777,0.9934640522875816,56.22916666666666,2,17430.0,3,97.56,0.2382541479750514,0.4844559992120756,60.63398692810458,false_positive
12153,0,0.06860475717108828,0,2.992777777777778,0.4024390243902439,77.54083333333334,4,29733.0,7,124.88,0.186856966049268,0.6632516273698078,77.47154471544715,true_negative
12154,0,0.11407613240830222,0,0.2769444444444444,0.2534246575342466,80.24027777777778,4,18301.0,13,98.84,0.2454692199192162,0.5421385478989069,61.78082191780822,true_negative
12155,1,0.5133051225365078,1,31.23305555555556,0.5925925925925926,49.25555555555555,3,3080.0,3,13.84,0.2716159067766927,0.0609699791287833,12.925925925925926,true_positive
12156,0,0.1462766184752221,0,2.228055555555556,0.2644628099173554,78.27555555555556,3,14217.0,8,106.36,0.2527144787061311,0.2969354270768189,52.900826446281,true_negative
12157,0,0.11196075965442756,0,4.610833333333333,0.6936416184971098,75.90555555555555,4,18091.0,11,108.96,0.2155753248596281,0.6081848223548552,69.38728323699422,true_negative
12158,0,0.07527509533419578,0,0.1330555555555555,0.4219653179190751,80.37,4,18988.0,14,110.44,0.1965680475892336,0.5939852976071092,66.58959537572254,true_negative
12159,0,0.026723734844106034,0,0.485,0.3106796116504854,80.01083333333334,4,43224.0,16,150.16,0.1546083962959027,1.1552791022832347,101.47330097087378,true_negative
12160,0,0.08249499075747187,0,2.4855555555555555,0.5362318840579711,77.98277777777778,4,27634.0,13,117.6,0.1985420040473904,0.4448185866459966,88.05797101449275,true_negative
12161,0,0.16067401853993238,0,7.244722222222222,0.4931506849315068,73.23694444444445,4,9357.0,8,415.76,0.2209113047314338,4.067787769821644,392.8493150684931,true_negative
12162,0,0.13844784919282085,0,3.954444444444445,0.4846153846153846,76.51555555555555,4,10839.0,8,93.48,0.2295317509344308,0.3701842455034436,65.58461538461539,true_negative
12163,0,0.21363864490297874,0,1.681111111111111,0.027027027027027,78.7838888888889,3,3809.0,4,1219.32,0.2095796702060582,4.608573660227918,1184.1351351351352,true_negative
12164,0,0.07682253869990302,0,0.0397222222222222,0.7330827067669173,80.42111111111112,4,31839.0,21,189.84,0.1942111642610861,1.7662013782382042,115.1127819548872,true_negative
12165,1,0.7423521414866205,1,49.74555555555556,1.0,30.704166666666666,2,634.0,3,5.625,0.2207179764992911,0.0199874247483386,5.625,true_positive
12166,0,0.2107414470091461,0,0.6013888888888889,0.2465753424657534,79.83611111111111,4,8041.0,10,48.8,0.2576734071389305,0.2037832188027538,33.87671232876713,true_negative
12167,0,0.5452036761027802,1,38.03527777777778,0.9146341463414634,42.37083333333333,3,6978.0,5,62.84,0.2395637763041627,0.2101013629276686,41.1219512195122,false_positive
12168,0,0.04601699798056491,0,2.558055555555556,0.7336065573770492,77.88027777777778,4,28413.0,22,104.96,0.1630128926635844,0.4824416672934736,67.19262295081967,true_negative
12169,0,0.11587561827731682,0,1.4425,0.4310344827586206,79.00305555555556,4,13410.0,11,94.12,0.2196444194743731,0.3963428572877621,54.14655172413793,true_negative
12170,0,0.17891261503774614,0,4.758611111111111,0.3058823529411765,75.67805555555556,3,16871.0,9,121.6,0.2260244795677102,0.6803599949047733,73.9235294117647,true_negative
12171,1,0.40400908107303923,1,8.156666666666666,0.9104477611940298,72.26277777777777,3,7476.0,4,41.68,0.3024398540313152,0.1519470892123573,27.19402985074627,true_positive
12172,0,0.04374895293971996,0,1.2380555555555557,0.6559865092748736,79.18305555555555,4,62245.0,31,156.16,0.1829976993368956,1.114239628391762,95.77234401349072,true_negative
12173,0,0.31340548348028824,0,4.415555555555556,0.0,31.53833333333333,2,5821.0,3,195.84,0.1536765547463921,3.5904818372605427,187.3846153846154,true_negative
12174,1,0.5662059725941089,1,35.721944444444446,0.9801980198019802,44.67444444444445,3,11004.0,4,63.84,0.22453933656541,0.2295093343948669,39.10891089108911,true_positive
12175,0,0.05157759491270913,0,6.235277777777778,0.6390168970814132,74.16416666666667,4,53715.0,15,247.16,0.1702263563842576,2.581158193476472,162.1152073732719,true_negative
12176,0,0.05981451040750986,0,1.0005555555555556,0.8587570621468926,79.37472222222222,4,19662.0,9,80.28,0.1943566070901589,0.3981681609237515,51.89265536723164,true_negative
12177,1,0.051690791843163275,0,2.102222222222222,0.3791666666666666,78.28361111111111,4,30383.0,14,131.32,0.1861890296133166,0.7604525678469162,79.31666666666666,false_negative
12178,1,0.3861730999539693,1,25.08416666666667,0.9298245614035088,55.30277777777778,3,16570.0,6,91.52,0.2335340732316746,0.3810306195634528,50.69005847953216,true_positive
12179,0,0.16689577449238166,0,14.807777777777778,0.344,65.56055555555555,4,14336.0,8,70.44,0.2101772155241955,0.3110472804590397,44.944,true_negative
12180,1,0.6758149667304736,1,61.3725,1.0,19.002222222222223,2,4947.0,3,25.64,0.2635661969692593,0.0723518177432395,19.256410256410252,true_positive
12181,0,0.730618454399295,1,71.27638888888889,1.0,9.066666666666666,2,1354.0,3,7.5,0.195141553340611,0.0317411975066987,7.5,false_positive
12182,0,0.06571653284216897,0,0.6125,0.7248322147651006,79.74,4,16246.0,13,72.64,0.1944047190982658,0.3712991305185317,46.32214765100671,true_negative
12183,1,0.11091234970940562,0,1.7052777777777777,0.4931506849315068,78.62138888888889,4,17732.0,11,81.2,0.2359334682568854,0.4251125392759593,62.32876712328767,false_negative
12184,0,0.28487721051730086,0,24.39,0.7993630573248408,55.937777777777775,3,37280.0,15,188.8,0.1935285593620356,1.678338176898917,114.38535031847134,true_negative
12185,1,0.5843202178373083,1,49.94611111111111,1.0,30.38138888888889,2,24747.0,11,106.96,0.2368434454343643,0.66447947033377,70.7215909090909,true_positive
12186,0,0.16376167558954116,0,2.491388888888889,0.2763157894736842,77.82111111111111,4,9596.0,9,63.76,0.2500696232982892,0.1043239262115359,32.526315789473685,true_negative
12187,0,0.0425396140825462,0,2.9055555555555554,0.7298474945533769,77.4088888888889,4,42155.0,12,204.36,0.1599435896420217,2.004314901942768,127.6710239651416,true_negative
12188,0,0.06813870396530118,0,1.0180555555555555,0.7818181818181819,79.26444444444445,4,23352.0,8,76.6,0.1814338423544795,0.3865050354455112,51.13333333333333,true_negative
12189,1,0.4193783810448777,1,31.89472222222222,0.9016393442622952,48.38916666666667,3,17599.0,6,100.84,0.2046276975238291,0.3769853425642866,57.923497267759565,true_positive
12190,0,0.30802844340770147,0,4.798611111111111,0.8245614035087719,75.46916666666667,4,5050.0,7,39.52,0.2607237453141402,0.163695084830472,26.12280701754386,true_negative
12191,1,0.3471665520071375,1,28.587777777777777,0.4174757281553398,51.67555555555556,2,12552.0,8,67.8,0.2144465171886386,0.2903773318996047,43.29126213592233,true_positive
12192,0,0.1657308220333041,0,12.845833333333331,0.7214611872146118,67.41277777777778,4,26826.0,8,132.76,0.1944297451304623,0.4755450836567202,67.70776255707763,true_negative
12193,0,0.46444925162809275,1,35.92944444444444,0.9584775086505192,44.320277777777775,3,25546.0,10,154.32,0.2118765415624809,1.090274793344506,94.93425605536332,false_positive
12194,1,0.45540106645952766,1,25.67972222222222,0.7948717948717948,54.53666666666667,3,2866.0,4,25.4,0.2605282785539589,0.0696480218266629,18.97435897435897,true_positive
12195,0,0.1387059197793762,0,3.553611111111111,0.7641509433962265,76.6913888888889,3,13881.0,8,75.08,0.231217298709664,0.3052122555425114,45.764150943396224,true_negative
12196,0,0.1899999010074932,0,6.021111111111111,0.9384615384615383,74.21944444444445,3,14884.0,3,92.6,0.2188190961438296,0.4058188492689223,55.9,true_negative
12197,0,0.5932033488629052,1,52.26833333333333,1.0,27.96583333333333,2,6218.0,3,49.88,0.24579393308583,0.1913361295459534,32.09722222222222,false_positive
12198,1,0.32194430662180845,1,17.201944444444443,0.0,23.112222222222226,2,11361.0,3,70.08,0.2116436996175643,0.303260347891278,43.046728971962615,true_positive
12199,1,0.28476754533042903,0,3.7488888888888887,0.3552631578947368,75.51638888888888,3,9766.0,5,63.08,0.2697595574108445,0.1893719047342195,40.6578947368421,false_negative
12200,1,0.21459283184941846,0,8.709722222222222,0.5957446808510638,71.51472222222222,3,13404.0,3,92.72,0.2420081416495824,0.3631197333765791,59.95744680851064,false_negative
12201,0,0.11417511534924207,0,1.0883333333333334,0.7666666666666667,79.12388888888889,4,14416.0,10,68.92,0.2500418041644575,0.2999311513388026,43.56666666666667,true_negative
12202,1,0.45338855837430037,1,9.390833333333331,0.8064516129032258,70.81861111111111,2,2685.0,3,17.08,0.3105552898859747,0.0566227649033046,14.451612903225806,true_positive
12203,1,0.11114001345539408,0,11.963611111111112,0.6506666666666666,68.2538888888889,4,38468.0,11,156.32,0.1812741736477988,1.0770281780251576,101.28,false_negative
12204,0,0.05795594346668696,0,0.0197222222222222,0.3238255033557047,80.18833333333333,4,58462.0,14,202.0,0.2379012940690452,2.355808208657272,140.59060402684565,true_negative
12205,1,0.13697472119309692,0,10.3475,0.6934673366834171,69.86027777777778,4,47891.0,11,245.68,0.1893573197136252,2.8134210503442305,166.11892797319933,false_negative
12206,0,0.07093212436497277,0,7.170555555555556,0.5373831775700935,73.03555555555556,4,51678.0,10,197.4,0.1783502171228896,2.32481924293107,136.5981308411215,true_negative
12207,0,0.5446141190301308,1,27.14638888888889,0.24,53.05833333333333,2,1868.0,2,13.0,0.2351241120508523,0.0481368960380314,13.0,false_positive
12208,0,0.32580183712276223,1,24.488333333333333,0.6923076923076923,55.702777777777776,3,26241.0,7,156.04,0.2314058822242946,1.2006751214557012,98.16666666666669,false_positive
12209,0,0.3607080455817743,1,30.909444444444443,0.8666666666666667,49.27777777777778,3,8972.0,4,72.36,0.2424294273640182,0.1999650069860772,46.02222222222223,false_positive
12210,0,0.02826511660034577,0,1.8902777777777775,0.5737463126843658,78.28555555555556,4,64266.0,23,192.36,0.1656960134337438,2.418246380636892,140.03244837758112,true_negative
12211,1,0.20306178427171298,0,11.2725,0.4142857142857143,68.89916666666667,4,9071.0,5,29.4,0.175248767368159,0.0744058440948955,18.47142857142857,false_negative
12212,0,0.11080542024488788,0,2.348333333333333,0.8693181818181818,77.83666666666667,4,21435.0,14,95.64,0.2174777151413314,0.5056806371478216,61.375,true_negative
12213,0,0.07883074495286616,0,4.059722222222222,0.602996254681648,79.33583333333333,4,35427.0,15,193.68,0.2061576493690771,1.671763782480264,109.64419475655431,true_negative
12214,0,0.15041491148459418,0,2.118888888888889,0.275,78.04,4,10841.0,9,58.28,0.2316375816366683,0.2027699770581407,35.775,true_negative
12215,1,0.714185279480296,1,58.49916666666667,1.0,21.641944444444444,2,1690.0,2,9.947368421052632,0.2594831169315637,0.0443419392555214,9.947368421052632,true_positive
12216,0,0.30898643934301134,0,30.38888888888889,0.51875,49.75694444444444,3,19448.0,12,98.4,0.1881848810714332,0.4499803597794436,59.2875,true_negative
12217,0,0.028811540849625228,0,0.2302777777777777,0.3636363636363636,79.92194444444445,4,76267.0,29,208.12,0.1559232959566554,2.375839343181825,145.67660208643815,true_negative
12218,1,0.2922986202061171,0,22.65055555555556,0.6391304347826087,57.50277777777778,4,23770.0,5,169.88,0.2083094623593308,1.1407320743465512,108.07391304347826,false_negative
12219,0,0.11541547156695915,0,10.425277777777778,0.7103174603174603,69.73527777777778,4,27649.0,9,147.16,0.1817127583470875,1.00577545166244,84.14285714285714,true_negative
12220,0,0.15302233498804882,0,10.46111111111111,0.6579925650557621,69.695,4,24631.0,11,151.88,0.1745675530328212,1.238440442919028,97.8996282527881,true_negative
12221,0,0.3063597110201559,0,4.740833333333334,0.7407407407407407,75.40194444444444,2,2856.0,7,13.24,0.2792206069408093,0.0679428267131712,12.37037037037037,true_negative
12222,1,0.4725640517914447,1,37.16583333333333,0.8974358974358975,42.97444444444445,3,3847.0,3,22.92,0.2552275795701056,0.0593976914238793,17.128205128205128,true_positive
12223,0,0.6264259315769641,1,54.04277777777778,1.0,26.081666666666667,2,3181.0,2,20.68,0.2526905615770577,0.0631891767432619,16.529411764705884,false_positive
12224,0,0.08916614573807369,0,0.0294444444444444,0.6,80.10055555555556,4,21852.0,13,167.84,0.212362262993421,1.3500498583177492,100.87307692307692,true_negative
12225,0,0.06898380269978022,0,0.4297222222222222,0.441025641025641,79.68888888888888,4,29732.0,25,123.24,0.1949278770444257,0.67190323083803,72.8051282051282,true_negative
12226,0,0.039360619097838036,0,3.821111111111111,0.5929919137466307,76.30972222222222,4,48431.0,13,153.2,0.1763212321073138,1.0194306134224365,96.5256064690027,true_negative
12227,0,0.1444434278354138,0,3.1983333333333333,0.5652173913043478,76.92694444444444,3,17563.0,8,121.8,0.232337852125828,0.6644951166661661,70.3913043478261,true_negative
12228,1,0.33592540863089343,1,12.49611111111111,0.61,69.26944444444445,4,8095.0,6,62.6,0.3058274976282465,0.1946355779097328,34.13,true_positive
12229,0,0.39775430150632496,1,36.88,0.8412698412698413,44.46388888888889,3,11412.0,7,100.36,0.2243628796644875,0.5077673242607773,59.42063492063492,false_positive
12230,0,0.4561729771801628,1,32.37694444444445,0.9428571428571428,47.744166666666665,3,19611.0,10,103.36,0.2088242745634191,0.5508343901423063,65.33333333333333,false_positive
12231,1,0.4795617519929895,1,45.25694444444444,0.9008264462809916,34.85111111111111,3,13593.0,5,82.88,0.2646270992322091,0.3420145483338038,49.67768595041322,true_positive
12232,1,0.7528563194976844,1,29.06805555555556,0.6666666666666666,50.97027777777778,2,197.0,3,1.6666666666666667,0.1817584180782154,0.008833689308719,1.6666666666666667,true_positive
12233,0,0.6656482111331532,1,53.12027777777778,1.0,31.422777777777775,2,2070.0,2,9.157894736842104,0.3158091600392069,0.0565017727087441,9.157894736842104,false_positive
12234,0,0.26616242609662083,0,24.516944444444444,0.6979166666666666,55.57861111111111,3,28995.0,10,115.88,0.1970786307877543,0.5613903349789354,71.63541666666667,true_negative
12235,0,0.05894439351412598,0,6.881944444444445,0.6133828996282528,73.20305555555555,4,32980.0,12,132.08,0.1819149403072344,0.8340228862260016,80.71375464684014,true_negative
12236,0,0.0722560961450452,0,4.9816666666666665,0.5389908256880734,75.09833333333333,4,45472.0,15,209.96,0.1761912688594339,2.001786734523148,133.80504587155963,true_negative
12237,0,0.11854200407563027,0,1.3186111111111112,0.7614678899082569,78.75166666666667,4,13731.0,10,51.16,0.2247178460424542,0.2080490396789049,33.6605504587156,true_negative
12238,1,0.2277291342071247,0,11.507222222222222,0.8723404255319149,68.55944444444444,4,11076.0,7,76.72,0.2082389735314969,0.2944879489924435,48.85106382978724,false_negative
12239,1,0.8150016980103735,1,61.44888888888889,1.0,18.60944444444445,2,880.0,2,4.5,0.2853080003730101,0.0117604358864192,4.5,true_positive
12240,0,0.07909476200185253,0,1.5177777777777777,0.6373056994818653,78.53527777777778,4,19806.0,8,97.76,0.1844386051278207,0.4651365200812734,63.95336787564767,true_negative
12241,0,0.058498409822351875,0,0.0238888888888888,0.5673400673400674,80.01583333333333,4,45457.0,12,236.6,0.1638751240934318,2.644580558588998,157.989898989899,true_negative
12242,0,0.3014037904005182,0,10.358333333333333,0.7717391304347826,69.64722222222223,4,9199.0,8,67.76,0.2334798230784292,0.2379924628755104,42.71739130434783,true_negative
12243,0,0.6509013505419713,1,53.84972222222222,1.0,26.17361111111111,2,2628.0,4,12.0,0.2430693552053551,0.0490514699318442,12.0,false_positive
12244,0,0.3615978628289707,1,23.655833333333334,0.6428571428571429,56.35777777777778,4,4935.0,8,42.76,0.2336004657722628,0.1655619545425696,28.303571428571427,false_positive
12245,0,0.17209938691720109,0,0.3402777777777778,0.0985915492957746,79.65138888888889,4,7273.0,4,317.68,0.2019858306019033,3.8217250486961274,319.5211267605634,true_negative
12246,0,0.25811557728919576,0,13.617222222222225,0.7570093457943925,66.36888888888889,4,20871.0,11,131.64,0.2330997746508903,0.7698230167507624,79.89719626168224,true_negative
12247,0,0.17368006350679277,0,2.593611111111111,0.4700854700854701,77.38333333333334,3,13892.0,4,93.72,0.219384881891117,0.4257515546479991,55.35897435897436,true_negative
12248,0,0.1347958851820532,0,10.019444444444444,0.5591836734693878,69.93916666666667,4,28618.0,11,148.96,0.1971618562940837,0.985134752291337,86.68571428571428,true_negative
12249,1,0.45439849357559525,1,25.42083333333333,0.5116279069767442,54.545,2,4099.0,3,24.88,0.2559002122810079,0.0687844379510883,18.41860465116279,true_positive
12250,0,0.16105709254613737,0,3.898888888888889,0.8584905660377359,76.00444444444445,4,10638.0,9,89.48,0.2379185156648773,0.3817055014826614,52.86792452830189,true_negative
12251,0,0.6885912302506036,1,54.848055555555554,1.0,23.89,2,1872.0,4,15.96,0.1640648201993872,0.0466400942474842,14.10344827586207,false_positive
12252,0,0.14728724610800545,0,2.2980555555555555,0.7711864406779662,77.6536111111111,4,12707.0,11,70.56,0.2582429927625383,0.3080868427320506,44.03389830508475,true_negative
12253,1,0.6059535589825683,1,52.04055555555556,1.0,27.89,2,40474.0,5,212.96,0.3111376049883312,2.548238614661446,143.93201754385964,true_positive
12254,1,0.6541550515134662,1,54.3675,1.0,25.557222222222222,2,4241.0,5,48.56,0.2315785475910249,0.104232034829473,31.795454545454547,true_positive
12255,1,0.7422234050704059,1,2.0027777777777778,0.5,77.91888888888889,2,372.0,2,2.6666666666666665,0.191837074601305,0.0126137606860063,2.6666666666666665,true_positive
12256,1,0.625689539603194,1,37.840555555555554,0.25,41.903055555555554,3,768.0,3,6.5,0.1609628974369168,0.0238530107448746,6.5,true_positive
12257,0,0.1915172441931989,0,20.535833333333333,0.6487603305785123,59.37583333333333,4,49419.0,7,220.24,0.1862696330982596,2.113731291823781,142.7809917355372,true_negative
12258,0,0.27805434969991083,0,0.0061111111111111,0.2027027027027027,79.88166666666666,2,8287.0,4,60.6,0.2350542970613608,0.2040962639392236,37.08108108108108,true_negative
12259,1,0.7639416774483373,1,59.956944444444446,1.0,19.951666666666668,2,2139.0,3,15.56,0.2705083457621842,0.0540807036276263,13.466666666666669,true_positive
12260,0,0.03421327710750659,0,0.7430555555555556,0.5147392290249433,79.0911111111111,4,55028.0,28,206.76,0.1691857650684387,2.0083412003761416,127.54648526077098,true_negative
12261,0,0.19422804541897903,0,6.378055555555555,0.8106508875739645,73.51805555555555,3,18584.0,4,89.04,0.2354408148827636,0.4719478374282724,59.77514792899408,true_negative
12262,1,0.5344537147558839,1,39.41583333333333,0.921875,40.47,3,6913.0,4,41.28,0.2048434423862896,0.1437014962733043,27.09375,true_positive
12263,0,0.5969827410916482,1,57.47638888888889,1.0,22.40833333333333,2,5422.0,3,48.72,0.2295353581889652,0.1772331470177352,31.16176470588235,false_positive
12264,1,0.6869663689188831,1,57.25416666666667,1.0,22.626944444444444,2,4649.0,3,23.8,0.2394177985434861,0.0746528738590578,17.568181818181817,true_positive
12265,1,0.7141260770394156,1,58.80694444444445,1.0,21.07333333333333,2,4184.0,3,24.12,0.2633289825746818,0.0745707413951993,18.05,true_positive
12266,0,0.5557290936963754,1,53.08638888888889,1.0,26.788611111111116,2,10213.0,5,69.72,0.255577932727365,0.2951000699142643,42.724489795918366,false_positive
12267,0,0.5225485305641439,1,31.0275,0.9230769230769232,48.84527777777778,3,5440.0,7,40.6,0.2588899983683972,0.1531416346096585,26.646153846153847,false_positive
12268,1,0.5401591005234394,1,52.72,1.0,27.145,2,14009.0,4,108.92,0.2264609516152421,0.497364579096835,64.4225352112676,true_positive
12269,0,0.7100330589973018,1,14.491666666666667,0.5714285714285714,65.37083333333334,3,476.0,3,4.0,0.1365990664341059,0.0105043669874392,4.0,false_positive
12270,0,0.04220387577598108,0,4.550833333333333,0.7026431718061674,75.31333333333333,4,36675.0,20,172.0,0.164704944785106,1.268067068547594,113.24229074889868,true_negative
12271,0,0.37211055884724487,1,0.0197222222222222,0.8985507246376812,79.82916666666667,3,6695.0,3,46.28,0.2627124265999028,0.1752882635064934,29.49275362318841,false_positive
12272,0,0.08597925843810972,0,0.0494444444444444,0.5125,79.7775,4,19218.0,16,113.12,0.2161559126610928,0.5374987386233328,72.4375,true_negative
12273,0,0.3444969740560052,1,5.8025,0.9885057471264368,74.01055555555556,3,9241.0,5,69.12,0.2478242747312774,0.2677191323448982,40.55172413793103,false_positive
12274,0,0.4597918771397994,1,9.6625,0.7,70.14888888888889,4,2480.0,4,15.96,0.2168653692552773,0.0530883591047554,13.8,false_positive
12275,1,0.28770339431753406,0,7.136388888888889,0.913978494623656,72.67333333333333,3,30833.0,7,114.96,0.2445081585083875,0.71919426182704,78.53763440860214,false_negative
12276,0,0.12001301369494405,0,0.2861111111111111,0.4065040650406504,79.5225,3,13723.0,9,83.08,0.211483603598258,0.3802069215915306,53.040650406504064,true_negative
12277,0,0.2409212288396498,0,1.1275,0.7446808510638298,78.68083333333334,3,8701.0,4,70.68,0.2243609579306844,0.2585491266401421,61.680851063829785,true_negative
12278,1,0.7352417460890168,1,54.73083333333334,1.0,25.037777777777777,2,928.0,2,7.3125,0.1535636197020762,0.025147284181058,7.3125,true_positive
12279,0,0.38956576838175433,1,5.5825,0.9285714285714286,74.21138888888889,3,4554.0,4,21.04,0.2489825578135935,0.0733461996156018,15.595238095238097,false_positive
12280,0,0.23895931653014607,0,4.779444444444445,0.7341772151898734,74.93527777777778,4,8374.0,4,60.84,0.260503866958383,0.1994928843721581,36.0,true_negative
12281,1,0.15375738030737388,0,0.5019444444444444,0.8079470198675497,79.27666666666667,4,30755.0,13,286.24,0.2414753243776393,2.4286132565000016,165.73841059602648,false_negative
12282,0,0.46375203321749225,1,5.341111111111111,0.9230769230769232,74.44,3,3214.0,6,23.0,0.2859031931521593,0.0835714104383795,17.102564102564102,false_positive
12283,0,0.18503368949723745,0,3.4966666666666666,0.3023255813953488,76.30194444444444,4,4258.0,10,388.76,0.2169406060428176,3.5503343537001584,368.72093023255815,true_negative
12284,1,0.4065637453292898,1,24.848333333333333,0.9362745098039216,54.91138888888889,3,25181.0,11,140.16,0.2230567466928166,0.9111288337520088,81.33823529411765,true_positive
12285,0,0.38830185285992525,1,30.38277777777778,0.943502824858757,49.37166666666667,3,20490.0,6,81.8,0.189362294535367,0.4234933198708105,53.706214689265536,false_positive
12286,0,0.027057714285120233,0,2.0097222222222224,0.6295585412667947,77.70444444444445,4,49775.0,20,170.24,0.1470582954123275,1.384876023662692,107.44337811900192,true_negative
12287,1,0.4724853511636548,1,3.138055555555556,0.1379310344827586,76.60694444444445,3,1946.0,4,16.56,0.2419198789650495,0.0600860767880834,14.620689655172416,true_positive
12288,1,0.8091086268177953,1,58.505833333333335,1.0,21.23611111111111,2,225.0,2,3.0,0.3305341729778826,0.0116914271366135,3.0,true_positive
12289,0,0.5506439255938504,1,48.14555555555555,1.0,31.557777777777776,2,9299.0,8,64.48,0.2110022430414097,0.2629041263987154,38.67948717948718,false_positive
12290,1,0.7247712267570656,1,62.04666666666667,1.0,17.66583333333333,2,6092.0,4,24.72,0.2559320806945723,0.0630059820771196,18.0,true_positive
12291,1,0.5524188404983064,1,56.87638888888889,1.0,22.858888888888888,2,4266.0,2,28.44,0.24073217603291,0.0801797322680047,20.65853658536585,true_positive
12292,0,0.364809394478771,1,15.723055555555556,0.4,63.98388888888889,2,4496.0,2,39.96,0.256628856745095,0.0613150726127258,27.8,false_positive
12293,0,0.11360718570416899,0,0.9452777777777778,0.8441558441558441,78.77638888888889,4,26018.0,16,142.04,0.2213299464255812,0.8591959260312535,80.7012987012987,true_negative
12294,0,0.12073604636068683,0,0.8625,0.4745762711864407,78.84611111111111,4,20843.0,6,84.84,0.2073780956420718,0.355082646209137,49.24576271186441,true_negative
12295,1,0.17550814073795215,0,2.7116666666666664,0.912280701754386,77.00138888888888,3,10537.0,8,72.16,0.2074120277694173,0.2672968397012504,47.71052631578947,false_negative
12296,0,0.07575112116930728,0,6.095277777777778,0.7797356828193832,73.60666666666667,4,26399.0,14,99.6,0.2006438314491718,0.5674553154833882,69.45374449339207,true_negative
12297,0,0.13422274020048372,0,9.666944444444445,0.5043478260869565,70.03944444444444,4,38529.0,16,107.0,0.194969670620421,0.639902173106184,74.0695652173913,true_negative
12298,0,0.6114936113873487,1,49.44166666666667,1.0,30.25583333333333,2,3268.0,3,31.4,0.2593890745642126,0.1007808997147347,22.11111111111111,false_positive
12299,0,0.09550582763325897,0,3.1625,0.8198529411764706,76.53277777777778,4,21873.0,8,82.72,0.19371666256514,0.2726012033449284,46.79779411764706,true_negative
12300,0,0.07723250353711586,0,0.5972222222222222,0.628125,79.07055555555556,4,30146.0,10,175.08,0.1822845481073972,1.6844917083778506,113.63125,true_negative
12301,0,0.7949675534135152,1,62.22555555555556,1.0,17.43638888888889,2,698.0,3,8.166666666666666,0.1585683461262308,0.0362612986279466,8.166666666666666,false_positive
12302,0,0.047074736346393094,0,4.786388888888889,0.4880952380952381,74.86666666666666,4,39226.0,10,123.96,0.1791203596890719,0.5845755452144639,78.92857142857143,true_negative
12303,1,0.4567797355415515,1,28.646944444444443,0.8604651162790697,50.98583333333333,3,4108.0,4,30.96,0.2275437599687877,0.0959448647020309,21.976744186046517,true_positive
12304,1,0.7053667392921085,1,69.62638888888888,1.0,10.02111111111111,2,1491.0,2,12.652173913043478,0.2170322685622316,0.0501639231958309,12.652173913043478,true_positive
12305,1,0.735247608844084,1,50.15694444444444,1.0,29.486666666666668,2,1342.0,3,13.0,0.1880204769592631,0.0481368960380314,13.0,true_positive
12306,0,0.3002504044674538,0,1.2391666666666667,0.9939879759519038,78.40833333333333,4,34683.0,7,62.08,0.2232124742154316,0.2593086005163592,44.97595190380761,true_negative
12307,1,0.7514671538699969,1,69.87166666666667,1.0,9.770555555555555,2,1699.0,2,14.64,0.2431986198022947,0.0524550691353693,13.666666666666666,true_positive
12308,1,0.37955687424024687,1,30.60527777777778,0.9014084507042254,49.01166666666666,3,22562.0,12,145.96,0.1996244321785919,1.0434543628286224,83.88262910798122,true_positive
12309,1,0.7649874902387465,1,53.4675,1.0,26.15861111111111,2,1028.0,3,3.857142857142857,0.2143033502442878,0.0139490263049451,3.857142857142857,true_positive
12310,0,0.07578727826013462,0,0.3277777777777778,0.628099173553719,79.29972222222223,4,23264.0,6,119.16,0.191665363240751,0.7074149828803006,76.20661157024793,true_negative
12311,1,0.6786540163330159,1,9.958333333333334,0.1428571428571428,69.65638888888888,2,561.0,2,4.857142857142857,0.2653697813039082,0.012777952477823,4.857142857142857,true_positive
12312,0,0.134890963095563,0,0.665,0.6333333333333333,78.95111111111112,4,20105.0,14,152.48,0.2252733849237474,0.9671491337463618,87.34444444444445,true_negative
12313,0,0.2555294706694899,0,2.653611111111111,0.5490196078431373,76.95805555555556,2,5404.0,4,34.92,0.2461826145446275,0.1158168130448173,24.235294117647054,true_negative
12314,0,0.14194157935817667,0,1.488611111111111,0.6826923076923077,78.12555555555555,4,9913.0,7,77.04,0.2514241879242656,0.3177232996020656,53.55769230769231,true_negative
12315,0,0.03309154390611164,0,0.8805555555555555,0.4427480916030534,78.71055555555556,4,30503.0,21,112.12,0.1634213727592421,0.7476270382640173,78.21374045801527,true_negative
12316,0,0.4260863913905549,1,31.64583333333333,0.7583333333333333,47.94055555555556,3,12062.0,8,71.08,0.2429066734617714,0.3264266980531156,44.73333333333333,false_positive
12317,0,0.39343997482859094,1,33.12388888888889,0.5714285714285714,46.39527777777778,2,1255.0,2,405.1428571428572,0.3428725089625554,2.938521938975864,405.1428571428572,false_positive
12318,1,0.7746397582276875,1,58.88333333333333,1.0,20.67527777777778,2,3144.0,2,13.4,0.2359527437289503,0.0650909663729368,11.89655172413793,true_positive
12319,0,0.43795688578060177,1,15.95861111111111,0.78125,63.602222222222224,4,3617.0,6,18.64,0.2341381108662762,0.0500171485024775,15.4375,false_positive
12320,0,0.15180705999114638,0,1.7005555555555556,0.6289308176100629,77.84555555555555,4,21884.0,13,86.0,0.2668278920529504,0.4124752203383062,52.44025157232704,true_negative
12321,0,0.4955611210680938,1,37.30777777777778,0.7446808510638298,42.244166666666665,3,3317.0,5,51.8,0.2334603437192606,0.0753323543517164,32.91489361702128,false_positive
12322,0,0.11430330957652546,0,0.0413888888888888,0.4306569343065693,79.48972222222223,4,14612.0,5,87.64,0.2089935550840715,0.3917811459054575,53.07299270072993,true_negative
12323,0,0.172236659726583,0,9.5475,0.5528169014084507,69.99333333333334,4,30926.0,13,133.96,0.2183546440877415,0.77838688820586,84.15845070422536,true_negative
12324,0,0.590471268751571,1,52.91277777777778,1.0,26.629444444444445,2,4117.0,3,28.84,0.254532815700778,0.0760108917001251,20.704545454545453,false_positive
12325,0,0.1293100892446035,0,7.430833333333333,0.575,72.08333333333333,4,35983.0,9,181.84,0.2168013287464676,1.4816140698240796,105.21666666666668,true_negative
12326,0,0.20442506275037053,0,12.207777777777778,0.5359477124183006,67.28972222222222,4,18770.0,10,100.84,0.2664051810764937,0.4840523536349136,60.81699346405229,true_negative
12327,0,0.07275676646222513,0,7.965833333333333,0.7515151515151515,71.54333333333334,4,24798.0,11,90.04,0.1700749862766283,0.2876199073092856,44.58787878787879,true_negative
12328,1,0.7123578379203009,1,29.7975,0.8888888888888888,49.70305555555556,2,579.0,3,5.111111111111111,0.2302917787307441,0.0192661367030612,5.111111111111111,true_positive
12329,0,0.14417285594594859,0,8.726111111111111,0.734375,70.77361111111111,4,16204.0,9,84.56,0.2168798262277434,0.3790452406773905,59.1484375,true_negative
12330,0,0.4685389579028251,1,46.00361111111111,0.9432624113475178,33.50388888888889,3,14280.0,8,87.0,0.2397727388675508,0.3565842020033141,51.56737588652482,false_positive
12331,0,0.18892866223234528,0,9.197777777777778,0.4871794871794871,70.29277777777777,4,8555.0,5,78.48,0.2176794632575213,0.2090070314993018,46.91025641025641,true_negative
12332,1,0.3868744645110866,1,33.27055555555555,0.9059233449477352,46.625,3,26778.0,9,149.48,0.199714032900659,0.8394688818687662,89.58188153310104,true_positive
12333,0,0.1310932593315609,0,1.146388888888889,0.3082191780821918,78.32777777777778,4,16143.0,7,100.24,0.2168200867340806,0.4853988974634231,58.8013698630137,true_negative
12334,1,0.27435775385573097,0,10.247777777777776,0.4310344827586206,64.67777777777778,4,5273.0,7,28.16,0.2341296510524267,0.0906056551793995,18.93103448275862,false_negative
12335,1,0.43074584829684287,1,2.3383333333333334,0.9807692307692308,77.16,3,4981.0,4,36.0,0.2562354594026724,0.1345319302267746,24.442307692307693,true_positive
12336,0,0.08465498686620436,0,0.5725,0.8,78.90333333333334,4,13667.0,8,75.92,0.1944678439946197,0.2619807606999411,43.71428571428572,true_negative
12337,1,0.7999177917990703,1,28.5975,0.5,50.879444444444445,2,114.0,2,1.5,0.0916619901538116,0.0109316240897819,1.5,true_positive
12338,0,0.4155042096896074,1,13.223055555555556,0.9230769230769232,66.23638888888888,3,6193.0,5,82.64,0.2384284506234364,0.1905574733572942,48.38461538461539,false_positive
12339,0,0.6259731338507457,1,34.24916666666667,0.9523809523809524,45.21416666666666,3,2079.0,5,9.714285714285714,0.3139412461016594,0.0416611003114597,9.714285714285714,false_positive
12340,1,0.585512756840882,1,49.909444444444446,1.0,29.551666666666662,2,5540.0,5,34.44,0.2641215960167125,0.0991466475577352,20.966666666666665,true_positive
12341,1,0.6095768642171944,1,59.81,1.0,19.626944444444444,2,3193.0,3,25.36,0.2570780564098168,0.0810450751232759,19.07894736842105,true_positive
12342,0,0.45380373161697884,1,31.5275,0.5737704918032787,47.91944444444445,3,5766.0,8,39.44,0.2867345477342191,0.1604851807370872,26.39344262295082,false_positive
12343,0,0.438818073882467,1,45.18833333333333,0.9553903345724908,34.229166666666664,3,31044.0,7,119.76,0.1751258012862499,0.5444183388646892,73.14498141263941,false_positive
12344,0,0.41388593838706883,1,10.884722222222225,0.8356164383561644,68.5575,2,6129.0,4,49.0,0.2530736793925999,0.1750378492912957,30.684931506849317,false_positive
12345,0,0.04565396585168367,0,0.7547222222222222,0.5166163141993958,78.66555555555556,4,46384.0,15,218.28,0.1703101778549244,1.327803693843428,113.7069486404834,true_negative
12346,0,0.46202823286923317,1,33.93972222222222,0.944206008583691,45.49444444444445,3,17482.0,6,185.12,0.2275657020931317,1.6255240828956323,104.84978540772532,false_positive
12347,0,0.05095967236706562,0,1.7963888888888888,0.8833922261484098,77.60166666666667,4,28820.0,14,111.28,0.1790378552414209,0.6482190596527686,73.96466431095406,true_negative
12348,1,0.4425106445501936,1,26.08083333333333,0.9298245614035088,53.31861111111111,3,14225.0,5,95.2,0.2282942845036416,0.4088195286403559,55.60818713450293,true_positive
12349,0,0.21210812664687784,0,23.534166666666668,0.7559055118110236,55.86055555555556,4,35589.0,7,126.84,0.1904525828023895,0.7272796142481005,84.88188976377953,true_negative
12350,0,0.07545706687509482,0,0.8916666666666667,0.5323383084577115,78.49388888888889,4,29276.0,26,107.72,0.2289583571598263,0.5579368852191331,68.51741293532338,true_negative
12351,1,0.4902169855299581,1,42.46944444444444,0.8444444444444444,36.92111111111111,3,5119.0,4,32.2,0.181101637194258,0.1084757065277053,23.044444444444444,true_positive
12352,1,0.7466613556307506,1,56.26888888888889,1.0,23.10333333333333,2,2624.0,3,6.714285714285714,0.3096826819564762,0.0310514479433003,6.714285714285714,true_positive
12353,0,0.0977135095676761,0,3.517777777777778,0.8140703517587939,75.84666666666666,4,21676.0,13,128.36,0.202272447779769,0.6838614018644827,79.31658291457286,true_negative
12354,0,0.64122624799747,1,31.89472222222222,0.2142857142857142,47.45722222222222,2,2050.0,3,6.428571428571429,0.2831095774809523,0.0321698622547324,6.428571428571429,false_positive
12355,1,0.6858381291258796,1,26.905277777777776,0.9230769230769232,52.45666666666666,2,1005.0,3,6.615384615384615,0.2258913100710812,0.023599157470598,6.615384615384615,true_positive
12356,0,0.1709626515521887,0,7.136388888888889,0.375796178343949,72.21472222222222,4,10839.0,10,100.68,0.2281223854926491,0.4768355082955138,71.71337579617834,true_negative
12357,0,0.22434510186886597,0,13.184722222222222,0.8157894736842105,74.27166666666666,4,19778.0,17,370.04,0.2352107016691024,3.9262511277208647,306.11052631578946,true_negative
12358,0,0.5551837562218238,1,25.055,0.7857142857142857,54.263888888888886,3,1664.0,4,9.142857142857142,0.3309527666368769,0.027921402991309,9.142857142857142,false_positive
12359,0,0.8401555219106985,1,55.49222222222223,1.0,20.099444444444444,2,437.0,3,5.0,0.152946963034407,0.0117531547418205,5.0,false_positive
12360,0,0.091919172676654,0,4.409722222222222,0.7318840579710145,74.91194444444444,4,15911.0,10,76.84,0.1967599683856865,0.4038003960929948,49.26811594202898,true_negative
12361,0,0.2234821239383157,0,8.205555555555556,0.4078947368421052,71.09416666666667,4,7855.0,11,67.8,0.2295277246124382,0.2743936275958283,40.85526315789474,true_negative
12362,0,0.32307133552523704,1,25.61,0.6925925925925925,53.70805555555555,3,28486.0,6,176.08,0.1931050660974735,1.4450199764048852,103.41851851851852,false_positive
12363,1,0.3800886833130809,1,5.355833333333333,0.2857142857142857,73.92194444444445,3,3790.0,4,13.04,0.2987299675291509,0.0652216975727358,11.857142857142858,true_positive
12364,1,0.439645900316158,1,29.3425,0.8316831683168316,49.949444444444445,2,8179.0,3,69.72,0.2771517213083476,0.3072181130588783,41.24752475247525,true_positive
12365,0,0.1157753279328986,0,2.7491666666666665,0.3856209150326797,76.52833333333334,4,22303.0,13,94.92,0.2134368305785408,0.4392131505210225,59.95424836601307,true_negative
12366,0,0.4749047374411955,1,3.620555555555556,0.5454545454545454,75.68611111111112,3,1608.0,4,11.136363636363637,0.2068264874542572,0.0507964393721096,11.136363636363637,false_positive
12367,1,0.19165980255363113,0,10.706388888888888,0.5185185185185185,68.57861111111112,4,10840.0,6,70.76,0.2065156298560898,0.2944119058296521,47.0,false_negative
12368,0,0.050816950864185355,0,0.9163888888888888,0.4325955734406438,78.33111111111111,4,56720.0,20,194.88,0.2204238114443932,2.000484763152833,119.85110663983905,true_negative
12369,0,0.6572107347383879,1,53.689166666666665,1.0,25.58277777777778,2,18807.0,3,162.76,0.221122910565461,0.8989703107727587,88.30859375,false_positive
12370,0,0.1871637479342401,0,8.961388888888889,0.4878048780487805,70.29472222222222,4,17035.0,7,97.36,0.2251092960400221,0.4915970609547689,62.60365853658536,true_negative
12371,0,0.1584303325254816,0,10.105277777777776,0.6467065868263473,69.13972222222222,4,20587.0,13,92.72,0.194595591445455,0.4372929392803362,60.83832335329341,true_negative
12372,0,0.44486904904691565,1,30.51083333333333,0.5714285714285714,48.73333333333333,2,7607.0,2,49.32,0.2550846999036802,0.1696564606777814,30.742857142857144,false_positive
12373,0,0.22126977082481447,0,12.7975,0.90990990990991,66.41805555555555,4,30013.0,14,142.72,0.2115502890199608,0.8970893484806739,81.03603603603604,true_negative
12374,0,0.0956730928363271,0,5.128888888888889,0.6286919831223629,74.10472222222222,4,24832.0,10,117.28,0.2081725650298216,0.6375857835696814,79.26582278481013,true_negative
12375,1,0.6121979144756292,1,51.01027777777778,1.0,28.225277777777777,2,6556.0,3,48.48,0.2476982247603263,0.204295167965482,32.046875,true_positive
12376,0,0.10826180285094415,0,5.620277777777778,0.5801526717557252,73.60055555555556,4,14618.0,15,66.84,0.2406981058409472,0.2370888053860077,40.30534351145038,true_negative
12377,0,0.06469884795452172,0,0.2513888888888889,0.7021276595744681,78.9563888888889,4,33615.0,14,180.04,0.2077498144531163,1.497713684949045,109.03951367781156,true_negative
12378,0,0.1381572504033249,0,0.6841666666666667,0.4370860927152318,78.46527777777777,3,21984.0,8,103.96,0.2157825888312746,0.5189999972148406,65.50993377483444,true_negative
12379,0,0.05187432339747173,0,3.2977777777777777,0.4185185185185185,75.91333333333333,4,35128.0,19,145.96,0.2013057139099046,1.002707627229804,86.84444444444445,true_negative
12380,0,0.5151147520008779,1,32.12111111111111,0.8695652173913043,47.06027777777778,3,5649.0,7,31.44,0.2599165067103484,0.1050306350072657,21.67391304347826,false_positive
12381,0,0.10353592546492603,0,0.1377777777777777,0.5789473684210527,79.07111111111111,3,35721.0,4,214.6,0.1957087079958835,2.297993104543888,136.22991689750694,true_negative
12382,0,0.615973760728897,1,57.89416666666666,1.0,21.28361111111111,2,5549.0,6,66.36,0.2314516054381077,0.2479495772188227,39.71428571428572,false_positive
12383,0,0.11195379787391467,0,3.411111111111111,0.3697478991596639,75.75416666666666,4,12120.0,13,73.68,0.1915502027304937,0.307408919414972,46.57142857142857,true_negative
12384,0,0.34020916639762,1,26.530277777777776,0.8354430379746836,52.64666666666667,3,7648.0,4,66.72,0.2295764536509694,0.2807683554452196,41.46835443037975,false_positive
12385,0,0.5648413223771088,1,35.01111111111111,0.8636363636363636,44.14888888888889,3,1432.0,4,10.409090909090908,0.2906437757928399,0.0566734425420291,10.409090909090908,false_positive
12386,0,0.08008228954991967,0,6.217222222222222,0.6830985915492958,72.94277777777778,4,14671.0,9,67.32,0.2035981686753948,0.243348052674371,44.0,true_negative
12387,1,0.686578882173588,1,60.85,1.0,18.288611111111116,2,4497.0,3,35.24,0.2376098305200089,0.1246203226119854,23.89090909090909,true_positive
12388,0,0.14672070839422632,0,6.235555555555556,0.53125,72.91027777777778,4,8891.0,5,75.96,0.2107010935439681,0.3411007530040433,46.04166666666666,true_negative
12389,0,0.03357524969863045,0,1.7466666666666666,0.4267352185089974,77.39194444444445,4,75848.0,17,252.92,0.159133397904739,2.6599301093442183,171.5784061696658,true_negative
12390,0,0.1104788822176848,0,0.6258333333333334,0.6454545454545455,78.49111111111111,4,10156.0,8,73.36,0.212320979007392,0.3444912893781327,46.42727272727273,true_negative
12391,1,0.5077555313349346,1,29.21472222222222,0.32,49.88444444444445,2,2388.0,3,12.72,0.2335376941183776,0.0546638233837223,12.72,true_positive
12392,1,0.39786292887317154,1,14.305833333333334,0.86,64.77722222222222,3,4441.0,7,19.52,0.3599127787830423,0.071086742327224,15.0,true_positive
12393,0,0.055230202805783356,0,4.508611111111111,0.584717607973422,74.55694444444444,4,36651.0,15,175.92,0.1832410110859731,1.2865735210896558,101.59136212624584,true_negative
12394,0,0.15938286144219346,0,0.0227777777777777,0.4358974358974359,78.93972222222222,4,9947.0,14,58.44,0.2271932105639503,0.2309384172491566,38.5,true_negative
12395,0,0.12399775935909826,0,4.188611111111111,0.801980198019802,74.86888888888889,4,12249.0,10,78.36,0.2507244187684772,0.3553454973286326,48.06930693069307,true_negative
12396,0,0.2752667735243105,0,8.988055555555556,0.2231404958677686,70.05277777777778,3,10069.0,5,100.28,0.2215122859961737,0.4512513550516257,56.63636363636363,true_negative
12397,1,0.4824646148887557,1,15.9925,0.28,62.33861111111111,3,1738.0,6,12.24,0.2884161737851048,0.0570503948274625,12.24,true_positive
12398,0,0.5972881132553242,1,49.94166666666667,1.0,29.08861111111111,2,11790.0,5,145.04,0.2090513594638554,0.9592099337159312,79.34782608695652,false_positive
12399,0,0.20889757786178056,0,12.1525,0.5663716814159292,66.87916666666666,4,26104.0,10,134.4,0.2170403151604335,0.7904534305866574,84.59292035398231,true_negative
12400,1,0.429599049351303,1,27.98305555555556,0.913978494623656,50.97583333333333,3,9013.0,6,63.8,0.2282164120982397,0.2101374606739044,45.634408602150536,true_positive
12401,0,0.10944207100771346,0,1.433888888888889,0.7474747474747475,77.575,4,25277.0,15,124.48,0.2364425274768782,0.7213759681310798,79.0,true_negative
12402,1,0.7696764484513479,1,56.49611111111111,1.0,22.343888888888888,2,1864.0,2,4.8,0.2173997383884821,0.0110258408784307,4.8,true_positive
12403,1,0.8170518369765127,1,61.81972222222223,1.0,17.17111111111111,2,2064.0,3,9.1,0.3084757909392616,0.0659102857367436,9.1,true_positive
12404,0,0.0568640627784649,0,0.0241666666666666,0.7336448598130841,78.97444444444444,4,21879.0,9,91.88,0.1656671776985001,0.3905619426628383,54.57476635514018,true_negative
12405,0,0.03498372285212579,0,1.2891666666666666,0.4,77.71222222222222,4,55417.0,21,190.8,0.1781986242784404,2.0053291670621483,134.94174757281553,true_negative
12406,1,0.7510829069355422,1,60.29416666666667,1.0,18.68861111111111,2,5699.0,5,19.8,0.2711506007593732,0.0562632926091731,15.882352941176473,true_positive
12407,0,0.05330280004839814,0,0.1530555555555555,0.5882352941176471,78.84666666666666,4,58708.0,21,255.08,0.1865323148089447,3.105859643215356,167.57403651115618,true_negative
12408,1,0.7818182235719736,1,61.63055555555555,1.0,17.3475,2,721.0,3,7.076923076923077,0.2344308319104161,0.0202506710101706,7.076923076923077,true_positive
12409,1,0.37928472765135374,1,36.17166666666667,0.8983050847457628,52.59222222222222,3,5277.0,4,87.68,0.2130827317125538,0.5299722237250806,70.44067796610169,true_positive
12410,1,0.7321646597920461,1,62.63916666666667,1.0,16.320833333333333,2,3015.0,4,14.48,0.2645345569359392,0.0543411992436441,13.142857142857142,true_positive
12411,0,0.06055978743038752,0,3.825,0.55,75.14527777777778,4,30436.0,19,107.48,0.1974080990537009,0.646966788726377,71.88181818181818,true_negative
12412,1,0.560027645739673,1,48.39972222222222,1.0,30.560277777777777,2,8079.0,4,40.72,0.2329942123925419,0.1692838494078293,26.29230769230769,true_positive
12413,0,0.139963513376515,0,10.52361111111111,0.5139664804469274,68.41388888888889,4,22763.0,17,91.84,0.2176284589512449,0.3790322971173942,58.87709497206704,true_negative
12414,0,0.0459623146799032,0,2.4202777777777778,0.5659777424483307,76.54416666666667,4,58196.0,12,281.24,0.1878351042675409,3.0412164371980306,177.82988871224163,true_negative
12415,0,0.09410068777641072,0,6.331666666666667,0.8,72.63194444444444,4,25436.0,14,95.96,0.2046364952691022,0.4976046587017101,68.72558139534884,true_negative
12416,0,0.10621263962599561,0,0.8597222222222223,0.6280487804878049,78.09333333333333,4,22246.0,24,97.64,0.2308921015234918,0.4782996378519639,65.40243902439025,true_negative
12417,0,0.6990640842255064,1,53.58,1.0,25.350555555555555,2,1917.0,3,12.416666666666666,0.2531742828985748,0.0600870051706279,12.416666666666666,false_positive
12418,1,0.7449476572438621,1,52.28638888888889,1.0,26.633055555555558,2,368.0,2,3.0,0.195978078895083,0.0104895252984984,3.0,true_positive
12419,0,0.059249453828550624,0,0.0072222222222222,0.1875,78.8963888888889,4,41784.0,19,187.12,0.2035933337614695,1.7559088586546117,111.86875,true_negative
12420,0,0.6360868691972184,1,48.486666666666665,1.0,30.415,2,6956.0,2,44.12,0.227945703123069,0.1894799821415627,30.04225352112676,false_positive
12421,1,0.21014663827481353,0,2.8827777777777777,0.5096153846153846,76.01388888888889,2,10716.0,3,73.56,0.2610598918672026,0.3088895670900011,44.88461538461539,false_negative
12422,0,0.12220730056747504,0,4.136111111111111,0.6752577319587629,74.76722222222222,4,20919.0,14,142.96,0.2118247018505963,0.9165995240903656,82.26288659793815,true_negative
12423,1,0.32450791848035965,1,7.823055555555555,0.8833333333333333,71.06861111111111,2,5734.0,4,42.0,0.2514031806048215,0.139963379043718,27.28333333333333,true_positive
12424,0,0.3706800116111612,1,26.32555555555556,0.6739130434782609,52.56444444444445,3,9768.0,7,67.24,0.2722602109959656,0.2581848268807444,40.58695652173913,false_positive
12425,0,0.17130732678472624,0,2.206111111111111,0.8333333333333334,76.60388888888889,3,16758.0,5,68.32,0.227241543728161,0.2849993261045285,46.64035087719298,true_negative
12426,0,0.050889978135855156,0,6.904444444444445,0.4768683274021352,71.98083333333334,4,30088.0,14,131.76,0.1687929002790009,0.7349921186609303,82.11387900355872,true_negative
12427,0,0.4963678892376725,1,36.60694444444445,0.824,42.26222222222222,3,11762.0,5,35.4,0.2545770796527021,0.1560100591616637,32.792,false_positive
12428,0,0.6396098395130925,1,48.4375,1.0,30.43611111111111,2,25099.0,5,169.84,0.1923140853786635,1.2523279172946071,101.73684210526316,false_positive
12429,0,0.044381182933910863,0,0.0727777777777777,0.5757575757575758,78.805,4,43232.0,22,155.92,0.1854387202536781,1.0437934887070073,97.47878787878788,true_negative
12430,0,0.12873565809193596,0,0.0358333333333333,0.5766871165644172,78.84055555555555,4,18523.0,14,137.64,0.2330737831752475,0.7852599307775187,78.5398773006135,true_negative
12431,1,0.7267315756505648,1,4.148888888888889,0.5,74.71944444444445,3,123.0,3,2.75,0.2260776661041756,0.0078463947701406,2.75,true_positive
12432,0,0.6886295161636409,1,5.701388888888889,0.75,73.14055555555555,2,948.0,2,4.25,0.266294787730014,0.0119505702274141,4.25,false_positive
12433,0,0.3457920621727541,1,26.147222222222226,0.5555555555555556,52.56444444444445,3,14324.0,7,74.2,0.2410658311025708,0.3032112246071161,43.41025641025641,false_positive
12434,0,0.17712235772413312,0,0.9597222222222224,0.1170212765957446,77.89166666666667,3,9286.0,9,68.44,0.2569280926943806,0.2543542170392593,38.5531914893617,true_negative
12435,0,0.08699158800868377,0,0.0030555555555555,0.6814404432132964,78.83888888888889,4,44573.0,8,139.44,0.2213249113204762,0.7756141571488122,83.56786703601108,true_negative
12436,0,0.12772884354923683,0,1.2808333333333333,0.6157407407407407,77.56388888888888,3,22175.0,8,127.92,0.1987595715570189,0.7138216611949284,80.77314814814815,true_negative
12437,1,0.6353697593651839,1,63.04472222222222,1.0,24.462222222222223,2,3487.0,4,46.48,0.2535649411922988,0.0571009429749803,32.025,true_positive
12438,0,0.14270008149654476,0,0.4536111111111111,0.101010101010101,78.32527777777777,3,13113.0,6,87.6,0.2178988389610665,0.2772402318247993,55.474747474747474,true_negative
12439,0,0.15955126686369178,0,4.749444444444444,0.8076923076923077,74.04416666666667,3,11585.0,8,66.56,0.2251968338394759,0.2449000592440512,39.96153846153846,true_negative
12440,0,0.10025011883300164,0,2.450833333333333,0.4852941176470588,76.33694444444444,4,13520.0,7,70.16,0.2181140552994954,0.3110652142820496,47.25735294117647,true_negative
12441,0,0.2623267009422154,0,0.0019444444444444,0.2537313432835821,74.98777777777778,3,7857.0,3,50.36,0.2290968194667744,0.1933636978360519,34.059701492537314,true_negative
12442,1,0.15054053603940593,0,8.735277777777778,0.7912087912087912,70.05972222222222,4,22326.0,12,99.52,0.1995973710544122,0.5287807307188189,66.24725274725274,false_negative
12443,0,0.4880901042143963,1,33.69444444444444,0.9485294117647058,45.0725,3,14478.0,9,75.92,0.2587998700918829,0.2553301328169794,46.375,false_positive
12444,0,0.41195778691845963,1,27.12,0.948586118251928,51.66222222222222,3,36972.0,10,221.68,0.2403990900338916,2.236258720575805,146.40616966580976,false_positive
12445,1,0.6079501089542981,1,54.61638888888889,1.0,24.1525,2,3262.0,2,26.48,0.2639369079626308,0.07602137745048,19.404761904761905,true_positive
12446,1,0.5803941528711482,1,37.925,0.967741935483871,40.8175,3,6079.0,6,44.72,0.2142054061266279,0.1729234569968868,28.983870967741936,true_positive
12447,1,0.8090717780066513,1,59.62694444444445,1.0,19.128888888888888,2,859.0,2,8.0,0.2477441423515967,0.0326331404635093,8.0,true_positive
12448,1,0.052300992128828806,0,0.3230555555555555,0.6088888888888889,78.40916666666666,4,44534.0,9,240.04,0.1924925756213685,2.5826787414657213,155.12222222222223,false_negative
12449,1,0.7017326840987653,1,68.99138888888889,1.0,9.746944444444445,2,3343.0,2,23.32,0.2804300820481042,0.0706850193462206,17.536585365853657,true_positive
12450,0,0.40483717063767155,1,2.8608333333333333,0.9878048780487804,75.88444444444444,3,6556.0,5,67.16,0.2334251758207687,0.2694530615165922,40.29268292682927,false_positive
12451,0,0.29024477018224143,0,6.21,0.6618705035971223,76.85916666666667,3,12909.0,7,107.0,0.2675288050264273,0.4943304546598788,64.73381294964028,true_negative
12452,0,0.041884616524766057,0,0.6588888888888889,0.5572289156626506,78.03361111111111,4,114526.0,26,304.04,0.1462862765075586,3.0671977582844203,195.4578313253012,true_negative
12453,0,0.12006836349759559,0,0.0247222222222222,0.59375,78.65833333333333,4,15482.0,10,105.88,0.2234384857904206,0.5178114484620899,65.425,true_negative
12454,1,0.13280752593899872,0,0.2580555555555555,0.9113300492610836,78.43694444444445,3,29192.0,8,105.32,0.2099695600103064,0.5529174971571511,70.03448275862068,false_negative
12455,0,0.5955970926923599,1,51.64388888888889,1.0,27.03388888888889,2,7029.0,3,39.2,0.2250310716447454,0.1353663196791784,26.596774193548388,false_positive
12456,0,0.06059052899111583,0,3.234722222222222,0.6944444444444444,75.43833333333333,4,43325.0,11,206.2,0.1835129206054982,1.9849060268966956,140.66666666666666,true_negative
12457,0,0.11653253472200431,0,3.948888888888889,0.2403100775193798,74.71944444444445,4,15598.0,9,66.0,0.2192238329640103,0.2229816115869587,47.26356589147287,true_negative
12458,0,0.03959925583440108,0,0.0308333333333333,0.683982683982684,78.63833333333334,4,30804.0,23,104.24,0.1794105036870726,0.5507388255186421,72.43722943722943,true_negative
12459,0,0.5911214485003218,1,55.83916666666666,1.0,22.81861111111111,2,5823.0,2,43.52,0.234027843672032,0.166176103125873,28.253968253968253,false_positive
12460,0,0.3089277969400079,0,26.56,0.7734553775743707,52.08444444444444,3,41377.0,9,216.44,0.1998709877132716,1.6725433958406255,129.21281464530892,true_negative
12461,0,0.4336054829641523,1,31.48111111111111,0.75,47.145,3,4058.0,3,65.24,0.2114114419243795,0.1078866890462222,37.98214285714285,false_positive
12462,0,0.4491156241405543,1,13.649166666666666,0.8787878787878788,64.98444444444445,4,2889.0,4,20.12,0.259106720465247,0.0509579841224901,16.333333333333332,false_positive
12463,0,0.16642212474437545,0,5.107222222222222,0.8071428571428572,73.50555555555556,4,21497.0,7,202.12,0.2229081736705411,1.5616105930255255,124.16071428571428,true_negative
12464,0,0.03896527440883955,0,0.0563888888888888,0.4436619718309859,78.5325,4,56443.0,16,214.52,0.1734185741291775,2.082981211455906,133.18075117370893,true_negative
12465,0,0.045599346798569404,0,1.6888888888888889,0.3153846153846154,76.9,4,28909.0,9,92.08,0.1881761486657077,0.3889721484555972,60.72692307692308,true_negative
12466,1,0.733263652073629,1,54.70166666666667,1.0,23.84638888888889,2,2787.0,2,10.565217391304348,0.3029888337660617,0.0435246744679506,10.565217391304348,true_positive
12467,1,0.6357308872892584,1,33.80916666666667,0.9473684210526316,44.74027777777778,3,1426.0,4,10.0,0.2336902923258876,0.0451317405204516,10.0,true_positive
12468,0,0.5536643811667523,1,47.63055555555555,0.875,30.939166666666665,3,5014.0,4,25.36,0.2682383877704907,0.0622632040870631,18.825,false_positive
12469,0,0.3870465864615214,1,39.159444444444446,0.9903846153846154,41.54972222222222,3,13392.0,8,97.36,0.2219877409232777,0.3943556497687387,54.45192307692308,false_positive
12470,0,0.04796265366961982,0,1.0008333333333332,0.2995658465991317,77.53027777777778,4,78028.0,20,241.16,0.2309239243457884,2.972926771963394,170.8451519536903,true_negative
12471,0,0.20888222673501466,0,5.165555555555556,0.6428571428571429,73.38305555555556,4,12501.0,7,71.04,0.2593779492312858,0.299818216784029,42.32142857142857,true_negative
12472,0,0.045121701666583296,0,3.354722222222222,0.4034416826003824,75.18861111111111,4,50804.0,17,188.36,0.19410157422781,1.689543542465043,113.9885277246654,true_negative
12473,0,0.11092586129390133,0,2.2491666666666665,0.5329949238578681,76.28555555555556,4,20629.0,14,107.72,0.195556508620486,0.5890504610111164,69.0761421319797,true_negative
12474,1,0.5915262925710877,1,42.96277777777778,0.8333333333333334,10.80638888888889,2,2945.0,4,11.083333333333334,0.267864030499853,0.0583450872824673,11.083333333333334,true_positive
12475,0,0.16716692904194247,0,2.0327777777777776,0.65625,76.47888888888889,4,14981.0,9,106.24,0.2432537802105555,0.5175803899150088,77.3,true_negative
12476,0,0.262789389682333,0,4.7058333333333335,0.6190476190476191,73.80916666666667,3,6448.0,3,67.16,0.2154589323967869,0.2621982648445994,40.41666666666666,true_negative
12477,1,0.4174519120100956,1,5.700833333333334,0.32,72.77833333333334,4,2751.0,5,14.64,0.2677416459369872,0.0463025437375013,14.64,true_positive
12478,0,0.5517614544597078,1,28.91722222222222,0.9743589743589745,49.57833333333333,3,5967.0,5,23.92,0.2479629773269663,0.0832649912427253,17.923076923076923,false_positive
12479,0,0.5179844006792584,1,30.689722222222223,0.8529411764705882,47.74388888888889,3,3578.0,4,17.0,0.2606853064631609,0.0633862949425804,13.617647058823527,false_positive
12480,0,0.49621932426775744,1,26.218055555555555,0.9833333333333332,51.547777777777775,3,8206.0,3,36.68,0.2416838158842686,0.1356383993016107,25.28333333333333,false_positive
12481,0,0.09136329143439102,0,0.5516666666666666,0.5396825396825397,77.915,4,13235.0,15,72.4,0.2212593901170118,0.3398717059678465,46.74603174603175,true_negative
12482,0,0.25428357888479913,0,14.514444444444443,0.6686746987951807,63.95361111111111,4,18223.0,7,106.56,0.2020454689825391,0.5835346346204895,70.13253012048193,true_negative
12483,1,0.12627100820321965,0,4.545555555555556,0.5845588235294118,73.88111111111111,4,23193.0,11,187.96,0.2289613632305565,1.3406103813295545,109.40441176470588,false_negative
12484,1,0.48525303745206955,1,1.3744444444444444,0.5,51.35444444444445,2,3685.0,4,17.08,0.2729721091098105,0.056805480789648,14.733333333333333,true_positive
12485,1,0.25272001665119764,0,7.171111111111111,0.5865384615384616,71.25944444444444,4,11217.0,5,66.72,0.3109337909983722,0.1700745461632959,42.39423076923077,false_negative
12486,0,0.08109257746166004,0,0.01,0.4352159468438538,78.34833333333333,4,34547.0,16,193.6,0.2229257409114182,1.7973270204910676,110.9700996677741,true_negative
12487,1,0.4810085678320633,1,33.32472222222222,0.9270833333333334,44.55722222222222,3,9094.0,6,82.44,0.2380132079795613,0.3660583222084331,46.79166666666666,true_positive
12488,0,0.3190362682804939,0,26.00638888888889,0.8230088495575221,52.42583333333334,3,10614.0,9,85.72,0.212033773522558,0.3776370638212614,51.33628318584071,true_negative
12489,0,0.08532966557192669,0,3.3336111111111117,0.6791666666666667,75.08777777777777,4,31140.0,11,181.8,0.2100121084886441,1.2349866878541889,101.725,true_negative
12490,0,0.0647459210995463,0,5.253333333333333,0.805,73.15277777777777,4,45705.0,7,148.56,0.1544248823866134,1.0518497174126535,90.78,true_negative
12491,0,0.33195472358777645,1,26.148333333333333,0.4609053497942387,52.27361111111111,3,23939.0,11,101.4,0.1967327866843946,0.7663839714238259,74.16460905349794,false_positive
12492,0,0.12443558135778672,0,3.8402777777777777,0.0125,74.56972222222223,3,34123.0,6,152.44,0.1970484917166826,1.1170993577596098,98.409375,true_negative
12493,0,0.22531768947697525,0,4.416111111111111,0.5853658536585366,73.97972222222222,4,9948.0,8,53.28,0.2177657769801704,0.2065969640019163,34.21951219512195,true_negative
12494,0,0.70369133171742,1,49.88166666666667,1.0,28.5175,2,1974.0,2,10.0,0.2537182519735061,0.0451317405204516,10.0,false_positive
12495,1,0.7738300467530796,1,59.6525,1.0,18.703611111111112,2,4828.0,4,17.56,0.2722591373960518,0.0613849276517671,13.756756756756756,true_positive
12496,1,0.7578181937929422,1,56.55111111111111,1.0,21.896944444444443,2,1297.0,4,9.421052631578949,0.226061017885285,0.0332033104119757,9.421052631578949,true_positive
12497,0,0.05852913037844461,0,1.6252777777777778,0.388663967611336,76.74805555555555,4,28735.0,13,113.16,0.2024984295400755,0.5785242680988868,74.08097165991903,true_negative
12498,1,0.632846823199307,1,33.2125,0.8823529411764706,45.160833333333336,2,1494.0,2,8.647058823529411,0.2741391139717408,0.0538466497241677,8.647058823529411,true_positive
12499,0,0.1897254725688306,0,2.4363888888888887,0.6524822695035462,75.92138888888888,3,13916.0,5,90.56,0.2434877889454214,0.4340981962522318,57.234042553191486,true_negative
12500,0,0.29001021421081385,0,0.1311111111111111,0.0454545454545454,78.24361111111111,2,5642.0,2,46.04,0.2415043352940598,0.1952366325236814,30.484848484848484,true_negative
12501,0,0.15527309502510195,0,7.211111111111111,0.7226890756302521,71.15861111111111,4,14483.0,4,92.52,0.2451864156902266,0.4044008670261037,54.285714285714285,true_negative
12502,0,0.06264045728392806,0,0.0027777777777777,0.3548387096774194,78.35777777777778,4,53093.0,19,205.76,0.2305151673141078,1.934466808078925,133.77620967741936,true_negative
12503,1,0.23925063734635002,0,11.3425,0.3723404255319149,67.02222222222223,4,11088.0,9,66.36,0.2365335086355945,0.1921333830098357,42.02127659574468,false_negative
12504,0,0.16348058221543577,0,4.278611111111111,0.3666666666666666,74.07888888888888,3,9864.0,9,66.76,0.2257611204100979,0.2939527437667753,43.725,true_negative
12505,0,0.38581867500094214,1,5.378888888888889,0.2790697674418604,72.99,2,3909.0,3,26.64,0.2451987197021955,0.0731206621213756,19.37209302325581,false_positive
12506,0,0.24863995972871689,0,12.756666666666666,0.4915254237288136,65.51583333333333,4,17903.0,9,81.32,0.2590562929539114,0.3231966515702251,52.6271186440678,true_negative
12507,0,0.344920565139778,1,25.306944444444444,0.7910447761194029,53.04277777777778,3,7200.0,7,35.48,0.2215745548546857,0.12868044928633,23.64179104477612,false_positive
12508,0,0.09813334301558518,0,3.693888888888889,0.671957671957672,74.6361111111111,4,22979.0,14,126.92,0.2156343026043994,0.6865954605527701,72.65079365079364,true_negative
12509,1,0.6210002157452339,1,54.38638888888889,1.0,23.947777777777777,2,3102.0,3,26.88,0.2562045767394147,0.0697193269174858,19.70731707317073,true_positive
12510,0,0.6128051499640692,1,6.370833333333334,0.1538461538461538,71.96555555555555,3,844.0,4,6.6923076923076925,0.1806559264273507,0.022917771886425,6.6923076923076925,false_positive
12511,0,0.044630082000415516,0,3.628055555555556,0.7140549273021002,74.68805555555555,4,71369.0,15,255.96,0.1420937092827752,2.920035028139622,171.05008077544426,true_negative
12512,0,0.44756422806341506,1,10.828888888888889,0.7333333333333333,67.48388888888888,3,4319.0,4,32.48,0.2491548496971881,0.1077227537286745,22.377777777777776,false_positive
12513,0,0.08916210028819173,0,3.484166666666667,0.5378486055776892,72.48194444444445,4,22664.0,16,272.68,0.1405008175996128,4.035371139552607,241.6693227091633,true_negative
12514,0,0.12499252194190465,0,0.2158333333333333,0.3043478260869565,78.08194444444445,4,11252.0,10,77.72,0.2299937756915055,0.2232377250760839,59.43478260869565,true_negative
12515,0,0.059306155641505764,0,0.4519444444444444,0.6886446886446886,77.85722222222222,4,28692.0,10,165.12,0.1988318271803465,1.3213987099812827,103.4065934065934,true_negative
12516,1,0.32759829497179155,1,28.390555555555554,0.8365384615384616,49.91888888888889,3,12444.0,7,81.04,0.2174824017889963,0.2510477048344694,44.48076923076923,true_positive
12517,0,0.08553078635815485,0,6.601666666666667,0.6194690265486725,71.655,4,71124.0,11,241.72,0.2122260357408963,2.981339240852662,162.7000983284169,true_negative
12518,1,0.43513804717295557,1,27.26833333333333,0.92,51.00305555555556,3,4500.0,4,37.6,0.2350009572356939,0.1308730618425122,25.3,true_positive
12519,1,0.20244347533181264,0,14.579444444444444,0.77728285077951,63.68388888888889,4,37975.0,15,90.96,0.2118780236965,0.843520946010225,82.89532293986638,false_negative
12520,0,0.5417427368856731,1,35.795,0.8333333333333334,42.454166666666666,3,2289.0,4,11.166666666666666,0.24630454596557,0.0525726626950024,11.166666666666666,false_positive
12521,0,0.4225674326976656,1,32.23222222222222,0.8209876543209876,46.02305555555556,3,17229.0,7,101.04,0.2471672145371291,0.5167890282529356,67.67283950617283,false_positive
12522,0,0.3545450523010258,1,33.68694444444444,0.6224489795918368,44.54833333333333,3,10374.0,5,91.2,0.2262506578377145,0.4357407856500005,57.83673469387755,false_positive
12523,1,0.7231301670989605,1,57.805277777777775,1.0,20.440277777777776,2,32742.0,3,187.72,0.2821076267565823,1.906551906923609,118.17060367454069,true_positive
12524,0,0.028923022823776925,0,0.8744444444444445,0.4909090909090909,77.36666666666666,4,50912.0,22,171.32,0.1566686300231815,1.63727743999563,116.93535353535354,true_negative
12525,1,0.5190310827738176,1,6.550833333333333,0.3793103448275862,71.67111111111112,2,2738.0,2,17.0,0.2364998135304868,0.0475487702027993,15.0,true_positive
12526,1,0.7325593595191803,1,63.23166666666667,1.0,14.97888888888889,2,10286.0,4,68.52,0.278797939018913,0.1967323118297591,41.69724770642202,true_positive
12527,0,0.07367933562847838,0,3.115833333333333,0.4377880184331797,75.08583333333333,4,27191.0,16,166.12,0.1987758762243515,1.2730304509138275,95.5115207373272,true_negative
12528,1,0.7726877281146628,1,62.51111111111111,1.0,15.66,2,2243.0,3,13.92,0.2960572731115579,0.0442209626833781,13.0,true_positive
12529,0,0.08044556399747972,0,3.942222222222222,0.5614973262032086,74.23722222222223,4,23768.0,16,119.84,0.2118867636936671,0.6858992308965578,70.31550802139037,true_negative
12530,1,0.0379027958837278,0,3.565555555555556,0.4388059701492537,74.6211111111111,4,63907.0,10,217.6,0.1587094909864582,2.1778003652688604,137.01492537313433,false_negative
12531,0,0.3728811678514944,1,28.04694444444445,0.9156626506024096,50.12166666666667,3,19042.0,9,127.08,0.229435864064117,0.5664303887813498,76.16265060240964,false_positive
12532,0,0.6036343011307411,1,50.74805555555555,1.0,24.919444444444444,2,4107.0,6,50.68,0.2401275756558928,0.0463128824151481,36.35135135135136,false_positive
12533,0,0.11494311629081168,0,3.6416666666666666,0.5319148936170213,74.5075,4,19922.0,16,71.4,0.2521993816110768,0.3091373506331883,44.97163120567376,true_negative
12534,0,0.503856260928529,1,8.97,0.4651162790697674,69.20277777777778,3,3328.0,4,29.88,0.2711534764140861,0.0826530252236463,21.348837209302324,false_positive
12535,0,0.490712616676445,1,2.796944444444444,0.68,75.36361111111111,4,2736.0,5,14.36,0.2534814387146893,0.0456564955485665,14.36,false_positive
12536,1,0.5611925790996101,1,36.07611111111111,0.9230769230769232,42.05777777777778,3,3071.0,4,13.76,0.2415420301803509,0.0570991605015301,13.26923076923077,true_positive
12537,1,0.5354525369526046,1,37.51305555555555,0.8536585365853658,40.61833333333333,3,6918.0,6,17.08,0.2229762307218845,0.0781726971480062,13.341463414634148,true_positive
12538,0,0.12169340203163893,0,0.1519444444444444,0.6377952755905512,77.9888888888889,4,29311.0,12,200.76,0.2312440869360285,1.818600506482367,117.66535433070868,true_negative
12539,1,0.754127331485187,1,54.85638888888889,1.0,23.26305555555556,2,2592.0,4,7.916666666666667,0.2893762453173894,0.0396116606172716,7.916666666666667,true_positive
12540,1,0.052732056908985775,0,3.5316666666666667,0.611731843575419,74.58361111111111,4,48421.0,12,161.76,0.1727500663689377,1.3271820577935365,107.16759776536313,false_negative
12541,1,0.6031518195590727,1,51.395,1.0,26.7175,2,5876.0,3,59.64,0.2777502168697024,0.1750141654791898,34.55844155844156,true_positive
12542,0,0.10549235628585478,0,1.875555555555556,0.6320754716981132,76.21666666666667,4,11244.0,8,68.88,0.2143954734754301,0.2940097178519882,42.72641509433962,true_negative
12543,0,0.048252069442390494,0,0.0266666666666666,0.5874125874125874,78.07388888888889,4,38335.0,10,226.36,0.189696898483366,2.448482014497945,149.92773892773891,true_negative
12544,1,0.7051472065905852,1,67.45333333333333,1.0,10.655,2,18320.0,2,66.28,0.2406178011266441,0.2184190575828658,35.445454545454545,true_positive
12545,1,0.3564918935287898,1,14.87,0.717391304347826,63.22055555555556,4,8383.0,8,67.32,0.2655121791631166,0.2304968388864328,51.02173913043478,true_positive
12546,1,0.530230412265562,1,50.70611111111111,1.0,27.374166666666667,2,9116.0,3,77.76,0.2213607696024601,0.2933763598918772,44.57142857142857,true_positive
12547,1,0.4334111750826523,1,30.825277777777774,0.7567567567567568,47.26416666666667,3,7546.0,6,75.96,0.2678004801283216,0.1036867076275107,40.067567567567565,true_positive
12548,0,0.4727897369981087,1,4.909166666666667,0.7142857142857143,73.17611111111111,4,2056.0,5,15.44,0.2272141489425728,0.0517938441118739,14.0,false_positive
12549,1,0.7175599655914139,1,60.39555555555555,1.0,17.690555555555555,2,2121.0,3,12.318181818181818,0.2249280346194595,0.049635413551888,12.318181818181818,true_positive
12550,0,0.1908382255924883,0,7.420277777777778,0.6607142857142857,70.64361111111111,4,20545.0,12,112.44,0.2390620515932995,0.6155299380701533,73.58928571428571,true_negative
12551,0,0.2385071309148634,0,19.070555555555558,0.5785123966942148,59.00138888888889,4,8846.0,7,79.96,0.2153122020588866,0.3443586747172928,48.49586776859504,true_negative
12552,0,0.04356240605964273,0,0.6713888888888889,0.6936416184971098,77.39277777777778,4,68130.0,18,261.68,0.2526334891085862,3.0838141873464604,177.0034682080925,true_negative
12553,0,0.31533992170079433,0,25.909166666666668,0.7049180327868853,55.255,3,15184.0,6,66.72,0.2226564815620069,0.2356274284197806,43.3688524590164,true_negative
12554,1,0.6803368800853178,1,51.35694444444445,1.0,26.688333333333333,2,3838.0,4,18.56,0.2555311227366787,0.0711682262713954,14.82857142857143,true_positive
12555,0,0.6021662444722027,1,8.0625,0.0,18.445555555555558,2,913.0,2,6.636363636363637,0.0933934867434335,0.0235348566357649,6.636363636363637,false_positive
12556,1,0.48317209711114484,1,35.71722222222222,0.3225806451612903,42.28861111111111,3,6679.0,5,27.0,0.2376950226090885,0.0596633654448075,20.096774193548388,true_positive
12557,0,0.38069190524750773,1,35.22388888888889,0.7901234567901234,42.80583333333333,3,16130.0,8,138.4,0.2280538031259033,0.8376205801057763,75.17283950617283,false_positive
12558,1,0.5590823776950632,1,52.93305555555556,1.0,25.09555555555556,2,12979.0,6,66.6,0.2651730918705371,0.2381232123489062,40.31395348837209,true_positive
12559,0,0.44374468104148235,1,28.3425,0.6705882352941176,49.63027777777778,3,9963.0,5,66.24,0.2627738903202662,0.1900852292107893,38.752941176470586,false_positive
12560,0,0.6233745737987813,1,56.43861111111111,1.0,21.550555555555555,2,6057.0,3,29.76,0.2532738700565939,0.1053158502605317,20.76595744680851,false_positive
12561,0,0.15746260039401097,0,3.8516666666666666,0.6282051282051282,74.13111111111111,4,9569.0,6,59.2,0.2288152864635606,0.2108862043232435,36.782051282051285,true_negative
12562,1,0.7234835583338604,1,53.13972222222223,1.0,24.834722222222226,2,1896.0,2,9.473684210526317,0.2641377533212078,0.0566263603599927,9.473684210526317,true_positive
12563,1,0.16055808120710777,0,4.113888888888889,0.9212598425196852,73.83944444444444,4,13610.0,12,68.16,0.2015660536494602,0.2669645016207492,49.968503937007874,false_negative
12564,0,0.3705068291643756,1,4.761388888888889,0.5454545454545454,73.1836111111111,3,2416.0,5,10.727272727272728,0.2924058157663835,0.0558617016539598,10.727272727272728,false_positive
12565,1,0.5516817950647793,1,29.56805555555556,0.4,48.38472222222222,2,2457.0,2,11.92,0.2824855482807667,0.0520664170515149,11.92,true_positive
12566,1,0.762468581557039,1,52.48277777777778,1.0,25.46583333333333,2,1177.0,3,7.0,0.1826887208878725,0.0221054875657506,7.0,true_positive
12567,0,0.0473285681469795,0,0.9816666666666668,0.6214953271028038,76.94416666666666,4,30166.0,15,89.28,0.1815054159778398,0.4174695796163848,55.90654205607477,true_negative
12568,0,0.2048032724574822,0,0.0038888888888888,0.4396551724137931,60.24027777777778,3,17299.0,12,125.64,0.2025143059379114,0.2944887678934396,72.04310344827586,true_negative
12569,0,0.10291115756552888,0,0.4913888888888889,0.5426008968609866,77.35722222222222,4,24726.0,12,120.04,0.2208356148063798,0.704157710969218,76.91031390134529,true_negative
12570,0,0.21590124789836243,0,3.2247222222222223,0.7263157894736842,74.70444444444445,4,8855.0,8,88.6,0.2104775019577574,0.3727455689238106,52.357894736842105,true_negative
12571,1,0.4643278160282016,1,8.291666666666666,0.3513513513513513,69.64055555555555,2,3049.0,2,21.8,0.2735617749224508,0.0622543638336081,16.83783783783784,true_positive
12572,1,0.7930589550839523,1,56.32666666666667,1.0,21.595277777777778,2,878.0,3,7.857142857142857,0.2019414712694492,0.0421205204462696,7.857142857142857,true_positive
12573,0,0.07249818677259219,0,2.5375,0.7147540983606557,75.38027777777778,4,29379.0,19,180.32,0.2076327853979219,1.5442445810255423,117.22950819672133,true_negative
12574,1,0.6126326523627974,1,55.07055555555556,1.0,22.829444444444444,2,10303.0,3,72.24,0.2342156592043348,0.1834115938998266,40.44871794871795,true_positive
12575,1,0.6282342794075444,1,62.20055555555555,1.0,13.613055555555556,2,4074.0,3,46.32,0.2194029627569474,0.2870189994513953,41.04878048780488,true_positive
12576,1,0.5341775440043215,1,31.253888888888888,0.6666666666666666,46.585,2,963.0,2,1.8333333333333333,0.1602081978759722,0.008807388702274,1.8333333333333333,true_positive
12577,1,0.4349170915894278,1,33.34166666666667,0.9026548672566372,44.56444444444445,3,13073.0,13,67.12,0.2221885528566616,0.3037410955683136,47.46017699115044,true_positive
12578,0,0.3643185652893088,1,29.2975,0.6818181818181818,48.598333333333336,3,6553.0,5,47.16,0.2346377506103639,0.1815075496241046,30.363636363636363,false_positive
12579,0,0.05166289782304005,0,0.1161111111111111,0.2373737373737373,77.78111111111112,4,21976.0,15,74.96,0.1777130178395682,0.3374220053278339,48.24747474747475,true_negative
12580,0,0.029563001456926138,0,0.6166666666666667,0.5140625,77.2675,4,71905.0,10,211.72,0.1547505157621571,2.7424307940181096,165.94375,true_negative
12581,0,0.05709651805918701,0,3.82,0.7730769230769231,74.06111111111112,4,38667.0,20,138.72,0.1736406907333975,0.8514271121000944,80.85384615384615,true_negative
12582,0,0.04868857363126887,0,0.0,0.7388059701492538,77.88194444444444,4,26748.0,18,145.08,0.185009313813948,0.9753874939245514,87.59328358208955,true_negative
12583,1,0.6009743198544282,1,60.93888888888889,1.0,16.93888888888889,2,11535.0,3,78.4,0.2457929705882762,0.3118910259674055,50.08,true_positive
12584,0,0.1782834733330413,0,2.6666666666666665,0.9158878504672896,75.19083333333333,4,13186.0,8,68.2,0.2325100561522358,0.2384635607545556,41.02803738317757,true_negative
12585,0,0.10620896866385166,0,4.4944444444444445,0.6201923076923077,73.35388888888889,4,24531.0,14,135.36,0.212335882007618,0.8077607795643954,84.0576923076923,true_negative
12586,1,0.1861763592714944,0,13.083333333333334,0.6902654867256637,64.78083333333333,4,13552.0,7,95.08,0.205361245582649,0.461674407699986,56.389380530973455,false_negative
12587,0,0.10482547219295041,0,0.1058333333333333,0.5737704918032787,82.74361111111111,4,23154.0,18,165.16,0.2294626212795895,1.543625456559884,112.92349726775956,true_negative
12588,1,0.08103614573029591,0,4.535,0.4082687338501292,71.01611111111112,4,34451.0,10,195.72,0.1531595547952799,1.861803323372393,119.9922480620155,false_negative
12589,0,0.8189266504728419,1,60.4675,1.0,17.38,2,453.0,2,5.4,0.198873952565799,0.0117473298261415,5.4,false_positive
12590,0,0.5915865486179029,1,54.74944444444444,1.0,23.08888888888889,2,5194.0,4,28.92,0.2646830405922329,0.0953751693429616,19.92,false_positive
12591,0,0.2396210003002401,0,13.690277777777778,0.6620689655172414,64.155,4,16958.0,10,101.72,0.2335641112063202,0.5228300150925193,63.13793103448276,true_negative
12592,0,0.08497874156499145,0,3.588611111111111,0.8698884758364313,74.25944444444444,4,31457.0,17,153.24,0.2018575252080035,1.0017448289147597,93.453531598513,true_negative
12593,1,0.4230834698847871,1,7.216666666666667,0.6551724137931034,70.62361111111112,4,2862.0,4,15.92,0.2510532620179467,0.0547677531002504,14.06896551724138,true_positive
12594,1,0.7724363118892339,1,61.33444444444444,1.0,16.485,2,4494.0,5,17.2,0.2781147910610459,0.0958644196361814,13.486486486486486,true_positive
12595,0,0.26038773980075103,0,0.66,0.75,77.1536111111111,3,8371.0,6,48.68,0.2474802794704789,0.1869106610236729,32.078125,true_negative
12596,1,0.161381883654617,0,12.451666666666666,0.6426735218508998,65.36,4,42011.0,15,160.4,0.1659810237007016,1.272387369380493,101.80205655526991,false_negative
12597,1,0.658320065949717,1,55.17111111111111,1.0,22.63138888888889,2,2031.0,4,14.0,0.212469538338541,0.0488277829608407,13.5,true_positive
12598,1,0.5817575872082461,1,30.12472222222222,0.8333333333333334,47.67472222222222,2,1841.0,2,11.666666666666666,0.2426361287798583,0.0550488986388707,11.666666666666666,true_positive
12599,0,0.5721531065404107,1,70.9563888888889,1.0,6.853888888888889,2,3473.0,2,26.0,0.2257120458886684,0.0709736413307054,19.72972972972973,false_positive
12600,1,0.3075321832553106,0,6.434166666666667,0.8625,71.36333333333333,3,10572.0,6,60.6,0.2781340439731499,0.2165419481934175,36.3,false_negative
12601,0,0.17191079535584772,0,2.2688888888888887,0.7133333333333334,75.52222222222223,4,12918.0,9,112.44,0.2285279245977305,0.6016474661726589,66.66666666666667,true_negative
12602,0,0.3520939216079255,1,33.505833333333335,0.74,44.289722222222224,3,32236.0,8,174.04,0.2011418200055087,1.6716697433255854,121.11142857142858,false_positive
12603,1,0.5268494145224784,1,13.0325,0.6666666666666666,64.76305555555555,3,1555.0,3,7.916666666666667,0.2711044797799455,0.0434856910478543,7.916666666666667,true_positive
12604,0,0.0667773290438708,0,3.252222222222222,0.7300884955752213,74.5338888888889,4,32184.0,18,144.44,0.1903806650727127,0.8049759994873397,86.02654867256638,true_negative
12605,0,0.1191178718217449,0,1.145,0.2327586206896551,76.65416666666667,4,11323.0,10,50.92,0.2011700829991941,0.2581487523662405,34.62068965517241,true_negative
12606,0,0.02853271940938473,0,0.1719444444444444,0.4033264033264033,77.61138888888888,4,64717.0,25,184.4,0.1703901693026054,1.739432879406703,115.76923076923076,true_negative
12607,1,0.8236050240445216,1,59.17583333333334,1.0,18.593888888888888,2,337.0,2,3.0,0.1562382725365735,0.0116914271366135,3.0,true_positive
12608,0,0.05229015713925641,0,0.8008333333333333,0.3333333333333333,76.97555555555556,4,21605.0,11,90.04,0.1889657667344572,0.4159599230933771,57.61309523809524,true_negative
12609,0,0.35284523485301356,1,29.697222222222223,0.8067226890756303,46.55638888888889,3,13188.0,9,69.64,0.2269984494669606,0.3122763266646864,53.05042016806723,false_positive
12610,1,0.3574330220224078,1,4.153055555555556,0.8863636363636364,73.6036111111111,4,5029.0,5,27.12,0.278531674455698,0.0791990875996138,19.045454545454547,true_positive
12611,0,0.3893915966782761,1,29.88111111111111,0.7816091954022989,47.86861111111112,3,9124.0,8,48.28,0.2320435332630813,0.2059273011440608,32.298850574712645,false_positive
12612,0,0.0814031363077723,0,1.6619444444444444,0.6561264822134387,76.06972222222223,4,48686.0,19,149.36,0.2026776081575123,1.0154529408076551,90.04347826086956,true_negative
12613,0,0.2613396533310881,0,11.144166666666669,0.7357142857142858,66.61055555555555,4,13262.0,8,98.52,0.2249631411707614,0.4767354480665399,60.66428571428571,true_negative
12614,0,0.7205347989339829,1,8.56611111111111,0.2857142857142857,69.16222222222223,2,469.0,2,3.7142857142857135,0.2489088974701847,0.0127214189072413,3.7142857142857135,false_positive
12615,0,0.029966244308662723,0,0.0972222222222222,0.6229205175600739,77.63944444444445,4,70182.0,13,171.48,0.1383521155362038,1.3217355100095267,107.95933456561924,true_negative
12616,0,0.5967401596833022,1,39.57805555555556,0.8181818181818182,38.15166666666666,3,1685.0,5,11.318181818181818,0.24204474614706,0.057418838488227,11.318181818181818,false_positive
12617,0,0.11408343885322277,0,4.894166666666667,0.5023923444976076,72.83972222222222,4,33701.0,7,103.88,0.1984501129126642,0.5616313989545763,74.11961722488039,true_negative
12618,1,0.6284173204266383,1,14.159166666666666,0.6,63.55777777777778,2,1850.0,2,9.2,0.2509355177102449,0.030352911945706,9.2,true_positive
12619,0,0.189111835351098,0,0.1113888888888888,0.3305084745762712,77.59361111111112,4,12201.0,9,38.96,0.2540849073072763,0.1176884757151473,25.67796610169492,true_negative
12620,1,0.7657918054316203,1,57.41416666666667,1.0,20.27722222222222,2,1660.0,4,10.842105263157896,0.2814199343384865,0.0404413746912594,10.842105263157896,true_positive
12621,0,0.030964901942729422,0,2.5191666666666666,0.5248990578734859,75.15638888888888,4,80949.0,15,255.76,0.1529115700053858,3.065443820954069,184.85598923283985,true_negative
12622,0,0.1980058997583782,0,0.4163888888888888,0.9457364341085271,77.25805555555556,3,15755.0,6,150.76,0.2443659383667901,0.3036344874197685,64.10077519379846,true_negative
12623,0,0.05364815480352131,0,0.6827777777777778,0.6926605504587156,76.99944444444445,4,42549.0,23,123.12,0.183174662150919,0.7233912378851894,75.05504587155963,true_negative
12624,0,0.1772806066670292,0,9.291944444444445,0.9365079365079364,68.36638888888889,4,24416.0,11,132.64,0.2119167557181508,0.7434655207670656,73.17460317460318,true_negative
12625,1,0.5480331058895319,1,37.0625,0.8043478260869565,40.48555555555556,2,4080.0,3,33.28,0.2833159452783346,0.1041186679032235,23.5,true_positive
12626,1,0.09352336932544329,0,4.415,0.4941176470588235,73.23333333333333,4,20260.0,12,145.88,0.2009047646536588,0.9118167114827492,79.75294117647059,false_negative
12627,1,0.660225996092785,1,53.805277777777775,1.0,23.816666666666663,2,6787.0,5,42.16,0.2117430385087584,0.1364986390477802,28.44,true_positive
12628,0,0.21936107529436044,0,4.856944444444444,0.912621359223301,72.75361111111111,4,14252.0,5,72.84,0.2429405393668597,0.2066006031284888,41.728155339805824,true_negative
12629,1,0.2002842866948367,0,4.778611111111111,0.4464285714285714,72.83361111111111,4,5522.0,6,39.52,0.2311767308041995,0.1251110072960377,26.303571428571427,false_negative
12630,0,0.5512098247040128,1,28.580277777777777,0.8787878787878788,49.02722222222222,3,2362.0,5,18.6,0.2921659266928946,0.0542756064898638,15.181818181818182,false_positive
12631,0,0.2637436159222704,0,15.256666666666666,0.480225988700565,62.35527777777778,4,22480.0,12,132.48,0.2300383082912613,0.7632525838203523,73.46327683615819,true_negative
12632,0,0.152683467071216,0,6.328888888888889,0.5107913669064749,71.27111111111111,4,15292.0,7,88.6,0.2370705245581495,0.3790432753145638,64.5179856115108,true_negative
12633,0,0.1788150458865458,0,9.4675,0.8888888888888888,68.12833333333333,4,11817.0,10,84.16,0.2254242780323263,0.3332476203584625,49.67521367521368,true_negative
12634,1,0.6010710076873103,1,53.501666666666665,1.0,24.0875,2,7178.0,3,62.92,0.268269916192271,0.191555186184779,36.526315789473685,true_positive
12635,0,0.11518447091088735,0,5.953055555555555,0.4675324675324675,71.62527777777778,4,15974.0,14,111.84,0.2205523123407561,0.5260412611256672,68.55844155844156,true_negative
12636,0,0.07423811420091024,0,3.768611111111111,0.386892177589852,73.80666666666667,4,37773.0,28,231.28,0.1849623760027156,2.7516440266863653,158.74207188160676,true_negative
12637,0,0.20239173681652528,0,8.344722222222222,0.5921052631578947,69.17583333333333,4,9218.0,7,44.6,0.2446330197410646,0.1920418709352798,32.43421052631579,true_negative
12638,1,0.6562900720306556,1,6.885555555555555,0.9473684210526316,70.6575,3,1097.0,3,8.578947368421053,0.2636787392136102,0.0524380446463378,8.578947368421053,true_positive
12639,0,0.1485357041851597,0,6.528888888888889,0.4503816793893129,71.01444444444445,4,12006.0,10,114.76,0.2289993410238186,0.5995278066757048,68.95419847328245,true_negative
12640,1,0.5793022408995149,1,35.45638888888889,0.8571428571428571,42.06305555555556,3,834.0,4,3.571428571428572,0.1513969344010365,0.010681499185351,3.571428571428572,true_positive
12641,0,0.20591417954181235,0,10.52138888888889,0.7014925373134329,67.02555555555556,4,13344.0,7,115.0,0.232166941072186,0.662554233375526,70.80597014925372,true_negative
12642,0,0.12425728447678369,0,3.270277777777778,0.7757575757575758,74.2761111111111,4,17178.0,7,100.24,0.2136076733510092,0.5425919166494159,62.4969696969697,true_negative
12643,0,0.1234105180230059,0,6.071666666666666,0.7952380952380952,71.45055555555555,4,21877.0,8,108.92,0.2145448648167607,0.6281195439268045,73.3047619047619,true_negative
12644,0,0.02269467363139237,0,0.2083333333333333,0.5057142857142857,77.29972222222223,4,40116.0,22,148.96,0.155170927307969,1.1145615805065543,93.34857142857145,true_negative
12645,0,0.30079208512795774,0,20.052222222222223,0.5909090909090909,57.46361111111111,4,7226.0,6,39.04,0.2840087159864007,0.1289166137520727,25.09090909090909,true_negative
12646,0,0.04925873979663688,0,1.47,0.7011494252873564,76.03027777777778,4,22313.0,20,86.88,0.1883085880617077,0.4072966127134046,56.62643678160919,true_negative
12647,0,0.042889209680448064,0,0.6902777777777778,0.302158273381295,76.81305555555555,4,58110.0,17,183.84,0.1777604624042752,2.050765752754093,129.92565947242207,true_negative
12648,0,0.039798261710906106,0,1.9944444444444445,0.4511278195488721,75.34083333333334,4,40741.0,19,102.2,0.1813442653048693,0.5531833952674174,71.33082706766918,true_negative
12649,0,0.20029664110127052,0,1.103888888888889,0.7326732673267327,76.3925,3,9498.0,3,80.88,0.2418267954566775,0.3296469430030219,48.16831683168317,true_negative
12650,0,0.7489683230787352,1,48.49194444444444,1.0,28.99361111111111,2,764.0,2,5.6,0.2377541164049191,0.0192516701604112,5.6,false_positive
12651,0,0.2622819808470154,0,4.891111111111111,0.4181818181818181,72.57055555555556,4,4706.0,7,38.56,0.2558482190157257,0.1290512410482173,25.89090909090909,true_negative
12652,1,0.7309223928140812,1,58.20666666666666,1.0,19.27888888888889,2,1970.0,2,13.166666666666666,0.2498913886417152,0.0544829928756527,13.166666666666666,true_positive
12653,1,0.5939713914215001,1,29.130277777777778,0.9565217391304348,45.55638888888889,3,4300.0,4,9.478260869565217,0.3049914310649886,0.0648893790679505,9.478260869565217,true_positive
12654,0,0.6108972321244348,1,51.9875,1.0,25.486944444444443,2,8572.0,3,54.6,0.2578360580867486,0.1703321046918515,33.39705882352941,false_positive
12655,1,0.05194533674546243,0,0.0080555555555555,0.5544041450777202,77.46527777777777,4,41727.0,21,197.92,0.1978845090423263,2.1948369537263828,132.0336787564767,false_negative
12656,0,0.3701094277175139,1,28.90833333333333,0.5694444444444444,48.55833333333333,3,7368.0,3,49.2,0.2442534403396318,0.1872360317397492,31.25,false_positive
12657,0,0.39432197255602625,1,10.400833333333331,0.8461538461538461,67.05333333333333,4,4842.0,6,28.72,0.2604224433530148,0.0906038372926672,19.634615384615383,false_positive
12658,0,0.3860348452934623,1,29.23555555555556,0.6,48.24361111111112,2,1210.0,3,544.3,0.4748286885187807,2.899167007552205,544.3,false_positive
12659,0,0.11926381605632481,0,2.515,0.3055555555555556,74.93055555555556,4,18193.0,12,90.2,0.2256107332846769,0.3876503340073944,69.61805555555556,true_negative
12660,0,0.13141767651891215,0,0.4375,0.5308641975308642,77.00416666666666,4,9905.0,17,43.56,0.2286640265920126,0.1556048018015265,28.59259259259259,true_negative
12661,1,0.5350693354627868,1,29.01361111111111,0.9666666666666668,48.42611111111111,3,4091.0,4,16.6,0.230996265359677,0.0530162158963915,14.333333333333334,true_positive
12662,1,0.33412330171291915,1,4.499722222222222,0.5277777777777778,71.6686111111111,4,3737.0,7,25.36,0.2350352381788035,0.0763857448646205,19.75,true_positive
12663,1,0.5082244719923892,1,28.45805555555556,0.8648648648648649,48.97944444444445,3,2913.0,3,22.84,0.2224976137133554,0.0670232647516365,17.54054054054054,true_positive
12664,0,0.20088233533017597,0,1.9175,0.4814814814814814,75.43472222222222,4,6443.0,9,44.36,0.2306891196074967,0.1899373589822435,33.72222222222222,true_negative
12665,0,0.052162285114693285,0,2.733611111111111,0.3156146179401993,74.6986111111111,4,29795.0,14,155.16,0.2058995278478519,1.3082848986530564,99.4750830564784,true_negative
12666,1,0.7283070156617164,1,25.62638888888889,0.6666666666666666,51.31444444444445,2,142.0,2,2.333333333333333,0.1176083881682571,0.0088748045433544,2.333333333333333,true_positive
12667,1,0.8436061786034245,1,58.89722222222223,1.0,18.522222222222226,2,844.0,2,9.0,0.1730764952724292,0.0322922250887456,9.0,true_positive
12668,0,0.1598666652207839,0,3.466388888888889,0.8842975206611571,73.9336111111111,4,15054.0,5,68.32,0.2394499060523909,0.2389374961877327,42.88429752066116,true_negative
12669,1,0.11123286749946665,0,0.0452777777777777,0.7238095238095238,77.35444444444444,4,12099.0,9,74.56,0.2265113646648946,0.2911904585935271,43.304761904761904,false_negative
12670,0,0.6354180285133435,1,49.85194444444444,1.0,27.50861111111111,2,2025.0,5,11.142857142857142,0.2244162901332613,0.05625737283793,11.142857142857142,false_positive
12671,0,0.27816010675180464,0,6.434722222222222,0.9615384615384616,70.90166666666667,3,17948.0,4,102.84,0.232680773929567,0.5033638208455675,65.14835164835165,true_negative
12672,1,0.338587501676669,1,5.226111111111111,0.8421052631578947,72.11194444444445,3,3587.0,7,25.52,0.2256996182331732,0.0686478567781807,19.210526315789476,true_positive
12673,0,0.11105994009418137,0,0.3152777777777777,0.5161290322580645,76.96444444444444,4,24193.0,10,122.04,0.2080886164034974,0.74382925268061,76.3778801843318,true_negative
12674,0,0.10230059258754322,0,1.7075,0.5918367346938775,75.63444444444444,4,24630.0,17,158.6,0.2057360482746704,1.1917390718151144,102.0734693877551,true_negative
12675,0,0.03498097714977458,0,0.8591666666666666,0.5302325581395348,76.47083333333333,4,41886.0,27,106.12,0.1187914436884964,0.4876606756606569,73.67906976744186,true_negative
12676,0,0.18663677979040513,0,0.5519444444444445,0.6538461538461539,76.78555555555556,4,7618.0,8,58.48,0.2388169441109976,0.1947886934993748,35.65384615384615,true_negative
12677,0,0.6957891025467939,1,10.962777777777776,0.625,66.35222222222222,2,407.0,2,4.125,0.2785310025838287,0.0126104093571445,4.125,false_positive
12678,1,0.7416385371469477,1,57.87555555555556,1.0,19.44,2,4026.0,4,24.04,0.247144608273526,0.0734751911555866,17.325581395348838,true_positive
12679,1,0.3567269253807871,1,30.570555555555558,0.6482758620689655,46.74166666666667,3,12682.0,4,94.64,0.2214500420103822,0.3796603414156456,54.88275862068966,true_positive
12680,1,0.40123583808999513,1,29.290277777777774,0.7352941176470589,48.01472222222223,3,11466.0,9,69.36,0.2394937420712663,0.2652206278273711,42.44117647058823,true_positive
12681,1,0.6426096436312188,1,30.433611111111112,0.7142857142857143,46.84555555555556,2,570.0,3,3.7142857142857135,0.2525746557676236,0.0127214189072413,3.7142857142857135,true_positive
12682,1,0.7101860488135655,1,69.10555555555555,1.0,8.19,2,22833.0,2,105.08,0.2136675269676581,0.5263945674436009,65.38953488372093,true_positive
12683,0,0.082793256970471,0,2.4255555555555555,0.5181347150259067,74.86222222222223,4,28814.0,14,139.52,0.2136256094328578,0.8579206361040207,78.03626943005182,true_negative
12684,1,0.6278983309935617,1,53.85333333333333,1.0,23.412222222222223,2,6118.0,5,35.32,0.2435264889973783,0.1125331980688213,24.389830508474574,true_positive
12685,0,0.10882360864880851,0,5.020555555555555,0.2135922330097087,72.21527777777777,4,10903.0,11,43.52,0.2464116118019886,0.1695740898554521,29.145631067961165,true_negative
12686,0,0.5494329364686867,1,51.789722222222224,1.0,22.384444444444444,2,4116.0,3,38.36,0.2304832963372747,0.1365689112546264,28.42222222222222,false_positive
12687,0,0.15645867204527408,0,2.911111111111111,0.7368421052631579,74.34555555555555,4,11214.0,10,72.76,0.2144455590779574,0.3351787329737234,50.578947368421055,true_negative
12688,0,0.05807787269273014,0,2.441388888888889,0.6844444444444444,74.79916666666666,4,26915.0,14,132.36,0.1911702558488486,0.786159684176734,75.8,true_negative
12689,0,0.10103830207492184,0,0.2666666666666666,0.5306122448979592,76.97166666666666,4,11892.0,8,73.4,0.2138796149683865,0.350949766649287,47.19387755102041,true_negative
12690,1,0.12924435093136025,0,3.4186111111111117,0.5504201680672269,73.83111111111111,3,26004.0,6,150.6,0.1824481568653339,0.9389353523798536,84.55042016806723,false_negative
12691,1,0.6006586466190431,1,71.8488888888889,1.0,5.379166666666666,2,5779.0,2,46.44,0.2249727392529621,0.159119380031355,29.6,true_positive
12692,0,0.1636388120729591,0,5.036944444444444,0.84,72.20916666666666,3,22704.0,11,1330.24,0.1143569567216127,3.134741695442226,1236.97,true_negative
12693,1,0.17571638530617922,0,5.655277777777778,0.0495049504950495,71.56666666666666,3,8871.0,5,110.72,0.2299630628200563,0.7686005231101929,83.34653465346534,false_negative
12694,0,0.16454718156024353,0,0.5522222222222222,0.3771929824561403,76.66916666666667,3,10813.0,10,68.76,0.2363771363036884,0.3147455995159875,45.74561403508772,true_negative
12695,1,0.34632879346833667,1,28.25611111111111,0.8082191780821918,57.40972222222222,3,8405.0,8,72.6,0.2391848981035755,0.3898232182755602,60.24657534246575,true_positive
12696,0,0.3762455194924529,1,25.98138888888889,0.8946078431372549,51.230555555555554,3,35129.0,5,209.4,0.1882496459800229,2.119701943458653,131.8553921568627,false_positive
12697,0,0.081612714893247,0,4.82,0.3923444976076555,72.37916666666666,4,27661.0,8,97.64,0.1945227391424087,0.4937075071848575,64.66028708133972,true_negative
12698,0,0.1613708567952494,0,1.8908333333333331,0.896,75.30027777777778,4,10556.0,11,41.0,0.1531991762217618,0.1792217095940658,28.096,true_negative
12699,1,0.1173731409199572,0,5.640555555555555,0.3491525423728813,71.54388888888889,3,39872.0,3,103.0,0.190457922263257,0.6566721573436254,77.7186440677966,false_negative
12700,0,0.5322823512819347,1,27.406666666666663,0.7,49.784444444444446,3,1086.0,4,3.6,0.3686961418202546,0.0185093387896363,3.6,false_positive
12701,0,0.08705987593409088,0,0.0527777777777777,0.375,77.13083333333333,4,17387.0,12,91.6,0.2026699531620006,0.4397204183427332,56.72368421052632,true_negative
12702,0,0.4462992841775009,1,21.33833333333333,0.967741935483871,55.8475,3,6538.0,7,37.16,0.2200317423756672,0.1270780637624885,23.677419354838708,false_positive
12703,0,0.4550770843021359,1,38.754444444444445,0.9158878504672896,38.41694444444445,3,9586.0,5,71.36,0.2117591682605976,0.2496689707157614,42.65420560747664,false_positive
12704,0,0.5055635089687848,1,30.74888888888889,0.94,46.405,3,4688.0,3,34.0,0.2575543325634092,0.1118227686532129,23.28,false_positive
12705,0,0.19819456271301608,0,2.2380555555555555,0.5227272727272727,74.90638888888888,3,10520.0,4,44.48,0.2405365405968413,0.1989000532491674,30.113636363636363,true_negative
12706,0,0.08522746588614093,0,5.023611111111111,0.5091352009744214,72.11472222222223,4,70342.0,8,237.36,0.1524570830412954,3.157103310939704,187.7844092570037,true_negative
12707,1,0.43487912995442946,1,25.96555555555556,0.8787878787878788,51.13333333333333,3,3710.0,3,20.76,0.2419774027602498,0.0674036383509886,16.818181818181817,true_positive
12708,0,0.06796459453379125,0,4.085833333333333,0.5990990990990991,73.05416666666666,4,21460.0,13,108.24,0.1724526381355458,0.412146995106862,67.4054054054054,true_negative
12709,0,0.05737802164564078,0,2.888333333333333,0.3548387096774194,74.23777777777778,4,28167.0,25,112.8,0.179017951977686,0.4290493334408538,78.76036866359448,true_negative
12710,1,0.6505440042757051,1,28.329166666666666,0.7857142857142857,48.79083333333333,2,850.0,3,8.428571428571429,0.2040707214920468,0.0346328062290033,8.428571428571429,true_positive
12711,0,0.42631527480950887,1,14.022222222222222,0.5526315789473685,63.09166666666667,4,4910.0,4,22.76,0.3023477768471143,0.067589985502393,17.05263157894737,false_positive
12712,0,0.25992651755445856,0,3.8366666666666656,0.7407407407407407,73.27638888888889,3,5470.0,4,39.8,0.2604598499979452,0.1471266886972163,27.703703703703702,true_negative
12713,0,0.327169138492612,1,3.7466666666666666,0.7708333333333334,73.35138888888889,4,4775.0,5,33.48,0.2652016732286806,0.1134528900749843,23.08333333333333,false_positive
12714,0,0.6438503449192717,1,33.189166666666665,0.9473684210526316,43.89722222222223,2,1576.0,3,10.105263157894736,0.2278524052344872,0.0450945207926054,10.105263157894736,false_positive
12715,1,0.671256165293107,1,6.836388888888889,0.1666666666666666,70.2475,2,344.0,2,3.5,0.2003467644295146,0.0102828710676013,3.5,true_positive
12716,1,0.680989870418937,1,58.885,1.0,18.17833333333333,2,2411.0,3,12.76,0.2358825085455616,0.0530894349118373,12.76,true_positive
12717,1,0.6919474722675522,1,54.16222222222222,1.0,22.91722222222222,2,2119.0,2,12.208333333333334,0.2368194970523843,0.0493779666627411,12.208333333333334,true_positive
12718,1,0.3510922206928859,1,1.7838888888888889,0.8552631578947368,75.29166666666667,3,6484.0,7,61.72,0.2684736029716958,0.1985915287433237,35.6578947368421,true_positive
12719,0,0.5916902742658531,1,50.765277777777776,1.0,26.29694444444445,2,9546.0,6,41.88,0.2535748608895929,0.1499990369246975,27.803030303030305,false_positive
12720,0,0.21295119357686593,0,10.11138888888889,0.2087542087542087,66.9625,4,24058.0,7,187.56,0.243794144927821,1.6583302101885962,111.51851851851852,true_negative
12721,0,0.8039843838465486,1,53.9,1.0,23.1275,2,351.0,2,3.5,0.1470588484406087,0.0102828710676013,3.5,false_positive
12722,0,0.09753788154700212,0,1.696388888888889,0.553030303030303,75.35555555555555,4,15545.0,13,72.08,0.215519094450449,0.3495034623409083,49.34090909090909,true_negative
12723,1,0.08227319874926203,0,7.285555555555556,0.4845679012345679,69.77944444444445,4,38821.0,16,141.72,0.1981152862739597,0.9628526173315772,95.93827160493828,false_negative
12724,0,0.8097281487424448,1,53.680277777777775,1.0,23.383055555555558,2,313.0,2,3.5,0.0991164672194992,0.0102828710676013,3.5,false_positive
12725,0,0.12200344880217501,0,0.0172222222222222,0.3526315789473684,77.04277777777777,4,20034.0,11,187.4,0.2236185481165817,0.5877562829259732,82.75263157894737,true_negative
12726,1,0.8091677529981557,1,61.86833333333333,1.0,15.163055555555555,2,672.0,2,3.75,0.278452003624602,0.0175644066897889,3.75,true_positive
12727,1,0.34633783690940917,1,25.25861111111111,0.7164179104477612,51.785555555555554,3,12491.0,3,92.0,0.2241981381339778,0.4131780997665654,58.52985074626866,true_positive
12728,0,0.45089609602463254,1,28.237222222222226,0.9344262295081968,48.80277777777778,3,6761.0,9,53.72,0.2415878254731234,0.1318119483208885,32.0655737704918,false_positive
12729,0,0.15362890473600135,0,4.407222222222222,0.801980198019802,72.60777777777778,4,9123.0,7,74.96,0.23900457591749,0.3214299555606899,46.85148514851485,true_negative
12730,1,0.4417919861579392,1,2.819722222222222,0.2777777777777778,74.21416666666667,3,1322.0,3,10.27777777777778,0.2351310412665914,0.0461194646635278,10.27777777777778,true_positive
12731,0,0.13897484272439795,0,4.405,0.4146341463414634,72.6175,4,15989.0,8,96.84,0.2164188456865519,0.3205537490049204,62.17886178861789,true_negative
12732,0,0.06965594392288993,0,1.4958333333333331,0.4876033057851239,75.51305555555555,4,20200.0,17,73.76,0.1775880912033189,0.2504004520204805,42.50413223140496,true_negative
12733,0,0.341346059378461,1,2.038611111111111,0.1111111111111111,74.96555555555555,3,4006.0,5,22.16,0.2516725899530798,0.0638952772604055,17.22222222222222,false_positive
12734,0,0.6328176649647262,1,57.61138888888889,1.0,19.394166666666667,2,4757.0,3,44.76,0.2443863905105298,0.178466739307227,29.56923076923077,false_positive
12735,0,0.08349388274803894,0,4.733055555555556,0.6347305389221557,72.26833333333333,4,24417.0,12,95.24,0.2086632528226653,0.4572728311336723,59.047904191616766,true_negative
12736,0,0.20750888244907625,0,2.253055555555556,0.1674641148325359,55.12694444444445,3,37881.0,13,257.16,0.1193132983016036,3.873484036661087,246.33492822966508,true_negative
12737,1,0.12550286706611435,0,2.073611111111111,0.7575757575757576,74.91361111111111,3,12806.0,8,99.8,0.1982152821020616,0.4650129833658951,61.65909090909091,false_negative
12738,1,0.26611181872470335,0,21.79361111111111,0.751219512195122,55.178333333333335,4,23381.0,6,100.48,0.2235045306308783,0.5219756805863353,73.92682926829268,false_negative
12739,1,0.571311987387872,1,53.00555555555555,1.0,23.981944444444444,2,25991.0,7,87.12,0.2272020931390142,0.3667078917157524,54.47150259067357,true_positive
12740,0,0.06497544991856896,0,4.366944444444444,0.4073275862068966,72.61138888888888,4,39412.0,14,174.12,0.1792854598047659,1.714011837443294,121.25646551724138,true_negative
12741,1,0.547934262604549,1,31.21444444444445,0.9,45.74666666666667,3,2672.0,3,9.3,0.3041796631573155,0.0658071103858312,9.3,true_positive
12742,0,0.6381833548247093,1,48.94805555555556,1.0,28.035833333333333,2,50093.0,4,193.32,0.1795829629363303,1.7432056750612368,118.20171673819742,false_positive
12743,0,0.1692844028855725,0,10.965555555555556,0.7352941176470589,65.97055555555555,4,26027.0,12,108.8,0.2157935424000735,0.643077906578409,70.28823529411764,true_negative
12744,0,0.7082180399364537,1,50.79166666666666,1.0,26.131944444444443,2,1987.0,4,9.3125,0.2055697423291075,0.0395851105326452,9.3125,false_positive
12745,1,0.8014726405659587,1,57.25361111111111,1.0,19.66111111111111,2,1085.0,2,9.0,0.2009314762628019,0.0335795575577278,9.0,true_positive
12746,0,0.799408513302918,1,64.35555555555555,1.0,12.51361111111111,2,174.0,2,2.5,0.0740379541565859,0.0077761074344965,2.5,false_positive
12747,1,0.48024187491936166,1,25.094722222222224,0.5853658536585366,51.82694444444444,2,3141.0,2,28.4,0.2390001069512625,0.0812138811611628,20.634146341463413,true_positive
12748,0,0.03405141203307951,0,0.0166666666666666,0.4868035190615836,76.89111111111112,4,36903.0,12,174.32,0.1855559068311981,1.316057932789136,103.19941348973607,true_negative
12749,1,0.3307073976263581,1,14.641944444444444,0.5964912280701754,62.23833333333334,4,5868.0,4,47.52,0.2499148201975368,0.1312805747507434,29.31578947368421,true_positive
12750,1,0.5852328796797664,1,39.37,0.5217391304347826,37.51416666666667,3,2351.0,3,8.782608695652174,0.2248265421808963,0.0379971698384316,8.782608695652174,true_positive
12751,0,0.06608355516888798,0,0.0116666666666666,0.4651162790697674,76.85305555555556,4,27636.0,11,141.68,0.2072618165078884,0.8348049420994594,80.32558139534883,true_negative
12752,0,0.1204213489368603,0,0.4813888888888888,0.28,76.38277777777778,4,13683.0,4,92.64,0.1997077604151047,0.2420598481884152,49.976,true_negative
12753,1,0.8021709351600321,1,58.53416666666666,1.0,18.3175,2,1148.0,2,9.0,0.2168080035407905,0.0322922250887456,9.0,true_positive
12754,0,0.6952921903413788,1,59.29194444444445,1.0,17.564722222222223,2,6204.0,2,25.52,0.2285592516290815,0.0857951891246655,17.91304347826087,false_positive
12755,1,0.7167451363632449,1,53.91555555555556,1.0,22.78833333333333,2,1687.0,3,12.565217391304348,0.2221424137103223,0.0559441065833333,12.565217391304348,true_positive
12756,1,0.1800678023359885,0,11.922222222222222,0.8656716417910447,64.89305555555555,4,17689.0,6,74.12,0.1663932254174504,0.3590387444099133,51.79601990049751,false_negative
12757,1,0.23282500501406142,0,0.0061111111111111,0.6625,76.82694444444445,2,7527.0,3,59.64,0.2266353310634037,0.2364740590247624,37.0125,false_negative
12758,0,0.5137033752615766,1,14.60138888888889,0.8571428571428571,62.223333333333336,3,1115.0,3,10.238095238095235,0.226742718211182,0.0455258198338871,10.238095238095235,false_positive
12759,0,0.19762772432478995,0,6.653333333333333,0.4307692307692308,70.16305555555556,4,8417.0,5,33.96,0.2427855997311128,0.1061190898592775,23.723076923076924,true_negative
12760,0,0.04179726479689288,0,0.1780555555555555,0.429951690821256,76.61638888888889,4,50119.0,14,200.32,0.1703473908279249,2.0303209427363464,126.79227053140096,true_negative
12761,0,0.06414177231567621,0,3.780833333333333,0.5372340425531915,73.02555555555556,4,19715.0,13,92.16,0.1948045793289484,0.437018628157421,56.5531914893617,true_negative
12762,0,0.07574281837073371,0,1.8311111111111111,0.6853146853146853,74.965,4,16653.0,11,84.2,0.1996541620174361,0.3698423132902421,52.72027972027972,true_negative
12763,0,0.16743841009669605,0,3.9652777777777777,0.4571428571428571,72.82805555555555,4,17477.0,9,144.04,0.2200583461517291,0.893550594769682,80.13714285714286,true_negative
12764,1,0.3786648938134204,1,12.234166666666669,0.8421052631578947,64.54444444444445,3,5451.0,3,60.88,0.2803971259475562,0.1156658922312037,35.85964912280702,true_positive
12765,1,0.34487532752159117,1,5.271388888888889,0.7407407407407407,71.50416666666666,4,3302.0,5,11.92,0.248708920128626,0.0582706013608742,11.148148148148149,true_positive
12766,0,0.026554193335219734,0,0.5516666666666666,0.4883720930232558,76.21888888888888,4,85434.0,26,258.28,0.1572616760738534,2.639475829196037,164.57558139534885,true_negative
12767,0,0.32745957148195487,1,28.301666666666662,0.7964601769911505,48.47138888888889,3,13786.0,10,69.0,0.2145494556249584,0.304926480639012,45.0,false_positive
12768,0,0.3437105950091987,1,1.9947222222222225,0.4310344827586206,74.7925,3,5201.0,4,44.6,0.2421269593385488,0.1643851279284659,28.89655172413793,false_positive
12769,0,0.13344332569977532,0,8.469722222222222,0.6127320954907162,68.31833333333333,4,35897.0,15,188.96,0.1902068689608456,2.0377312587590164,124.6790450928382,true_negative
12770,0,0.1528132945000399,0,7.3825,0.3275862068965517,69.39972222222222,4,19240.0,14,134.24,0.2253108863704847,0.8074971094634144,75.90229885057471,true_negative
12771,0,0.6064044423413457,1,33.32972222222222,0.8666666666666667,43.40277777777778,3,1807.0,4,7.133333333333334,0.3066672423760045,0.0264242832690856,7.133333333333334,false_positive
12772,0,0.7027584787865568,1,50.490833333333335,1.0,26.26861111111111,2,2864.0,2,9.047619047619047,0.2583193558581358,0.0543421666153174,9.047619047619047,false_positive
12773,0,0.06403380825634886,0,0.0136111111111111,0.5591939546599496,76.75555555555556,4,36364.0,16,203.64,0.2244136098535648,2.085876497363485,131.03778337531486,true_negative
12774,0,0.11569688106937155,0,4.399166666666667,0.4,72.36111111111111,4,23188.0,16,151.24,0.2107447378881288,1.1553703754151223,95.1125,true_negative
12775,0,0.03923481379775792,0,0.0025,0.51338199513382,76.75611111111111,4,41188.0,16,176.92,0.17156925103358,1.6234275990293054,115.5279805352798,true_negative
12776,0,0.6199805290170965,1,60.92583333333334,1.0,15.828333333333331,2,4153.0,4,36.28,0.2509174112725908,0.1264537735136375,26.38095238095238,false_positive
12777,0,0.09503940872019202,0,5.0183333333333335,0.8141025641025641,71.73305555555555,4,13807.0,9,70.36,0.2108548618436556,0.3541183926460542,49.45512820512821,true_negative
12778,1,0.15472852964729059,0,19.79694444444445,0.5903225806451613,56.93805555555556,4,30725.0,8,152.56,0.2015500986759776,0.9497695393910242,100.74193548387096,false_negative
12779,0,0.1029823809729099,0,0.4530555555555555,0.3377777777777778,76.27638888888889,4,25534.0,17,147.44,0.2256381000000333,1.0153297855776948,89.49777777777778,true_negative
12780,0,0.14939277257142447,0,1.995,0.7696629213483146,74.71777777777778,3,21472.0,3,116.92,0.1940116221826614,0.5648152573600079,69.82022471910112,true_negative
12781,0,0.06645071102152426,0,0.0338888888888888,0.5300546448087432,76.67388888888888,4,26303.0,13,101.12,0.1875365276491507,0.5867170510468876,68.4207650273224,true_negative
12782,0,0.10022211361282717,0,1.3655555555555556,0.3225108225108225,75.35222222222222,4,56189.0,21,181.16,0.2673765533282919,2.031735017463847,131.1017316017316,true_negative
12783,0,0.7984948374799692,1,64.02,1.0,12.662222222222224,2,1228.0,2,4.9,0.2612151255225112,0.0141989111215715,4.9,false_positive
12784,1,0.4528085507479296,1,29.09638888888889,0.85,47.60333333333333,3,9650.0,9,68.28,0.2314357421970963,0.248608994364724,41.55,true_positive
12785,0,0.24339872133358625,0,8.05,0.7222222222222222,68.63944444444445,3,8518.0,6,51.16,0.2283588920979416,0.1971207401023796,32.416666666666664,true_negative
12786,0,0.07632994850747903,0,4.205277777777778,0.6735537190082644,72.48083333333334,4,22999.0,14,153.2,0.1853793224907788,1.120022811307573,93.84710743801652,true_negative
12787,0,0.09232850192829777,0,3.5294444444444446,0.6812749003984063,73.14888888888889,4,30719.0,12,175.72,0.2154993817885906,1.569515307041059,106.34661354581674,true_negative
12788,0,0.7759979426975167,1,60.53277777777778,1.0,16.135833333333334,2,4180.0,2,10.8,0.2684072100144808,0.035600097224689,9.620689655172416,false_positive
12789,0,0.08192738187502266,0,0.9452777777777778,0.5966666666666667,75.73666666666666,4,36864.0,26,220.08,0.2175612304255244,2.223735574823116,140.55666666666667,true_negative
12790,1,0.6336478822788058,1,56.30388888888889,1.0,20.35527777777778,2,13574.0,5,96.68,0.2314614206271259,0.3878740162999058,57.74825174825175,true_positive
12791,0,0.5306698992675889,1,36.285,0.8333333333333334,40.39972222222222,3,3337.0,3,17.08,0.2811711086126642,0.0472026336465447,14.733333333333333,false_positive
12792,0,0.04558647192881077,0,0.0294444444444444,0.6170212765957447,76.62861111111111,4,41128.0,9,170.48,0.2030717577021216,1.5567167893736231,115.17966903073288,true_negative
12793,1,0.597129207941029,1,5.0969444444444445,0.9545454545454546,71.54527777777778,3,1859.0,3,9.318181818181818,0.2748517437410863,0.0419665011532192,9.318181818181818,true_positive
12794,0,0.06561301727433547,0,4.376111111111111,0.6871345029239766,72.26972222222223,4,42815.0,8,169.0,0.1744807757672858,1.2750591421872692,102.49122807017544,true_negative
12795,0,0.0622721902552477,0,1.576111111111111,0.6046511627906976,75.06444444444445,4,39962.0,14,177.32,0.2027567860131302,1.6680606664483977,120.36046511627907,true_negative
12796,0,0.22241028447256833,0,10.116111111111111,0.82,66.51416666666667,3,10931.0,5,73.68,0.2011198705732163,0.2795284341898015,42.39,true_negative
12797,1,0.6172303725980296,1,57.80277777777778,1.0,18.808888888888887,2,15706.0,4,99.84,0.2318362063803479,0.3495761628448546,52.89473684210526,true_positive
12798,0,0.22239655166124503,0,5.147777777777778,0.4081632653061224,71.47472222222223,4,5826.0,7,25.36,0.2565770767093728,0.0654001683135383,19.163265306122447,true_negative
12799,1,0.5677367815336923,1,53.20222222222223,1.0,23.409444444444443,2,14250.0,4,90.88,0.1912637626373106,0.2651472136258312,51.53383458646616,true_positive
12800,1,0.6021811411758343,1,15.10777777777778,0.6666666666666666,61.51361111111111,2,522.0,2,3.8333333333333335,0.2729323252392148,0.0076963104944989,3.8333333333333335,true_positive
12801,0,0.6631946390643572,1,5.919722222222222,0.8333333333333334,70.68166666666667,3,720.0,3,4.916666666666667,0.25511217961747,0.0098784011916603,4.916666666666667,false_positive
12802,0,0.45134747911263584,1,35.04888888888889,0.4234875444839858,41.55833333333333,3,33658.0,7,154.08,0.2706823963783824,0.948850351857088,89.83629893238434,false_positive
12803,1,0.5982216397571515,1,37.13222222222223,0.9743589743589745,39.45333333333333,3,5861.0,4,22.52,0.244800969894597,0.0620346335638209,17.025641025641026,true_positive
12804,1,0.537918288775695,1,37.01916666666666,0.8275862068965517,39.57472222222222,3,3030.0,4,17.72,0.1965028870428143,0.0491306158832843,15.620689655172416,true_positive
12805,0,0.09644833740749215,0,5.927777777777778,0.3450479233226837,70.66472222222222,4,34609.0,9,209.16,0.197211101569435,2.1943589865217783,130.96485623003196,true_negative
12806,0,0.3455620256027175,1,10.615833333333333,0.7560975609756098,65.94166666666666,4,4258.0,8,22.0,0.2815942746873598,0.0570683810902286,16.609756097560975,false_positive
12807,1,0.16257313888076177,0,3.3619444444444446,0.6195652173913043,73.22111111111111,4,9798.0,9,51.92,0.2323119419097314,0.2111327297763337,33.83695652173913,false_negative
12808,0,0.10401577061782992,0,3.616111111111111,0.6632653061224489,72.96416666666667,4,18172.0,10,123.44,0.2070078089985049,0.7223847580373222,73.4438775510204,true_negative
12809,0,0.04331141150025586,0,0.1072222222222222,0.4392059553349876,76.4661111111111,4,40247.0,25,102.32,0.1111539060283569,0.3422514106672871,58.44168734491315,true_negative
12810,0,0.133925545907001,0,2.6622222222222223,0.7671232876712328,73.89194444444445,4,18247.0,6,86.24,0.20876741194779,0.3794788500687264,59.81506849315068,true_negative
12811,1,0.6712325555503842,1,3.970833333333333,0.1666666666666666,72.6036111111111,2,344.0,2,3.5,0.1576213391428795,0.0102828710676013,3.5,true_positive
12812,1,0.72695238288056,1,53.89333333333333,1.0,22.6675,2,4299.0,2,20.88,0.244817039394193,0.0590695593082249,15.9,true_positive
12813,1,0.15687569651019606,0,7.777777777777778,0.7153846153846154,68.78472222222223,4,11934.0,6,87.52,0.2196729394330125,0.39178868578574,53.56153846153846,false_negative
12814,0,0.1428652032819148,0,0.0130555555555555,0.8478260869565217,76.54027777777777,4,16381.0,8,79.4,0.2181070867789271,0.3589671989242623,52.84057971014493,true_negative
12815,0,0.2229004071386185,0,12.066944444444443,0.6290322580645161,64.475,4,4546.0,7,17.92,0.1595346628426201,0.0813011630736381,12.983870967741936,true_negative
12816,1,0.6137108125323093,1,6.058611111111111,0.375,54.91416666666667,3,359.0,3,5.125,0.1625209982622825,0.0126271534032356,5.125,true_positive
12817,1,0.7579433683070038,1,55.8975,1.0,20.62388888888889,2,3268.0,3,9.80952380952381,0.2810162697360199,0.0371385220620442,9.80952380952381,true_positive
12818,0,0.18862714427485508,0,10.720833333333331,0.8369098712446352,65.82,4,22605.0,13,109.28,0.1991996609987888,0.6130761741842597,77.27038626609442,true_negative
12819,0,0.15295752595064388,0,0.0113888888888888,0.3762376237623762,76.52222222222223,3,10809.0,8,71.44,0.2254462186690071,0.3471544436437762,44.801980198019805,true_negative
12820,0,0.7954322435101426,1,54.376666666666665,1.0,22.1475,2,949.0,2,7.384615384615385,0.1846440238823346,0.0332832199622116,7.384615384615385,false_positive
12821,1,0.266595875304192,0,13.279166666666669,0.735632183908046,63.23777777777778,4,10936.0,6,49.36,0.2571480919781023,0.2010071615122309,31.79310344827586,false_negative
12822,0,0.1050714976516878,0,3.3183333333333334,0.860789652825051,73.21055555555556,4,325837.0,17,194.6,0.1066918711647018,1.9516259493251389,128.76718856364874,true_negative
12823,1,0.07293343171586066,0,1.8516666666666663,0.5446153846153846,74.6775,4,28232.0,13,193.92,0.1978352904775354,1.8218708825214496,116.35076923076925,false_negative
12824,0,0.14348490407818992,0,5.1925,0.4545454545454545,71.32888888888888,4,24753.0,10,207.44,0.2239722767379871,1.9833412566780384,129.25174825174824,true_negative
12825,1,0.600705021629643,1,6.303333333333334,0.3333333333333333,69.32416666666667,2,1661.0,3,5.555555555555555,0.3094322986617959,0.0125235703123239,5.555555555555555,true_positive
12826,0,0.8372873027002108,1,61.6825,1.0,14.838333333333331,2,309.0,3,3.4,0.2118834154874547,0.0113872121910216,3.4,false_positive
12827,0,0.03493061189269562,0,3.2144444444444447,0.65625,73.26805555555555,4,62693.0,20,151.04,0.1439062350735378,0.9540674033464952,90.62053571428572,true_negative
12828,0,0.07614668251172745,0,1.6480555555555556,0.5616438356164384,74.84083333333334,4,15681.0,12,73.36,0.2127611904634073,0.3530990101929748,49.26027397260274,true_negative
12829,0,0.04592753587580525,0,0.0094444444444444,0.4242424242424242,76.48333333333333,4,44084.0,13,206.28,0.1814891483336798,2.612713327348077,152.7785547785548,true_negative
12830,0,0.05260046857118986,0,0.5458333333333333,0.6967213114754098,75.95277777777778,4,36938.0,21,96.48,0.1866456552225954,0.5340387968114544,69.5327868852459,true_negative
12831,1,0.3029594885414918,0,2.9133333333333336,0.3389830508474576,73.56388888888888,2,5307.0,2,44.6,0.2675774134589945,0.1698728492519995,28.983050847457623,false_negative
12832,0,0.2673311842361951,0,10.024444444444445,0.8245614035087719,66.44805555555556,4,6678.0,10,38.68,0.2387238070664271,0.1379947871645047,25.33333333333333,true_negative
12833,1,0.516783075486238,1,30.481666666666666,0.9452054794520548,45.98305555555555,3,10235.0,8,68.04,0.241428938375932,0.1125765913651202,38.465753424657535,true_positive
12834,0,0.02597351188524332,0,1.2202777777777778,0.6592039800995025,75.25527777777778,4,43147.0,19,137.68,0.1360365535498335,0.7783946096604566,81.57960199004975,true_negative
12835,0,0.7305106029418842,1,55.54944444444445,1.0,20.91583333333333,2,2248.0,3,12.96,0.2646491284380714,0.055706600056199,12.11111111111111,false_positive
12836,1,0.08841390480059752,0,6.351944444444444,0.6054054054054054,70.0875,4,14300.0,12,71.32,0.1724488696344909,0.2211219241118989,53.28648648648649,false_negative
12837,1,0.47033701376378545,1,30.61722222222222,0.8333333333333334,45.835277777777776,3,7180.0,4,41.08,0.2627329863753423,0.1654076385554392,27.0,true_positive
12838,0,0.37609057876265867,1,25.535555555555558,0.5645161290322581,50.89333333333333,3,7109.0,5,46.12,0.2187270107577645,0.1198482020441942,28.677419354838708,false_positive
12839,1,0.5496958954252847,1,30.710555555555555,0.59375,45.715,2,3570.0,2,18.88,0.2519637714287743,0.0512492806410287,15.625,true_positive
12840,1,0.628284807934461,1,51.8525,1.0,24.578333333333333,2,2798.0,3,14.8,0.2313899129626623,0.0525078374608708,13.814814814814817,true_positive
12841,1,0.7764362725251311,1,56.91666666666666,1.0,19.584444444444443,2,413.0,2,2.0,0.1215977311895771,0.0109258811006545,2.0,true_positive
12842,0,0.29490542447017204,0,8.516666666666667,0.4666666666666667,67.86972222222222,4,7816.0,7,49.88,0.2692696490604728,0.1704710890066274,36.68,true_negative
12843,1,0.5518417588759952,1,35.71305555555556,0.875,40.684444444444445,3,4095.0,5,25.48,0.2683612686994063,0.0725508272977683,18.925,true_positive
12844,0,0.63399369307356,1,61.20555555555556,1.0,15.186388888888889,2,6145.0,2,36.56,0.2445888952438568,0.1306179902652265,23.942307692307693,false_positive
12845,1,0.4506695755728337,1,3.795555555555556,0.9210526315789472,72.59444444444445,3,6605.0,3,21.8,0.2488252742881431,0.0532682478834382,16.657894736842106,true_positive
12846,1,0.23165142956829468,0,12.513333333333334,0.795774647887324,63.86333333333334,4,23400.0,8,98.32,0.2309696148829309,0.6294095827485627,81.09859154929578,false_negative
12847,1,0.7249756900111184,1,56.09555555555556,1.0,20.285555555555558,2,2613.0,2,17.24,0.2216002281812362,0.0475740381464495,14.866666666666667,true_positive
12848,0,0.2949266102642908,0,2.962222222222222,0.7575757575757576,73.36972222222222,4,4443.0,7,18.44,0.2265300507483248,0.0704301256259597,15.303030303030305,true_negative
12849,1,0.1764219657521141,0,0.9672222222222222,0.5222222222222223,75.37916666666666,3,10461.0,6,68.0,0.2414560400309348,0.2558604151589086,42.44444444444444,false_negative
12850,0,0.0676891454219829,0,0.0066666666666666,0.5806451612903226,76.36416666666666,4,58798.0,21,252.04,0.1929243184423194,2.9565554561521536,171.1152073732719,true_negative
12851,1,0.5706266449188936,1,29.781666666666663,0.75,46.5875,3,1490.0,4,9.35,0.2974662406919575,0.0516935984879755,9.35,true_positive
12852,0,0.4063649932641433,1,30.987222222222226,0.8913043478260869,45.36333333333334,3,8800.0,4,70.08,0.2486446875869266,0.2946946920819154,48.130434782608695,false_positive
12853,0,0.6092837287713959,1,51.02777777777778,1.0,25.34055555555556,2,4442.0,4,44.16,0.2820211387525429,0.1786883351149882,28.98148148148148,false_positive
12854,0,0.08055524051910774,0,0.6625,0.6949685534591195,75.69055555555556,4,33632.0,7,184.16,0.1999657999657025,1.6104976606693462,120.23899371069184,true_negative
12855,1,0.14071849631150293,0,6.348888888888889,0.5363128491620112,70.0038888888889,4,24393.0,7,115.88,0.2263522854821755,0.6624925118815091,75.77094972067039,false_negative
12856,0,0.16418131727552202,0,5.713055555555556,0.7991266375545851,70.65583333333333,4,18739.0,7,170.56,0.2227254426576592,1.458652885509639,101.89519650655022,true_negative
12857,1,0.6207528984681758,1,51.82611111111111,1.0,24.52833333333333,2,5967.0,4,71.32,0.2437694249892654,0.241198612138543,42.4025974025974,true_positive
12858,1,0.732575123120634,1,55.45722222222222,1.0,20.88388888888889,2,2924.0,2,23.4,0.254016724158152,0.0840972117274751,18.08333333333333,true_positive
12859,1,0.23934474718076282,0,5.013611111111112,0.3698630136986301,71.29083333333334,4,7797.0,6,47.08,0.2709427068412762,0.1235407977519111,33.56164383561644,false_negative
12860,1,0.7684986625469267,1,51.61111111111112,1.0,24.731666666666666,2,1588.0,2,5.583333333333333,0.2324949583271784,0.0139646320113049,5.583333333333333,true_positive
12861,0,0.1131338867879726,0,0.0013888888888888,0.5922509225092251,76.21777777777778,4,54888.0,9,195.32,0.3098496388860141,2.248118418056344,134.0258302583026,true_negative
12862,0,0.046551302510290986,0,2.1261111111111117,0.4301336573511543,74.21472222222222,4,67443.0,12,234.52,0.1883639006085107,3.1832393828026824,179.01336573511543,true_negative
12863,0,0.03833800915428671,0,2.3513888888888888,0.4107485604606526,73.98166666666667,4,50320.0,10,199.52,0.1911693988362821,2.2148802758662014,133.48560460652592,true_negative
12864,0,0.782537803867765,1,53.465833333333336,1.0,22.84583333333333,2,383.0,2,5.25,0.1358610578525587,0.013749823190505,5.25,false_positive
12865,0,0.055133194741828276,0,1.9644444444444444,0.4502923976608187,74.36027777777778,4,15704.0,13,64.16,0.1825527555471313,0.2840344246179921,45.345029239766085,true_negative
12866,0,0.054902542900847,0,3.1075,0.4152046783625731,73.14611111111111,4,40826.0,14,192.6,0.1807165402819321,1.9523046865746965,117.97953216374268,true_negative
12867,0,0.6914455749877063,1,51.609722222222224,1.0,24.70861111111111,2,2875.0,4,15.84,0.2694430473545156,0.0670158730149269,13.451612903225806,false_positive
12868,1,0.4813656304268149,1,36.64083333333333,0.9607843137254902,39.67527777777778,3,4927.0,4,35.2,0.2693409160184032,0.1236570945687241,23.823529411764707,true_positive
12869,1,0.6517791423330779,1,29.587777777777777,0.6923076923076923,46.69722222222222,2,1356.0,2,7.3076923076923075,0.1998676117921898,0.0280819247582757,7.3076923076923075,true_positive
12870,0,0.1668224566113884,0,7.535833333333334,0.4240282685512367,68.76472222222222,4,51439.0,11,284.72,0.2694117623010325,3.079463793613645,188.81448763250884,true_negative
12871,1,0.745888190602867,1,60.894444444444446,1.0,15.413055555555555,2,1823.0,3,13.28,0.2539069148123012,0.0531480781665219,13.28,true_positive
12872,1,0.43528651207958213,1,34.37777777777778,0.5737704918032787,41.910833333333336,2,4838.0,2,39.88,0.2376283777612665,0.1338150506715902,26.57377049180328,true_positive
12873,0,0.108996972674319,0,2.4341666666666666,0.5901639344262295,73.8561111111111,4,22821.0,10,114.32,0.2322695798102796,0.6189595092984983,76.7431693989071,true_negative
12874,0,0.04889159597387426,0,1.2369444444444444,0.5,75.04611111111112,4,27603.0,13,111.72,0.1898161116302164,0.5839407253407944,71.92592592592592,true_negative
12875,0,0.12397027851888949,0,0.6333333333333333,0.5533980582524272,75.64722222222223,4,20664.0,16,112.92,0.234622953464273,0.6037434043630185,74.59223300970874,true_negative
12876,0,0.32502057619991825,1,3.457222222222222,0.6046511627906976,72.83361111111111,4,3039.0,3,27.76,0.2684948687382527,0.0851630764149825,20.11627906976744,false_positive
12877,1,0.7943346691871969,1,51.70555555555556,1.0,24.54083333333333,2,381.0,3,3.0,0.2703809739168816,0.0116914271366135,3.0,true_positive
12878,1,0.6588378580391673,1,48.46888888888889,1.0,27.8,2,4554.0,6,40.76,0.2523887939517923,0.082859369548422,29.394736842105264,true_positive
12879,1,0.171754175830186,0,5.009444444444444,0.734375,71.26861111111111,4,12352.0,6,102.2,0.2322423935919879,0.4909000646413173,64.9140625,false_negative
12880,0,0.16796700423785796,0,6.508611111111111,0.8738738738738738,69.66694444444444,4,16720.0,10,64.24,0.2318245748669451,0.2207707902151482,39.891891891891895,true_negative
12881,1,0.5342769449129566,1,52.17333333333333,1.0,24.104444444444443,2,7032.0,4,85.52,0.228987260993117,0.3593684679764272,51.59139784946237,true_positive
12882,0,0.07078891905877786,0,7.292777777777777,0.6629213483146067,68.9675,4,18930.0,9,87.56,0.1648275908447968,0.3713845240110354,54.60674157303371,true_negative
12883,0,0.13026727018124235,0,0.2872222222222222,0.4736842105263157,75.96916666666667,4,17400.0,11,74.76,0.2685924505589782,0.3813927771613587,47.4436090225564,true_negative
12884,0,0.1390868637958776,0,9.835277777777778,0.5857519788918206,66.42416666666666,4,44966.0,9,192.24,0.1884172390982597,1.594305590921432,114.67810026385224,true_negative
12885,0,0.13192078447307798,0,6.968611111111112,0.7903225806451613,69.29444444444445,4,14973.0,10,66.84,0.2183422505461106,0.309433196246042,51.29032258064516,true_negative
12886,0,0.4927882116096822,1,37.5875,0.9490445859872612,38.66,3,16710.0,4,70.8,0.173692050637194,0.2588078047297805,40.47133757961783,false_positive
12887,0,0.34108982091039186,1,28.56972222222222,0.8791946308724832,47.66583333333333,3,16278.0,4,94.72,0.21908473740346,0.4164322570891816,60.59731543624161,false_positive
12888,1,0.4099691333756283,1,12.272222222222222,0.7878787878787878,63.97916666666666,4,2649.0,5,20.4,0.233988694485616,0.0544002714739765,16.545454545454547,true_positive
12889,1,0.3060384146478266,0,20.459444444444443,0.676056338028169,55.74055555555555,4,15067.0,5,131.44,0.2126634582765483,0.3218675017529607,79.88028169014085,false_negative
12890,0,0.08255151580957523,0,2.895833333333333,0.448943661971831,73.33777777777777,4,76883.0,6,332.16,0.3312859889564988,3.526064542017644,224.7174295774648,true_negative
12891,1,0.2587166245122319,0,11.732222222222225,0.8034682080924855,64.49138888888889,4,15801.0,6,159.64,0.220758219045983,0.7029482658728857,81.67052023121387,false_negative
12892,1,0.5292541896126937,1,25.664166666666667,0.2222222222222222,50.5625,3,539.0,4,4.888888888888889,0.2512207849558084,0.0127373783634037,4.888888888888889,true_positive
12893,1,0.6035723275729158,1,34.39472222222222,0.8260869565217391,41.80861111111111,2,2082.0,2,11.0,0.335846357790324,0.0630450747251819,11.0,true_positive
12894,1,0.7811753889809038,1,58.076388888888886,1.0,18.124166666666667,2,843.0,3,5.666666666666667,0.1537497262458121,0.026914544581792,5.666666666666667,true_positive
12895,0,0.7719961625045537,1,59.51444444444444,1.0,16.696666666666665,2,1157.0,2,4.0,0.2249566959731764,0.0105043669874392,4.0,false_positive
12896,0,0.1111471340584343,0,5.461666666666667,0.7010869565217391,70.72611111111111,4,20035.0,13,129.6,0.207002266099794,0.8425572813399654,76.8913043478261,true_negative
12897,0,0.07614442950702237,0,4.022222222222222,0.3831775700934579,72.18305555555555,4,20197.0,11,122.88,0.190782772671712,0.520676387765529,70.80373831775701,true_negative
12898,0,0.08872569318658682,0,0.555,0.4969696969696969,75.62722222222222,4,17460.0,13,104.0,0.2149544286863897,0.5325136406736846,63.82424242424243,true_negative
12899,0,0.11866119698634722,0,3.1752777777777776,0.654320987654321,73.00888888888889,4,19089.0,13,143.0,0.2116888426541436,0.922146393032672,86.18930041152264,true_negative
12900,0,0.09876181831429084,0,1.2791666666666666,0.4867924528301887,74.89583333333333,4,23899.0,9,144.6,0.2380713891999862,1.1179090608572164,91.95471698113208,true_negative
12901,0,0.6044005150388886,1,48.88361111111111,1.0,27.282777777777778,2,45677.0,4,189.0,0.2349093832664469,2.218644645893568,130.127562642369,false_positive
12902,0,0.025110671198027384,0,0.0088888888888888,0.5238095238095238,76.13083333333333,4,45503.0,17,158.92,0.1590366016148607,1.2644168621337226,102.18820861678005,true_negative
12903,0,0.12755695330983363,0,4.278333333333333,0.6320754716981132,71.90027777777777,4,13499.0,14,68.0,0.2339339346016024,0.2975372323942067,42.0188679245283,true_negative
12904,0,0.03378953300164119,0,0.1541666666666666,0.7448680351906158,76.00416666666666,4,38384.0,20,105.24,0.1445904648601792,0.5818023113125285,72.79472140762464,true_negative
12905,0,0.6080433708632794,1,52.65055555555556,1.0,23.495555555555555,2,5853.0,4,40.76,0.2489819562644471,0.154074872106146,26.73015873015873,false_positive
12906,0,0.35309193072933126,1,6.826388888888889,0.7333333333333333,69.28,4,4872.0,5,13.88,0.2739338877157347,0.0556463048224578,12.066666666666666,false_positive
12907,0,0.07669111303837158,0,1.7072222222222222,0.3758542141230068,74.42611111111111,4,41776.0,12,195.72,0.2472900754762454,2.0321814099144384,121.05239179954442,true_negative
12908,0,0.07535482696911518,0,2.234166666666667,0.7766233766233767,73.87583333333333,4,43774.0,8,178.88,0.1883855128470073,1.638040755955032,116.33246753246752,true_negative
12909,0,0.7170451613115574,1,56.38527777777778,1.0,19.714166666666667,2,10229.0,3,39.12,0.290637799756364,0.1026180747687943,26.68055555555556,false_positive
12910,0,0.033802352377241274,0,0.035,0.4561688311688311,76.07888888888888,4,79366.0,19,277.28,0.1693589699021152,2.8893182574506397,176.05194805194805,true_negative
12911,0,0.1518972710747533,0,5.2091666666666665,0.6633663366336634,70.9011111111111,4,19717.0,10,72.08,0.2206871872845303,0.2978920740469937,44.772277227722775,true_negative
12912,1,0.8024842226058336,1,61.45611111111111,1.0,14.267777777777775,2,395.0,2,2.5,0.1009855413464844,0.0077761074344965,2.5,true_positive
12913,0,0.09017446725818556,0,3.939444444444444,0.4277198211624441,72.16638888888889,4,62319.0,11,223.0,0.3059113207589698,2.858091769568217,163.69001490312965,true_negative
12914,1,0.3632639567532005,1,10.8025,0.8070175438596491,65.29611111111112,3,7594.0,4,40.84,0.2696243685460507,0.1530629996383087,27.57894736842105,true_positive
12915,1,0.056747936661826495,0,0.2022222222222222,0.3914110429447853,75.91222222222223,4,53410.0,14,260.28,0.3053464441548904,3.246421232154633,183.24539877300612,false_negative
12916,1,0.1698340620648993,0,10.248888888888889,0.6153846153846154,65.22,4,12849.0,12,79.16,0.228224826722129,0.3797932423205435,51.21153846153846,false_negative
12917,1,0.7495707894182263,1,48.98027777777778,1.0,27.119444444444444,2,1172.0,2,9.894736842105264,0.240984584808713,0.0396115646134295,9.894736842105264,true_positive
12918,0,0.31927976736925406,0,9.597777777777775,0.78,66.48,3,19802.0,3,147.6,0.2304496823056897,1.000776667217318,88.36,true_negative
12919,0,0.12041077177275654,0,3.4975,0.6857142857142857,72.58722222222222,4,19468.0,13,174.68,0.2170166467686529,1.2215379278494576,95.33809523809524,true_negative
12920,0,0.17108353636319787,0,0.1169444444444444,0.5445544554455446,75.96138888888889,4,19937.0,9,97.4,0.2831246567934468,0.5081726571995843,65.03960396039604,true_negative
12921,1,0.3407353001215537,1,29.79611111111111,0.7771739130434783,46.27472222222222,3,29723.0,7,139.84,0.1928954627389049,0.9044388770116976,80.63586956521739,true_positive
12922,0,0.5369893662739819,1,13.45111111111111,0.9696969696969696,62.61194444444445,3,3831.0,4,15.84,0.3385243692995923,0.071637471520375,13.0,false_positive
12923,0,0.4656239613295095,1,6.192222222222222,0.59375,69.8525,2,3056.0,2,18.84,0.2434111316806989,0.0512281577908749,15.59375,false_positive
12924,1,0.7910630671295076,1,59.58305555555555,1.0,16.450833333333332,2,111.0,2,2.0,0.0424264068711928,0.0108527222704468,2.0,true_positive
12925,1,0.5368954307100635,1,35.9025,0.75,40.1425,3,2847.0,4,14.541666666666666,0.2062983764085977,0.0510128690680321,14.541666666666666,true_positive
12926,0,0.2051137050103162,0,10.244722222222222,0.5,65.8,4,20051.0,9,100.32,0.2271000603941661,0.5545272545843555,69.47029702970298,true_negative
12927,0,0.13573279602759666,0,1.5025,0.8584070796460177,74.545,3,26112.0,8,143.76,0.211562921251107,0.8928260008712092,85.16371681415929,true_negative
12928,0,0.05823226851698459,0,0.0036111111111111,0.5305164319248826,76.01777777777778,4,24765.0,12,112.92,0.186660065244208,0.5142239993844616,75.73708920187794,true_negative
12929,0,0.14696284879346772,0,1.7408333333333332,0.2666666666666666,74.28805555555556,4,16391.0,7,120.92,0.2249823067438963,0.6369805190186116,74.64444444444445,true_negative
12930,0,0.02655944485094818,0,0.8038888888888889,0.6513317191283293,75.215,4,40616.0,21,169.56,0.1745076671560692,1.185326400671089,102.53510895883775,true_negative
12931,0,0.25666863231703246,0,8.479444444444445,0.6162790697674418,67.51611111111112,4,11597.0,6,58.24,0.2607567317051389,0.1712090163439027,35.44186046511628,true_negative
12932,1,0.7506410852060784,1,69.9486111111111,1.0,6.0616666666666665,2,3564.0,3,17.48,0.2449929722733921,0.0579799594943797,14.774193548387096,true_positive
12933,1,0.48304159047358314,1,35.710277777777776,0.8627450980392157,40.28138888888889,3,5329.0,5,51.56,0.2621562675516254,0.0881712365813306,31.58823529411765,true_positive
12934,1,0.6460850281810565,1,52.160833333333336,1.0,23.81583333333333,2,11846.0,4,60.44,0.2184632045191816,0.2392431621253869,37.40594059405941,true_positive
12935,0,0.05935758497230281,0,0.0191666666666666,0.5225653206650831,75.965,4,38070.0,16,217.0,0.2296830048615746,2.6454124373293597,148.52256532066508,true_negative
12936,0,0.10909190121705307,0,0.3955555555555555,0.631578947368421,75.58972222222222,4,36647.0,12,119.64,0.2210844818246322,0.7231884701276566,72.6421052631579,true_negative
12937,0,0.3391206704691613,1,25.350555555555555,0.850909090909091,50.62888888888889,3,32427.0,4,148.36,0.2151440555898175,0.9767761063249264,94.27272727272728,false_positive
12938,0,0.04621382461446664,0,0.2844444444444444,0.4254545454545455,75.67972222222222,4,28854.0,18,130.56,0.1968976167359954,0.8426953721821246,82.4509090909091,true_negative
12939,0,0.03638980762810639,0,0.3302777777777778,0.6204819277108434,75.63833333333334,4,56208.0,15,153.32,0.1770568941765551,1.0497589736948252,95.0,true_negative
12940,0,0.08263362595981968,0,0.0191666666666666,0.3893805309734513,75.93694444444445,4,26380.0,11,145.08,0.2156110461000595,0.8603873210084468,87.06194690265487,true_negative
12941,1,0.558427288669696,1,35.3025,0.9117647058823528,40.66583333333333,3,7562.0,5,43.84,0.2521032077302538,0.1399356302063132,27.823529411764707,true_positive
12942,0,0.11226125406297838,0,4.907777777777778,0.5201793721973094,71.05916666666667,4,29762.0,8,161.96,0.2063923881133897,1.2847256910484992,97.67713004484304,true_negative
12943,0,0.27164590556902807,0,0.0202777777777777,0.3392857142857143,75.69194444444445,4,6342.0,9,42.2,0.2847305094048933,0.1625190367718073,28.178571428571427,true_negative
12944,0,0.5474747343158824,1,9.43361111111111,0.2666666666666666,66.5111111111111,3,1186.0,3,7.933333333333334,0.2538398354078175,0.040092146122187,7.933333333333334,false_positive
12945,0,0.7631929514625925,1,53.44638888888889,1.0,22.483888888888888,2,1633.0,2,8.266666666666667,0.1815051805176308,0.0318448500624746,8.266666666666667,false_positive
12946,0,0.10625020101053648,0,1.4116666666666666,0.4545454545454545,74.52583333333334,4,24756.0,13,92.36,0.2088510232061376,0.3815691348512922,72.22077922077922,true_negative
12947,1,0.6123414843759659,1,34.33805555555556,0.9545454545454546,41.59583333333333,3,5187.0,4,20.0,0.342321259483778,0.0593532132529275,14.204545454545457,true_positive
12948,0,0.4567594181957004,1,27.206666666666667,0.6785714285714286,48.73305555555555,2,7700.0,2,46.44,0.2113519565431434,0.1706658383619132,29.910714285714285,false_positive
12949,0,0.03063136975991791,0,0.545,0.4925595238095238,75.40527777777778,4,70449.0,11,190.24,0.1680180890755703,1.8955202431349516,134.39583333333334,true_negative
12950,0,0.37883936233550736,1,34.716944444444444,0.884393063583815,41.23083333333334,3,16749.0,7,128.92,0.2121044270478083,0.7717352567546463,75.53179190751445,false_positive
12951,0,0.09851756814751278,0,0.8727777777777778,0.0174418604651162,75.05,3,23007.0,9,105.52,0.2043278932041651,0.5831263045080317,66.40697674418605,true_negative
12952,1,0.718046180437003,1,57.53944444444444,1.0,18.38722222222222,2,22178.0,3,176.44,0.2117844667450114,1.445139658091363,103.0179856115108,true_positive
12953,0,0.4462940863063993,1,46.95777777777778,0.5365853658536586,28.981944444444444,3,6178.0,4,56.92,0.265485174585972,0.2059603906389492,35.75609756097561,false_positive
12954,1,0.8369718781641686,1,63.44305555555555,1.0,12.468333333333334,2,501.0,2,4.714285714285714,0.2586766374118164,0.0115322988102783,4.714285714285714,true_positive
12955,0,0.07031166089552984,0,2.6666666666666665,0.5168738898756661,73.24361111111111,4,52520.0,26,272.96,0.2377930505331429,2.5176703301370407,172.58436944937833,true_negative
12956,0,0.1979441585034778,0,11.98,0.7295597484276729,63.92861111111111,4,18671.0,6,84.44,0.197912978928388,0.3498566042217977,58.723270440251575,true_negative
12957,0,0.20610947771142674,0,3.906388888888889,0.4393939393939394,71.98527777777778,4,8334.0,13,56.28,0.2312423754163358,0.1924991354329132,34.621212121212125,true_negative
12958,0,0.1486237250667434,0,2.141111111111111,0.7956989247311828,73.74416666666667,3,22176.0,6,151.48,0.213770427332558,0.9370763863501118,89.87096774193549,true_negative
12959,1,0.4066961748709613,1,33.526666666666664,0.8518518518518519,42.34888888888889,3,16079.0,7,73.48,0.2186304079626062,0.368151080552788,51.73333333333333,true_positive
12960,0,0.06470649328375949,0,1.9177777777777776,0.4819277108433735,73.96111111111111,4,22561.0,17,99.88,0.1748333301278998,0.4654614887541268,58.09036144578313,true_negative
12961,0,0.06935752883617283,0,2.233611111111111,0.6371951219512195,73.63555555555556,4,32082.0,22,112.56,0.2199551453499842,0.7055580966292533,79.76524390243902,true_negative
12962,0,0.5713337516071543,1,13.661944444444444,0.0714285714285714,62.20777777777778,2,748.0,2,7.5,0.19980063185152,0.0317411975066987,7.5,false_positive
12963,0,0.09313565706142565,0,0.7027777777777777,0.4095238095238095,75.16277777777778,4,14068.0,11,69.2,0.2168972528335094,0.2947555480410625,43.01904761904762,true_negative
12964,1,0.6205875268161113,1,59.20916666666667,1.0,16.654444444444444,2,8067.0,2,70.2,0.2456511829062249,0.3012819030011044,42.45783132530121,true_positive
12965,0,0.12215163495056064,0,0.2619444444444444,0.5116279069767442,75.57416666666667,4,21173.0,16,109.52,0.2366128520999275,0.5033045088178786,66.87209302325581,true_negative
12966,0,0.05848162139340529,0,1.7025,0.5372670807453416,74.13194444444444,4,32223.0,7,168.84,0.1774155351619452,1.3838007009289788,103.8975155279503,true_negative
12967,0,0.03108716126677958,0,0.0866666666666666,0.5726495726495726,75.75138888888888,4,47349.0,22,152.64,0.1510742361789489,0.99354072993771,93.05982905982906,true_negative
12968,0,0.5105738390044334,1,25.95555555555556,0.9285714285714286,49.885,3,7727.0,6,44.32,0.2871771574880625,0.1751408954493009,29.285714285714285,false_positive
12969,0,0.05498334234347434,0,0.1258333333333333,0.6273764258555133,75.6675,4,28404.0,11,166.12,0.1974540915993358,1.2408084875761995,100.08365019011408,true_negative
12970,1,0.41005956313714514,1,7.110277777777778,0.5777777777777777,68.71027777777778,3,4732.0,3,39.0,0.2918373943484268,0.0774719115938276,26.133333333333333,true_positive
12971,1,0.6211379936462522,1,48.32277777777778,1.0,27.51083333333333,2,40073.0,2,124.28,0.1793982705229562,0.7642453277186202,78.046875,true_positive
12972,0,0.0260386927054522,0,0.9955555555555556,0.5344827586206896,74.82222222222222,4,53818.0,26,176.84,0.1664198359137445,1.7428899170323238,124.80387931034484,true_negative
12973,1,0.13087016701656087,0,8.413333333333334,0.6655518394648829,67.39416666666666,4,39861.0,14,178.04,0.1619943693963958,1.5427328420208586,108.61204013377926,false_negative
12974,0,0.7744556043421211,1,52.36805555555556,1.0,23.43611111111111,2,996.0,3,9.294117647058824,0.2135600932288649,0.0408586545156193,9.294117647058824,false_positive
12975,0,0.3958800994135315,1,28.6875,0.6615384615384615,47.10833333333333,3,11485.0,8,43.72,0.2462378692390159,0.175907021671177,29.015384615384612,false_positive
12976,1,0.5126003515201202,1,28.33861111111111,0.8695652173913043,47.43861111111111,3,2284.0,5,10.08695652173913,0.2487553700721461,0.0528686268778644,10.08695652173913,true_positive
12977,1,0.04190626732495127,0,3.411111111111111,0.7182741116751269,72.3825,4,36985.0,17,134.96,0.1709241300515426,0.7319077061009637,87.16751269035532,false_negative
12978,1,0.6388209899822636,1,48.42916666666667,1.0,27.350555555555555,2,11848.0,6,46.44,0.2589206086102665,0.1796832864697856,31.09876543209877,true_positive
12979,1,0.20137034323442454,0,4.9127777777777775,0.88,70.86305555555556,3,11496.0,4,73.76,0.2230438427718628,0.341338017261876,46.4,false_negative
12980,0,0.6363980769779889,1,58.281666666666666,1.0,17.478055555555557,2,737.0,3,38.625,0.1867506744156229,0.2191539050738666,38.625,false_positive
12981,0,0.30464933226996177,0,27.399166666666662,0.3551401869158878,48.37277777777778,3,25979.0,6,109.12,0.1862706611371745,0.4785631992508398,71.25233644859813,true_negative
12982,0,0.11105338546986689,0,2.89,0.227621483375959,72.48277777777778,4,138736.0,16,179.56,0.2317096942816048,2.3559473765464536,131.8763853367434,true_negative
12983,0,0.10197301019299171,0,2.499722222222222,0.5786163522012578,73.26388888888889,3,16797.0,9,81.6,0.202490016708596,0.3290627717103569,51.31446540880504,true_negative
12984,0,0.04527473112038325,0,0.7341666666666666,0.3617463617463617,73.90472222222222,4,39593.0,15,230.12,0.1831266412676112,2.1285992637474447,140.23284823284823,true_negative
12985,0,0.10326499797177768,0,3.9897222222222224,0.4821428571428571,71.75805555555556,4,13972.0,6,75.56,0.2133812498594555,0.3861316534722984,48.6875,true_negative
12986,1,0.1837026562579576,0,20.541666666666668,0.7983870967741935,55.10916666666667,4,29379.0,9,152.36,0.1858918862971366,1.0621812960470296,92.81854838709675,false_negative
12987,0,0.6578852972432899,1,32.17111111111111,0.6666666666666666,43.56916666666667,2,766.0,3,9.0,0.2309077374823742,0.0354213367791966,9.0,false_positive
12988,0,0.035455687354089854,0,0.7502777777777778,0.4649122807017544,74.96333333333334,4,34773.0,18,72.76,0.1475983717746483,0.3492719274079034,53.81578947368421,true_negative
12989,0,0.22522131008426952,0,2.9491666666666667,0.5876288659793815,72.78472222222223,4,11987.0,5,67.96,0.2652556162279263,0.2249784681702998,45.58762886597938,true_negative
12990,0,0.09660336815506745,0,0.8905555555555555,0.4107142857142857,74.83111111111111,4,25459.0,14,118.28,0.2185363369401411,0.6149649548635999,76.74107142857143,true_negative
12991,1,0.7424354946194701,1,60.76361111111111,1.0,14.953055555555556,2,2358.0,2,11.473684210526317,0.2823628741725296,0.0577906153354049,11.473684210526317,true_positive
12992,1,0.6593076823128231,1,57.6975,1.0,18.0275,2,4067.0,2,29.24,0.2559611290271883,0.0812346662306582,20.73333333333333,true_positive
12993,0,0.11883902576588092,0,2.883888888888889,0.5045045045045045,72.83583333333333,4,11642.0,17,89.2,0.2398909700448852,0.4044001953379034,52.18018018018018,true_negative
12994,0,0.11175475357589232,0,4.081944444444445,0.4904458598726114,71.62972222222223,4,17601.0,9,96.04,0.2289965497898881,0.4577195211846465,63.33757961783439,true_negative
12995,1,0.7582707684587855,1,56.28194444444444,1.0,19.424722222222226,2,1903.0,3,11.318181818181818,0.2845036467067823,0.0455243489250465,11.318181818181818,true_positive
12996,0,0.20001682614807295,0,0.625,0.7051282051282052,75.08305555555556,3,9185.0,5,65.4,0.2207922426089801,0.2358650259477406,40.43589743589744,true_negative
12997,1,0.6726017832701822,1,63.425,1.0,12.299166666666666,2,5045.0,3,42.32,0.2798201738010222,0.1543497694424557,28.184615384615384,true_positive
12998,0,0.5557065065421898,1,37.99805555555555,0.8205128205128205,37.7,2,4936.0,3,34.56,0.2963699252686382,0.0691640583665522,25.41025641025641,false_positive
12999,0,0.1996842219220506,0,0.3058333333333333,0.9389312977099236,75.40333333333334,3,12402.0,6,98.36,0.2267273640217336,0.5115426614669206,61.77862595419848,true_negative
13000,0,0.6931968577155025,1,54.36888888888889,1.0,21.335277777777776,2,33359.0,5,186.48,0.1719705543917961,1.6935103929377544,113.28048780487804,false_positive
13001,0,0.08030265686587709,0,0.3163888888888889,0.3976608187134502,75.37972222222223,4,25125.0,12,114.2,0.210113253624653,0.6373619009538971,74.50877192982456,true_negative
13002,1,0.6668509207517359,1,47.635,0.1818181818181818,28.061666666666667,2,672.0,2,6.363636363636363,0.2457141339406656,0.0254977073836487,6.363636363636363,true_positive
13003,1,0.07430481371633832,0,2.401666666666667,0.6376306620209059,73.29388888888889,4,45595.0,13,184.08,0.1938501265790634,1.5333745018403162,108.65505226480836,false_negative
13004,0,0.175324922646477,0,12.229722222222222,0.7035928143712575,63.45166666666667,4,35739.0,8,145.2,0.1975149051416329,1.024598204978933,88.89820359281437,true_negative
13005,1,0.35594298203587493,1,24.471666666666668,0.7121212121212122,51.216388888888886,3,6549.0,5,47.72,0.2448879875987372,0.1786509747050589,32.0,true_positive
13006,0,0.4707453816412981,1,28.017777777777777,0.8378378378378378,47.66388888888889,2,3782.0,2,29.4,0.2018437832007612,0.0981500822245124,21.97297297297297,false_positive
13007,0,0.1317618932373275,0,0.0102777777777777,0.6764705882352942,75.64666666666666,3,19548.0,6,132.88,0.2222344769104803,0.7678364042458531,74.50588235294117,true_negative
13008,1,0.14846104959756384,0,11.012222222222222,0.3878787878787879,64.66083333333333,4,19251.0,20,98.32,0.1976450106393148,0.4496786909148353,59.82424242424243,false_negative
13009,0,0.3165016250259034,0,10.71111111111111,0.6296296296296297,64.90722222222222,3,8789.0,7,59.76,0.2541900757671506,0.2279908244393105,43.03703703703704,true_negative
13010,0,0.03372190285064459,0,0.3616666666666667,0.5910652920962199,75.28805555555556,4,37124.0,26,105.12,0.1418487790674794,0.6347617877310677,72.58762886597938,true_negative
13011,0,0.07373689534596527,0,3.3158333333333334,0.3515151515151515,72.31305555555555,4,21918.0,18,85.36,0.2057221856233202,0.3453499605551003,55.95757575757576,true_negative
13012,0,0.16561301944159706,0,4.761111111111111,0.8385093167701864,70.84055555555555,4,16538.0,6,95.08,0.2167663573235523,0.5446835781468335,66.2111801242236,true_negative
13013,0,0.20808980869340757,0,2.387777777777778,0.7857142857142857,73.24138888888889,3,8886.0,5,55.64,0.1769847996763837,0.2334064233992664,39.326530612244895,true_negative
13014,0,0.12609225758551484,0,10.101666666666668,0.7983193277310925,69.80527777777777,4,15986.0,14,70.24,0.1961823724615959,0.3115749944382929,52.25210084033613,true_negative
13015,0,0.3013173240315382,0,4.110277777777778,0.05,71.45527777777778,3,3778.0,5,27.56,0.2433142795175411,0.0800553620707929,20.55,true_negative
13016,0,0.18980421463555275,0,1.3058333333333334,0.13125,74.22583333333333,3,28259.0,9,98.0,0.2499943285004191,0.4739186512824874,62.88125,true_negative
13017,1,0.1759982314997953,0,0.8594444444444445,0.0804597701149425,74.73361111111112,3,16255.0,4,95.4,0.2183381458679879,0.4835570250657728,69.38505747126437,false_negative
13018,0,0.07682237336010678,0,1.4594444444444443,0.4351851851851852,74.13194444444444,4,13407.0,10,72.72,0.1972371968746058,0.326894952602803,47.06481481481482,true_negative
13019,1,0.5785721882997665,1,34.73361111111111,0.4761904761904761,40.87166666666667,3,2283.0,6,8.571428571428571,0.2601553776021038,0.0545175947095788,8.571428571428571,true_positive
13020,0,0.0593497014796771,0,3.816388888888889,0.5860655737704918,71.75333333333333,4,31504.0,19,85.92,0.1795294557618355,0.4890895407803208,66.42622950819673,true_negative
13021,1,0.5323962970088063,1,34.775,0.5,40.46138888888889,3,3895.0,3,14.12,0.2529330596340277,0.0651785050291262,13.653846153846152,true_positive
13022,1,0.3459396585874617,1,25.35,0.6532846715328468,50.24472222222222,3,34768.0,12,139.52,0.1744778417996736,0.8233632477984317,86.21532846715328,true_positive
13023,0,0.08094991571332681,0,6.279166666666667,0.6010362694300518,69.2675,4,20407.0,19,98.12,0.1772880451888233,0.5528034991795008,66.11917098445596,true_negative
13024,0,0.18076376285222354,0,3.571388888888889,0.8888888888888888,72.00444444444445,3,13123.0,6,73.08,0.2219080737822786,0.301265286162619,48.64646464646464,true_negative
13025,0,0.047969190440307403,0,0.4233333333333333,0.4110671936758893,75.15166666666667,4,33938.0,17,98.24,0.1414125460078686,0.5313635248720954,66.54150197628458,true_negative
13026,0,0.22153810189839804,0,0.6563888888888889,0.5306122448979592,74.90861111111111,4,7488.0,9,71.2,0.2815512931865038,0.2315707802236709,39.295918367346935,true_negative
13027,1,0.15577437730201926,0,3.5997222222222223,0.6632653061224489,71.97,4,7752.0,9,91.76,0.2242431274946297,0.3074677367576877,49.88775510204081,false_negative
13028,1,0.7915847830684866,1,58.47694444444444,1.0,17.06888888888889,2,1391.0,2,8.733333333333333,0.2642517464986088,0.0288871265152383,8.733333333333333,true_positive
13029,0,0.1994074934145681,0,1.9508333333333332,0.356401384083045,73.60777777777778,4,23415.0,14,152.6,0.3066428099407997,1.1676299946185495,100.33910034602076,true_negative
13030,0,0.7078909539053171,1,56.785555555555554,1.0,18.753611111111116,2,27198.0,6,125.16,0.1512467439455263,0.7458089243121332,81.01644736842105,false_positive
13031,0,0.7750876223174686,1,59.129444444444445,1.0,16.408055555555556,2,1437.0,3,9.0,0.2547027183890926,0.0322922250887456,9.0,false_positive
13032,1,0.40077538087641074,1,29.571944444444444,0.864,45.930277777777775,3,11854.0,3,72.52,0.2096978897245218,0.3768883467868058,62.368,true_positive
13033,0,0.07249802962114629,0,3.527222222222222,0.5083798882681564,71.99888888888889,4,25970.0,13,115.08,0.2100422925814609,0.5701960816870759,74.55307262569832,true_negative
13034,0,0.13883268021556525,0,2.1141666666666667,0.5648148148148148,73.37277777777778,4,12034.0,5,73.6,0.2489145105620537,0.3354983720032938,47.32407407407408,true_negative
13035,1,0.8006552777574156,1,63.1575,1.0,12.293055555555556,2,2217.0,2,9.8,0.2752545766005992,0.043225139612537,9.8,true_positive
13036,0,0.17849449178816307,0,8.857777777777779,0.7294117647058823,66.61527777777778,4,22323.0,6,96.36,0.1947860619977645,0.5338681244517898,66.4,true_negative
13037,0,0.18119185784764058,0,7.711111111111111,0.4259259259259259,67.72277777777778,4,10884.0,6,99.0,0.2121852863950045,0.5336622083640076,63.50925925925926,true_negative
13038,1,0.5957251042434966,1,30.291944444444443,0.3846153846153846,45.165,2,1917.0,3,8.23076923076923,0.2626134338388053,0.0432458571831736,8.23076923076923,true_positive
13039,0,0.17521061762322274,0,1.1308333333333334,0.01,74.31222222222222,3,15310.0,9,64.28,0.2377724369646555,0.2325544787204392,38.14,true_negative
13040,0,0.03816473124947832,0,2.1172222222222223,0.5127388535031847,73.34861111111111,4,41764.0,22,164.32,0.1775854485187519,1.2763377023491944,102.03821656050955,true_negative
13041,0,0.19786560822161253,0,1.0980555555555556,0.64,74.36583333333333,4,12552.0,6,28.4,0.2269892791059387,0.0525156094687311,16.7,true_negative
13042,1,0.618563083089127,1,25.91,0.5454545454545454,49.53805555555556,2,935.0,2,8.909090909090908,0.2843124893666392,0.0418855662320124,8.909090909090908,true_positive
13043,0,0.16207657968084008,0,8.817777777777778,0.8421052631578947,66.62666666666667,4,29006.0,12,146.4,0.2071025108101278,0.9726851860883158,91.51012145748987,true_negative
13044,1,0.4322005994662036,1,36.035555555555554,0.991869918699187,39.41388888888889,3,33578.0,4,74.52,0.1614106548507175,0.3324141467609839,51.35365853658536,true_positive
13045,1,0.1214255213578874,0,6.156666666666666,0.3355704697986577,69.2238888888889,4,40074.0,14,182.6,0.2567629939178484,1.6028724374811787,118.06711409395972,false_negative
13046,1,0.7093249961041239,1,58.144444444444446,1.0,17.298333333333332,2,1632.0,3,13.61904761904762,0.182926916652121,0.0544947911916311,13.61904761904762,true_positive
13047,0,0.08755545876309001,0,2.547222222222222,0.5287356321839081,72.88166666666666,3,21517.0,6,104.04,0.1881335909289513,0.6160341383980839,69.51149425287356,true_negative
13048,0,0.25336997856008125,0,1.7166666666666666,0.1527777777777778,73.70666666666666,3,7141.0,3,54.12,0.2226984808520506,0.2139305902445462,36.375,true_negative
13049,1,0.541496156105807,1,33.52194444444444,0.3214285714285714,41.88972222222223,2,2418.0,2,20.28,0.242166703111108,0.0646326235036087,18.321428571428573,true_positive
13050,1,0.3757855397598724,1,31.82777777777778,0.8604651162790697,43.735277777777775,3,3410.0,3,235.48,0.2274407946594318,3.920329397792431,223.3023255813953,true_positive
13051,0,0.04791425058085436,0,2.855,0.3050397877984085,72.55555555555556,4,49737.0,11,189.36,0.1452675225523354,1.7769824065679316,115.26259946949602,true_negative
13052,0,0.08963280982724618,0,6.264444444444444,0.6446280991735537,69.1425,4,14946.0,16,74.08,0.1774469615493064,0.4708410491574359,54.421487603305785,true_negative
13053,0,0.34740524840931,1,27.85638888888889,0.6744186046511628,47.54388888888889,3,23253.0,12,100.0,0.1701149431571827,0.5470830938074711,75.74418604651163,false_positive
13054,1,0.6163477176448927,1,34.87777777777778,0.7083333333333334,38.69638888888889,2,1648.0,2,12.416666666666666,0.2388078044076859,0.0501652016061588,12.416666666666666,true_positive
13055,0,0.3906952137104501,1,33.94277777777778,0.918918918918919,41.403333333333336,3,12654.0,7,72.76,0.194254698122707,0.3751150207005065,47.62162162162162,false_positive
13056,0,0.24716572188085925,0,10.188333333333333,0.4772117962466488,49.95111111111111,3,29632.0,7,209.12,0.185326546138545,2.037717723698341,127.66219839142092,true_negative
13057,1,0.590620435346184,1,35.93222222222222,0.3333333333333333,39.44722222222222,2,794.0,2,4.166666666666667,0.1672701013652656,0.0115084254673586,4.166666666666667,true_positive
13058,0,0.5522779573994421,1,4.8613888888888885,0.5238095238095238,70.37138888888889,4,1856.0,4,7.190476190476191,0.2863278523430812,0.0314084194241944,7.190476190476191,false_positive
13059,0,0.3742694858502421,1,28.56277777777778,0.5185185185185185,46.79527777777778,3,6130.0,3,39.76,0.2428249150064639,0.1327723695861506,27.666666666666668,false_positive
13060,0,0.0908166311320784,0,3.1766666666666667,0.0555555555555555,72.15444444444445,3,28268.0,9,114.72,0.1857484678157749,0.6305341459040834,72.52314814814815,true_negative
13061,0,0.08325506585466268,0,2.3872222222222224,0.4570135746606334,72.905,4,22673.0,25,133.04,0.2069299840321848,0.7048836317995583,82.90497737556561,true_negative
13062,1,0.8037000192480613,1,63.44805555555556,1.0,11.8575,2,591.0,3,7.111111111111111,0.2795970101978681,0.0205798823512672,7.111111111111111,true_positive
13063,0,0.55610734266574,1,34.56027777777778,0.9032258064516128,40.693888888888885,3,5788.0,6,62.0,0.2752915113546835,0.1323359221338055,37.096774193548384,false_positive
13064,0,0.13601206080711425,0,7.806111111111111,0.5217391304347826,67.50361111111111,4,13909.0,9,101.8,0.2052969254792069,0.5860298282328061,73.41614906832298,true_negative
13065,0,0.15060497739224107,0,7.499444444444444,0.5813953488372093,67.79027777777777,4,10751.0,5,78.4,0.2419184005541471,0.174444044665148,41.56976744186046,true_negative
13066,0,0.3593392840618753,1,4.226944444444444,0.44,71.07166666666667,3,3013.0,4,11.2,0.2448346502069874,0.054780696606839,11.2,false_positive
13067,0,0.17658719748047513,0,3.638888888888889,0.377906976744186,71.64333333333333,4,22977.0,11,165.56,0.2152111805605282,0.9637380065052634,81.05232558139535,true_negative
13068,0,0.15880962675787938,0,5.38,0.6195652173913043,69.87722222222222,3,11767.0,8,68.64,0.2179501218171399,0.2971748717220728,44.97826086956522,true_negative
13069,0,0.424576944341588,1,9.863055555555556,0.6363636363636364,65.41027777777778,3,2788.0,3,39.8,0.2598374290201364,0.0740321164257117,31.90909090909091,false_positive
13070,0,0.09170174292640876,0,2.9272222222222224,0.4578947368421052,72.32805555555555,4,21211.0,10,137.0,0.1908138428623008,0.4872407213454938,77.6,true_negative
13071,0,0.08260505197023081,0,2.5994444444444444,0.3378746594005449,72.63833333333334,4,74547.0,8,274.48,0.2116092196689396,3.1973854348563124,185.40871934604905,true_negative
13072,0,0.1838287488731452,0,3.4786111111111118,0.3756906077348066,71.75888888888889,4,13916.0,6,149.6,0.230062620984021,1.041406999418844,84.33701657458563,true_negative
13073,1,0.23936016153385015,0,13.688055555555556,0.8617021276595744,61.50194444444445,4,16179.0,4,134.56,0.1825188096483847,0.8611178073648973,81.97340425531915,false_negative
13074,1,0.5327594959220273,1,37.39305555555556,0.7575757575757576,37.80027777777778,3,3475.0,5,24.16,0.2603684365440005,0.0673065485886133,20.151515151515152,true_positive
13075,0,0.10953556964038651,0,0.5105555555555555,0.5962732919254659,75.28166666666667,4,19488.0,14,367.32,0.2325559851972453,4.07473705540175,322.6273291925466,true_negative
13076,1,0.7376622465743773,1,48.99805555555555,1.0,24.56138888888889,2,493.0,2,3.6,0.2975148092589595,0.0103314695834531,3.6,true_positive
13077,1,0.35072191779376705,1,26.24305555555556,0.6237623762376238,48.96861111111111,3,8952.0,4,80.44,0.225383455064985,0.3578613985296099,52.38613861386138,true_positive
13078,1,0.4343684316733363,1,10.84388888888889,0.8214285714285714,64.32222222222222,4,2475.0,6,14.64,0.2970275795934598,0.0664397440544077,13.392857142857142,true_positive
13079,0,0.2111900398907408,0,0.0172222222222222,0.4074074074074074,75.14111111111112,2,8577.0,3,72.76,0.2309467507072742,0.3507701314623792,47.7037037037037,true_negative
13080,0,0.07696141434936155,0,5.7941666666666665,0.62882096069869,69.37444444444445,4,30510.0,15,147.4,0.1812004813019117,1.0230151716788765,87.76855895196506,true_negative
13081,0,0.025472628833543155,0,0.2875,0.624113475177305,74.86444444444444,4,73828.0,16,216.72,0.152556113260242,2.549932033510255,144.92730496453902,true_negative
13082,0,0.3807311119679338,1,3.5119444444444445,0.9473684210526316,71.47111111111111,3,6529.0,3,49.36,0.2110852012780385,0.2279193892055823,36.24561403508772,false_positive
13083,0,0.2664618271275586,0,11.611666666666666,0.8942307692307693,63.47666666666667,3,8373.0,3,87.0,0.2007245744823493,0.396422061555423,54.96153846153846,true_negative
13084,0,0.11557745645114045,0,6.691388888888889,0.6574074074074074,68.36416666666666,4,19241.0,15,65.88,0.2105111139273394,0.2932101531776975,43.11111111111112,true_negative
13085,0,0.12639660161406124,0,0.7916666666666666,0.7372881355932204,74.35555555555555,4,12329.0,10,84.92,0.2291786055077927,0.3746822338476319,54.16949152542373,true_negative
13086,1,0.44300095876107476,1,31.44972222222222,0.6938775510204082,43.660833333333336,3,4745.0,5,30.36,0.2039427675853105,0.088837679108305,21.428571428571427,true_positive
13087,1,0.7125018669666519,1,70.1588888888889,1.0,4.956388888888889,2,15919.0,1,61.44,0.2090399527743821,0.2325385316064541,39.41666666666666,true_positive
13088,0,0.3979766942246937,1,34.31722222222222,0.953846153846154,40.70222222222223,3,16353.0,7,86.76,0.1992725680087843,0.4173257366672147,54.792307692307695,false_positive
13089,1,0.06276302441586884,0,4.131944444444445,0.4117647058823529,70.99361111111111,4,54554.0,17,202.6,0.1905280151091487,2.2489038792460843,135.70993914807303,false_negative
13090,1,0.7998141093726099,1,51.81722222222222,1.0,23.288888888888888,2,809.0,3,6.142857142857143,0.2391463768766948,0.0234484225073712,6.142857142857143,true_positive
13091,0,0.11200135052714048,0,5.7252777777777775,0.4596774193548387,69.38166666666666,4,25400.0,20,144.96,0.2141839076434562,0.9693056878846072,91.7016129032258,true_negative
13092,1,0.24393776464108125,0,0.7844444444444445,0.5632183908045977,74.22666666666667,4,9157.0,6,58.8,0.2789918889870447,0.2120255911190069,37.3448275862069,false_negative
13093,0,0.030033488944032845,0,0.0038888888888888,0.5771543086172345,75.09972222222223,4,53904.0,25,175.28,0.1915460782504417,1.6116186563823232,114.25250501002004,true_negative
13094,0,0.02445714738711868,0,0.6152777777777778,0.5325779036827195,74.37361111111112,4,46516.0,23,153.08,0.1662225594496049,1.068640625048073,91.92067988668556,true_negative
13095,0,0.667168623403802,1,69.60916666666667,1.0,5.1738888888888885,2,2477.0,2,22.08,0.2281988681336619,0.0636871372092476,18.677419354838708,false_positive
13096,1,0.1563763923433167,0,4.665555555555556,0.7542372881355932,70.33944444444444,4,12093.0,7,95.8,0.2172439788098778,0.4986283987409648,60.45762711864407,false_negative
13097,0,0.0848299739065017,0,1.6825,0.3163265306122449,73.22,4,11945.0,15,93.56,0.2143373990072312,0.2340359947139392,54.45918367346939,true_negative
13098,0,0.1629092232470455,0,4.24,0.7787610619469026,70.79333333333334,3,14055.0,9,75.24,0.2166346115169688,0.3766304483268137,48.17699115044248,true_negative
13099,1,0.5954508142304494,1,51.02555555555556,1.0,23.95916666666667,2,18164.0,4,74.56,0.1939556446252208,0.2508758945245545,43.23931623931624,true_positive
13100,1,0.19118778704797432,0,5.804722222222222,0.7904761904761904,69.18472222222222,4,11290.0,6,62.36,0.2210021135330711,0.2363086585590158,39.57142857142857,false_negative
13101,0,0.18772169635374986,0,0.0080555555555555,0.6075949367088608,75.00527777777778,4,9390.0,8,51.12,0.2494492528902341,0.2101317464530742,32.91139240506329,true_negative
13102,0,0.09607306548332852,0,1.405,0.1111111111111111,73.5513888888889,4,23665.0,13,101.12,0.203946670335082,0.5531260741412608,68.03030303030303,true_negative
13103,1,0.6935076640023453,1,55.04222222222222,1.0,19.906944444444445,2,21149.0,4,79.48,0.2246796500100596,0.3995090030084687,53.43511450381679,true_positive
13104,0,0.11491673338398052,0,3.796666666666667,0.950381679389313,71.19583333333334,4,29673.0,7,143.52,0.1935928783351785,0.9449296023774428,85.22519083969466,true_negative
13105,0,0.14141013487799145,0,4.848888888888889,0.6814814814814815,70.1511111111111,4,18233.0,13,67.88,0.227011086361113,0.2308647337369456,40.05925925925926,true_negative
13106,1,0.5059698074837581,1,32.39,0.9563106796116504,42.58611111111111,3,22223.0,6,96.04,0.2269289892987715,0.4854016114783683,62.310679611650485,true_positive
13107,0,0.08817467402062369,0,2.0591666666666666,0.7762237762237763,72.93611111111112,4,18637.0,18,91.8,0.2103422820506077,0.4408943798292581,58.40559440559441,true_negative
13108,1,0.08689008717728082,0,1.435,0.44,73.54166666666667,4,17195.0,6,76.12,0.210379115754248,0.3558162039080377,48.34666666666666,false_negative
13109,1,0.3146266447182439,0,0.0052777777777777,0.5757575757575758,74.95861111111111,3,7696.0,5,54.16,0.2734000130167691,0.1626680967470458,33.15151515151515,false_negative
13110,0,0.14258517965030326,0,2.8872222222222224,0.396417445482866,72.08416666666666,4,117610.0,11,209.0,0.2520429715897851,2.346038352126956,135.41433021806853,true_negative
13111,0,0.571276430277347,1,51.03333333333333,1.0,23.933611111111112,2,4547.0,3,77.0,0.2260833261026284,0.1362354336221252,43.32142857142857,false_positive
13112,0,0.2125962164666626,0,7.543055555555555,0.8771929824561403,67.41194444444444,3,8991.0,5,92.48,0.2334006903007252,0.4165365971663898,54.55263157894737,true_negative
13113,0,0.14551638748395743,0,2.0947222222222224,0.75,72.85694444444445,3,10998.0,6,72.96,0.2304239926680107,0.294537783935161,51.45192307692308,true_negative
13114,0,0.038855961131008775,0,1.685277777777778,0.4043062200956938,73.27361111111111,4,44564.0,15,200.32,0.1783187395242076,2.0519949293090227,127.755980861244,true_negative
13115,0,0.11708763793455111,0,0.1394444444444444,0.8202247191011236,74.81611111111111,4,24635.0,10,146.64,0.2228403873658734,0.9786476840162678,86.78089887640449,true_negative
13116,0,0.02121116812328888,0,0.9883333333333332,0.4344978165938865,73.95444444444445,4,54208.0,22,166.32,0.1592980724222595,1.4055923753707733,107.0589519650655,true_negative
13117,0,0.27838065193186873,0,0.6291666666666667,0.4285714285714285,64.27277777777778,3,9018.0,8,42.16,0.2364678988937156,0.1684652167308225,27.410714285714285,true_negative
13118,1,0.5504048505060354,1,48.047777777777775,1.0,26.8775,2,5848.0,4,48.04,0.2443336017613069,0.1938963863579707,31.683333333333334,true_positive
13119,0,0.03949839806258991,0,1.3369444444444445,0.5967302452316077,73.55305555555556,4,57221.0,20,164.6,0.1746330291508035,0.6040773695130877,79.14986376021798,true_negative
13120,1,0.13516819568704966,0,3.7936111111111113,0.2462235649546827,71.125,4,50109.0,9,224.0,0.41752277822708,3.412330672180023,171.20694864048338,false_negative
13121,0,0.49623022775040365,1,26.51805555555556,0.6891891891891891,48.403888888888886,3,6547.0,4,57.4,0.2579526499262521,0.206744084608879,36.17567567567568,false_positive
13122,0,0.462404250491099,1,29.49861111111111,0.8461538461538461,45.38111111111111,3,4430.0,4,25.52,0.2610034715671516,0.0793537084078889,19.05128205128205,false_positive
13123,1,0.5127115322413162,1,37.3325,0.8148148148148148,37.69722222222222,3,3450.0,3,11.96,0.3721413320642874,0.0602903880481956,11.185185185185183,true_positive
13124,0,0.06079169571315315,0,0.0158333333333333,0.2445141065830721,74.84277777777778,4,37833.0,14,114.08,0.2015906220080286,0.6210504646262509,81.56739811912226,true_negative
13125,0,0.046512162558044176,0,1.0119444444444443,0.5986842105263158,73.8675,4,48874.0,12,256.6,0.2245623184974932,3.045882869177276,175.0065789473684,true_negative
13126,1,0.405111446459141,1,30.185277777777777,0.7105263157894737,44.66277777777778,3,11822.0,7,58.96,0.2699849509861707,0.1997589284487275,36.39473684210526,true_positive
13127,0,0.14672555709166657,0,7.538888888888889,0.5280898876404494,67.3175,4,17381.0,12,109.56,0.2265337961197597,0.5641692796613575,65.11235955056179,true_negative
13128,0,0.29261979512914027,0,6.819444444444445,0.5180722891566265,63.693333333333335,3,9023.0,7,59.04,0.2561630745958431,0.1909909342827305,39.30120481927711,true_negative
13129,0,0.16692886762897827,0,1.083611111111111,0.7911392405063291,73.73055555555555,3,21576.0,3,106.84,0.2267786211475905,0.5160359986233736,66.9113924050633,true_negative
13130,0,0.1830446124667595,0,11.693055555555556,0.9710982658959536,63.11138888888889,4,24018.0,11,84.08,0.1918713899101815,0.408299092189276,53.190751445086704,true_negative
13131,0,0.16795332133490992,0,2.2816666666666667,0.016,72.52055555555556,3,13097.0,5,82.2,0.2041653569540975,0.3609038037558241,56.704,true_negative
13132,0,0.6072025808000538,1,50.24305555555556,1.0,24.551666666666662,2,10436.0,3,69.28,0.2461645794169671,0.246555308995665,43.30392156862745,false_positive
13133,0,0.11304160386416265,0,2.210555555555556,0.5291005291005291,72.58416666666666,4,17656.0,10,87.2,0.2411558084936783,0.3108663349324623,58.01587301587302,true_negative
13134,1,0.41852187087567094,1,11.55638888888889,0.7368421052631579,63.223333333333336,4,2872.0,6,19.04,0.2506062966208019,0.0639318580948605,15.13157894736842,true_positive
13135,1,0.5773579767424905,1,39.36055555555556,0.9444444444444444,35.41916666666667,3,3617.0,4,20.72,0.2236682032622781,0.0821266897358546,16.22222222222222,true_positive
13136,0,0.04585966123394914,0,2.720833333333333,0.5122699386503068,72.05472222222222,4,29144.0,17,126.6,0.2079643527779494,0.7506757109136931,80.53374233128834,true_negative
13137,0,0.1538377172790478,0,1.9683333333333333,0.8105263157894737,72.82666666666667,4,12018.0,6,62.92,0.2172356349590027,0.2032869619533437,36.8,true_negative
13138,0,0.6305861657311129,1,49.83305555555555,1.0,24.94833333333333,2,16940.0,6,162.04,0.2026787468987162,1.1260840160820964,98.5,false_positive
13139,1,0.16467309977546443,0,1.2002777777777778,0.5972222222222222,73.5411111111111,3,9006.0,6,68.0,0.1847878483992491,0.2788145803026161,44.61111111111112,false_negative
13140,1,0.04293339121236957,0,0.0066666666666666,0.5763688760806917,74.74111111111111,4,47049.0,19,200.24,0.1834826298437357,1.861445137755663,118.42651296829972,false_negative
13141,0,0.10291792275407147,0,3.1794444444444445,0.5287356321839081,71.58111111111111,4,21329.0,10,176.88,0.2073828001219889,1.2965931846346233,118.3103448275862,true_negative
13142,0,0.07810956089451122,0,0.6225,0.2348993288590604,74.13305555555556,4,18306.0,17,93.64,0.1921831891945137,0.4479356100576411,58.147651006711406,true_negative
13143,1,0.3865004044502616,1,35.57888888888889,0.9194915254237288,39.17555555555556,3,21125.0,9,111.84,0.1842292249679792,0.5406557492148729,72.80084745762711,true_positive
13144,0,0.07753179250062277,0,4.223333333333334,0.7431906614785992,70.51472222222222,4,30686.0,10,126.96,0.1831555314341556,0.6860239481009571,76.8715953307393,true_negative
13145,1,0.5509588655639078,1,51.223055555555554,1.0,23.4925,2,6836.0,4,68.48,0.2419059472340453,0.2649591296944662,40.8974358974359,true_positive
13146,1,0.5416850776660581,1,31.875833333333333,0.5102040816326531,42.84305555555556,3,3891.0,4,41.4,0.2683438207015485,0.1762311277537878,28.0,true_positive
13147,0,0.2143253782249214,0,6.257222222222223,0.6819787985865724,68.45972222222223,4,25034.0,9,115.52,0.2741441453428278,0.4298461652294034,57.918727915194346,true_negative
13148,1,0.8181474115419103,1,56.03055555555556,1.0,18.675,2,2325.0,2,15.84,0.3512713431391618,0.052473746725353,12.764705882352942,true_positive
13149,0,0.7801721087763357,1,50.38444444444445,1.0,24.294722222222223,2,896.0,3,4.5,0.1668569096702321,0.0106729097669719,4.5,false_positive
13150,0,0.4812539459743971,1,12.651111111111112,0.48,49.58138888888889,3,3548.0,6,13.4,0.2272501397114542,0.0506775611559676,13.4,false_positive
13151,0,0.43206876899127106,1,13.9275,0.8235294117647058,60.76305555555555,4,5478.0,6,47.8,0.2952664746552472,0.1833451852390289,31.764705882352946,false_positive
13152,0,0.03255963812682948,0,2.6013888888888888,0.5868544600938967,72.05222222222223,4,53929.0,13,162.28,0.156684345745778,1.3673916537784283,103.28638497652582,true_negative
13153,0,0.10918117836393938,0,2.484166666666667,0.8445945945945946,72.15611111111112,4,20412.0,4,68.72,0.2038822788562408,0.2647826575740108,46.148648648648646,true_negative
13154,0,0.19874521765439693,0,4.366666666666666,0.2427184466019417,70.26916666666666,3,13618.0,5,90.28,0.2122245744061967,0.4131087666427868,56.51456310679612,true_negative
13155,0,0.0973650110936036,0,0.0591666666666666,0.5240641711229946,74.56361111111111,4,35133.0,28,104.52,0.2268450658847087,0.6065794938403198,71.42245989304813,true_negative
13156,1,0.738262350204846,1,50.464444444444446,1.0,24.15,2,1633.0,3,6.214285714285714,0.2987322818353199,0.0231438911107675,6.214285714285714,true_positive
13157,0,0.035711949388723,0,1.4536111111111112,0.4003091190108191,73.16944444444445,4,68600.0,14,248.52,0.1841166474858311,2.979025857301827,174.46986089644514,true_negative
13158,0,0.07950523577879735,0,0.2313888888888889,0.2958579881656805,74.31583333333333,4,26497.0,9,100.16,0.1823581172471174,0.5121612705278141,66.68639053254438,true_negative
13159,1,0.7810625431188931,1,53.54666666666667,1.0,21.08083333333333,2,1181.0,3,9.8,0.2725117786056689,0.0387410172508701,9.8,true_positive
13160,0,0.08019618403366129,0,3.5947222222222224,0.5547169811320755,71.02111111111111,4,30941.0,7,124.12,0.1672101723589853,0.7439838818735643,84.98113207547169,true_negative
13161,1,0.7107889538113507,1,60.37888888888889,1.0,14.226666666666668,2,353.0,2,4.625,0.1847077178005541,0.0053531084053455,4.625,true_positive
13162,0,0.1039767222875794,0,5.7363888888888885,0.5041322314049587,68.86722222222222,4,28456.0,8,138.56,0.1885192635099125,0.8651784117778778,82.95867768595042,true_negative
13163,0,0.20863094650287825,0,8.5375,0.4069767441860465,66.0775,4,10641.0,5,66.12,0.2279728757198144,0.2470308446894749,42.19767441860465,true_negative
13164,1,0.4196317475702241,1,28.48611111111111,0.9809523809523808,46.12138888888889,3,11349.0,4,73.12,0.2426394238040335,0.3387455930251963,46.34285714285714,true_positive
13165,0,0.22372342240559254,0,22.856944444444444,0.6875,51.755833333333335,4,28181.0,5,150.2,0.1917895651384911,1.023497149346163,88.921875,true_negative
13166,0,0.5270609695478923,1,30.88277777777778,0.59375,43.72833333333333,3,6544.0,5,47.0,0.2653521874317036,0.1829579208261765,30.03125,false_positive
13167,1,0.7688480957403523,1,52.18833333333333,1.0,22.386666666666667,2,1504.0,3,10.05,0.2802351900227028,0.040987401809722,10.05,true_positive
13168,0,0.2538198397706449,0,15.213888888888889,0.7679180887372014,59.39555555555555,4,30718.0,11,211.28,0.2358191810015529,2.053218872825829,127.90784982935152,true_negative
13169,1,0.2977140201602032,0,12.345,0.4519230769230769,42.848333333333336,3,9740.0,6,87.24,0.2473827013717585,0.2178463830088068,46.95192307692308,false_negative
13170,0,0.15134882905508903,0,0.0002777777777777,0.3978494623655914,74.59055555555555,4,11555.0,6,66.96,0.236730183525945,0.2426433163056566,39.97849462365591,true_negative
13171,1,0.77928345674879,1,56.84166666666667,1.0,17.744722222222222,2,1571.0,2,12.75,0.282210144790412,0.0777556536632486,12.75,true_positive
13172,1,0.7676695064769296,1,61.451388888888886,1.0,13.131666666666666,2,2171.0,2,14.333333333333334,0.2769793038014479,0.0618395865742525,14.333333333333334,true_positive
13173,1,0.6019280664841805,1,33.85611111111111,0.4482758620689655,40.734722222222224,2,2116.0,2,24.68,0.2601918444805779,0.0859296922551039,21.620689655172413,true_positive
13174,1,0.4990831750626599,1,8.175833333333333,0.7272727272727273,66.40555555555555,2,2439.0,2,23.44,0.2739585972787288,0.0758682216492891,18.848484848484848,true_positive
13175,1,0.48138584508679266,1,35.864444444444445,0.9364161849710982,38.71305555555556,3,20615.0,7,135.28,0.232695333386684,0.7167484660958534,79.94797687861272,true_positive
13176,1,0.6800659148707967,1,61.08916666666666,1.0,13.47888888888889,2,3753.0,3,25.64,0.2448948467317109,0.0705330176410742,20.054054054054053,true_positive
13177,1,0.5992555921832647,1,63.36055555555556,1.0,11.21527777777778,2,9251.0,3,74.64,0.2341965984320355,0.3884500201891009,48.9375,true_positive
13178,0,0.32293880132453506,1,3.848611111111111,0.7567567567567568,70.62666666666667,4,5480.0,7,29.32,0.193826505236384,0.0994716838152551,23.24324324324324,false_positive
13179,0,0.15771759247053668,0,5.933611111111111,0.8099173553719008,68.6036111111111,4,16730.0,4,88.12,0.2188480291469442,0.4248786841760931,55.54545454545455,true_negative
13180,0,0.42436172142313033,1,33.94444444444444,0.6153846153846154,40.58472222222223,3,13207.0,5,100.72,0.2181692162284664,0.3907981195312035,59.88461538461539,false_positive
13181,1,0.37135370613614893,1,25.18861111111111,0.543859649122807,37.74666666666667,2,6110.0,3,44.36,0.2378639642300095,0.1775508885736901,29.789473684210527,true_positive
13182,0,0.4685737582110631,1,32.401666666666664,0.7605633802816901,42.11694444444444,3,6778.0,7,43.16,0.2467772376963099,0.1762407954087874,29.281690140845072,false_positive
13183,0,0.07903474652119159,0,0.8172222222222222,0.6808510638297872,73.70194444444445,4,18546.0,10,87.44,0.2024360528656401,0.405726330397484,54.765957446808514,true_negative
13184,0,0.1643504126383639,0,5.768888888888889,0.5527638190954773,68.765,4,19129.0,11,96.68,0.2496660993368221,0.4404085636542891,55.60301507537689,true_negative
13185,0,0.08069166063080266,0,2.1127777777777776,0.2808988764044944,72.31666666666666,4,23583.0,16,100.48,0.1800391583588686,0.5633780232162745,71.34831460674157,true_negative
13186,0,0.12257640847639403,0,2.223333333333333,0.5632911392405063,72.26,4,15983.0,6,89.36,0.2172231393287902,0.435106387386907,66.31645569620254,true_negative
13187,0,0.1407124714008242,0,6.413055555555555,0.3963963963963964,68.09611111111111,4,13406.0,6,71.44,0.2345003990482037,0.3378264921112889,44.52252252252252,true_negative
13188,1,0.7638289753418864,1,55.88,1.0,18.605555555555554,2,1863.0,3,13.142857142857142,0.2461378368185903,0.0815579788365836,13.142857142857142,true_positive
13189,0,0.24651513299733888,0,5.610833333333333,0.4081632653061224,68.87972222222223,4,4711.0,5,38.76,0.238899360683382,0.1414848052275856,27.816326530612244,true_negative
13190,0,0.4501795657021177,1,29.06388888888889,0.8679245283018868,45.43111111111112,2,4717.0,2,44.28,0.2451835591190153,0.2031060891670146,30.20754716981132,false_positive
13191,0,0.06104375105172353,0,1.3491666666666666,0.7534246575342466,73.13694444444444,4,33240.0,13,202.52,0.1846272423461475,1.9814894543582,131.08767123287672,true_negative
13192,1,0.7378345864793041,1,59.47083333333333,1.0,14.988055555555556,2,3429.0,3,23.08,0.266449311843418,0.0724249614428232,17.91891891891892,true_positive
13193,0,0.8146725992644597,1,59.01361111111111,1.0,15.435,2,335.0,2,2.5,0.2128466671190876,0.0077761074344965,2.5,false_positive
13194,0,0.07888559942567391,0,1.475,0.2158273381294964,72.99222222222222,4,17759.0,12,82.96,0.197075647844156,0.4343782918397166,58.15827338129496,true_negative
13195,0,0.6880451242707573,1,51.149166666666666,1.0,23.315,2,1722.0,3,14.772727272727272,0.2133836468566987,0.0336885193589163,14.772727272727272,false_positive
13196,1,0.5511878610741769,1,57.32861111111111,1.0,17.131666666666668,2,8397.0,3,76.0,0.2172468602096151,0.32714179801103,49.29896907216495,true_positive
13197,1,0.5715539862300372,1,47.918055555555554,0.9347826086956522,26.539166666666667,3,4902.0,3,29.68,0.2730372028671087,0.0790902004378516,21.47826086956522,true_positive
13198,0,0.3519521908712643,1,11.550277777777778,0.2543859649122807,62.83416666666667,4,14318.0,4,62.4,0.2839304434267275,0.2090003937454793,43.6578947368421,false_positive
13199,0,0.035207945285500336,0,1.91,0.670846394984326,72.53277777777778,4,27958.0,16,133.48,0.1652076581170198,0.7302136664840247,80.55485893416927,true_negative
13200,1,0.6684043521971753,1,51.18472222222222,1.0,23.25583333333333,2,4486.0,3,41.32,0.2522302772346338,0.1430711442770991,29.82692307692308,true_positive
13201,1,0.4744395068580448,1,19.781388888888888,0.1666666666666666,54.655,4,1039.0,6,9.38888888888889,0.2280094745269049,0.0379980714759599,9.38888888888889,true_positive
13202,1,0.5286683425801318,1,19.0675,0.125,55.37277777777778,2,332.0,2,5.375,0.1383347956717886,0.0126425716162239,5.375,true_positive
13203,1,0.5947615862426019,1,60.16444444444444,1.0,23.736666666666668,2,1511.0,3,39.5,0.2434302841353534,0.2374219893911547,39.5,true_positive
13204,0,0.5673947622973483,1,29.654444444444444,0.2222222222222222,44.78527777777778,2,350.0,2,3.333333333333333,0.2082814012893581,0.0119979361975573,3.333333333333333,false_positive
13205,0,0.0288519380682529,0,0.5016666666666667,0.425531914893617,73.88222222222223,4,64100.0,18,194.88,0.1338164932302255,2.3024315640072275,145.43207855973813,true_negative
13206,0,0.2867498951710868,0,26.51972222222222,0.5128205128205128,47.90027777777778,3,18599.0,11,67.32,0.2069679390366709,0.2724838263169892,45.54700854700855,true_negative
13207,1,0.7794282025771274,1,61.51583333333333,1.0,12.904722222222222,2,901.0,2,11.8,0.3010746710991733,0.0597610205237573,11.8,true_positive
13208,0,0.05222714536394381,0,1.5013888888888889,0.7215686274509804,72.90222222222222,4,27775.0,11,116.52,0.1854961291814273,0.5937583929896119,77.37254901960785,true_negative
13209,0,0.23196187372391963,0,9.898888888888887,0.7352941176470589,64.52027777777778,4,10400.0,8,81.56,0.237359163882604,0.35825665372138,55.3921568627451,true_negative
13210,0,0.07323388304226383,0,1.8683333333333332,0.5084745762711864,72.54694444444445,4,59513.0,9,202.64,0.1471694808254161,2.077692694541478,131.8199152542373,true_negative
13211,0,0.4707706868958536,1,31.355833333333333,0.7083333333333334,43.031666666666666,3,5376.0,6,28.52,0.2537085521435333,0.0826203356427348,20.27083333333333,false_positive
13212,1,0.8343105508070123,1,64.44,1.0,9.965555555555556,2,610.0,3,5.75,0.1990374537019714,0.0111991600133686,5.75,true_positive
13213,0,0.10116986458457225,0,0.9266666666666666,0.6634615384615384,73.47222222222223,4,9132.0,11,70.0,0.2024173304460426,0.2794550640390594,46.17307692307692,true_negative
13214,0,0.08971125096020796,0,6.713888888888889,0.7028571428571428,67.68083333333334,4,45091.0,8,199.12,0.1883659476028147,1.9038060634883025,123.09428571428572,true_negative
13215,0,0.05097734725109339,0,0.3580555555555555,0.6631578947368421,74.04555555555555,4,23290.0,13,147.72,0.1566156950985984,1.0247061601107714,91.16140350877193,true_negative
13216,1,0.7590508518058555,1,58.8975,1.0,15.505277777777778,2,1578.0,2,10.588235294117649,0.2331075413650679,0.0377563367050816,10.588235294117649,true_positive
13217,0,0.7018471474294008,1,55.528333333333336,1.0,18.850277777777777,2,5540.0,2,40.36,0.2714256889964225,0.1467212147748758,28.056338028169016,false_positive
13218,0,0.23128904035509404,0,2.674166666666667,0.4033149171270718,71.57472222222222,4,11830.0,6,80.44,0.2866630150802199,0.487178466735523,68.86740331491713,true_negative
13219,0,0.14741227071385574,0,6.219444444444444,0.5833333333333334,68.14861111111111,4,23870.0,10,99.6,0.2172755777517232,0.5802483100102303,74.24509803921569,true_negative
13220,0,0.12641734900320273,0,6.524166666666667,0.5846153846153846,67.85555555555555,4,35371.0,13,240.32,0.1753613225163345,1.9641721464232755,132.24102564102563,true_negative
13221,1,0.0667241861614805,0,1.1555555555555554,0.725925925925926,73.21777777777778,4,33098.0,10,155.84,0.2139294015717196,1.3217036212101734,97.73333333333332,false_negative
13222,0,0.054492886313119375,0,3.4430555555555555,0.3716814159292035,70.90166666666667,4,58253.0,20,201.48,0.1501763158904966,1.989891685085171,122.23230088495576,true_negative
13223,0,0.8239003877197896,1,59.27972222222222,1.0,15.08,2,439.0,2,5.0,0.1685763088470138,0.0117531547418205,5.0,false_positive
13224,1,0.7175260131138064,1,33.14472222222222,0.5,20.10305555555556,2,172.0,2,2.0,0.0424264068711928,0.0108527222704468,2.0,true_positive
13225,0,0.12522569581203696,0,1.1941666666666666,0.4271844660194174,70.97055555555555,4,11994.0,6,68.64,0.2200733785227658,0.2640568024431506,41.0,true_negative
13226,0,0.23431243099448265,0,3.256666666666667,0.125,71.08972222222222,4,10090.0,7,54.36,0.2115961381041084,0.2080919728183585,37.33928571428572,true_negative
13227,0,0.162913501062444,0,3.094444444444445,0.7969924812030075,71.2725,4,12245.0,6,92.8,0.2298405247487839,0.3969194447783266,56.65413533834587,true_negative
13228,1,0.7556034807729395,1,62.68138888888889,1.0,11.673333333333334,2,2676.0,2,18.36,0.279942661885473,0.0665487421825724,17.692307692307693,true_positive
13229,0,0.17736553145946954,0,1.2838888888888889,0.9041095890410958,73.07222222222222,3,12423.0,6,102.56,0.1955588369851666,0.3730084018106891,61.897260273972606,true_negative
13230,1,0.18962973323666732,0,21.794722222222223,0.8113207547169812,52.5625,4,29613.0,9,102.36,0.1863413600761162,0.5553248953814485,65.5,false_negative
13231,0,0.21436551140944746,0,12.418333333333331,0.7960687960687961,61.94166666666667,4,35834.0,9,205.8,0.1963770417042623,1.8901906488260505,124.8132678132678,true_negative
13232,0,0.08438576092694274,0,1.0911111111111111,0.5475040257648953,73.22444444444444,4,53470.0,15,224.0,0.2767668188441338,2.5530692747224197,151.3462157809984,true_negative
13233,0,0.3075017535090974,0,5.967777777777778,0.8142857142857143,68.35972222222222,3,9284.0,5,50.84,0.2755191748445625,0.2114206393519353,34.957142857142856,true_negative
13234,1,0.7061148353050937,1,56.05222222222222,1.0,17.796388888888888,2,1779.0,2,12.857142857142858,0.2333463620606303,0.051600270193065,12.857142857142858,true_positive
13235,0,0.10593744022603852,0,4.813888888888889,0.7824267782426778,69.39972222222222,4,25375.0,9,174.16,0.1831603480258844,1.1753772092091823,103.9246861924686,true_negative
13236,0,0.10940326416691497,0,1.9719444444444445,0.5921052631578947,72.46694444444445,4,17457.0,9,96.88,0.2251198265762084,0.4382671400017985,61.6578947368421,true_negative
13237,0,0.023391373895820737,0,1.0355555555555556,0.5598802395209581,73.235,4,43779.0,21,149.44,0.1559049938828164,0.9890234052694654,88.6437125748503,true_negative
13238,1,0.44836595843872185,1,31.072222222222223,0.959349593495935,43.21305555555556,3,8628.0,5,80.4,0.2526176173040625,0.3572797734982207,49.38211382113821,true_positive
13239,0,0.08068738729974048,0,1.2352777777777777,0.298780487804878,72.98638888888888,4,22139.0,16,94.0,0.2116002240191979,0.476166556723682,63.78048780487805,true_negative
13240,0,0.6753122054286985,1,57.83305555555555,1.0,16.433611111111112,2,2876.0,3,13.375,0.2515150750990503,0.0634400557088976,13.375,false_positive
13241,0,0.05099590211008629,0,1.5519444444444443,0.463623395149786,72.71166666666667,4,67389.0,14,215.8,0.2411095826026811,2.972304711622748,168.15834522111268,true_negative
13242,0,0.09709612611624394,0,3.1591666666666667,0.7252252252252253,71.05194444444444,4,23969.0,15,139.44,0.2055709589022386,0.9740658663970104,89.30630630630631,true_negative
13243,1,0.19083865146827442,0,5.058333333333334,0.765625,69.18805555555555,4,15024.0,6,57.36,0.2608064080308836,0.3558572503167974,46.2734375,false_negative
13244,0,0.19131994331377158,0,6.831388888888889,0.7899543378995434,67.44444444444444,4,25156.0,5,112.48,0.2319024492208719,0.4725831435660718,81.74885844748859,true_negative
13245,0,0.08406181110801228,0,6.738611111111111,0.6420664206642066,67.29388888888889,4,26004.0,16,117.92,0.1751671213997143,0.6997618524694282,82.80073800738008,true_negative
13246,0,0.10341650324069852,0,2.7025,0.4948453608247423,71.26388888888889,4,14625.0,6,70.24,0.2093345867197432,0.3312413005537639,47.23711340206186,true_negative
13247,0,0.07391308049919942,0,0.0077777777777777,0.3876811594202898,74.10583333333334,4,30259.0,8,185.76,0.1755910794348932,1.405582040915382,123.71376811594205,true_negative
13248,0,0.08021351074094642,0,4.6025,0.5769230769230769,69.65083333333334,4,38631.0,14,177.2,0.1980329415082212,1.5864839670512056,113.8431952662722,true_negative
13249,0,0.06700023095983375,0,3.6036111111111113,0.4360655737704918,70.60694444444445,4,35566.0,19,194.64,0.1719727330784565,2.043416036312127,123.69508196721311,true_negative
13250,0,0.4197770308414096,1,25.34111111111111,0.4477611940298507,48.64055555555556,3,7497.0,11,43.88,0.2801768704115617,0.1647576610996017,41.059701492537314,false_positive
13251,0,0.11729457259692824,0,4.671666666666667,0.75,69.5,4,17320.0,8,82.56,0.1992387986662902,0.3883637082977934,53.3671875,true_negative
13252,1,0.7113390898388089,1,8.025277777777777,0.25,66.20138888888889,2,410.0,2,4.625,0.2504526655845625,0.0117407104315855,4.625,true_positive
13253,0,0.6320760380528898,1,53.460277777777776,1.0,20.726944444444445,2,8380.0,3,38.72,0.2640610578233412,0.1511959052285827,27.235294117647054,false_positive
13254,0,0.03050930215383145,0,1.0725,0.505524861878453,73.12611111111111,4,82945.0,10,235.6,0.1445972279786324,2.607845646211441,155.48480662983425,true_negative
13255,0,0.15603087397421345,0,5.463611111111111,0.4363636363636363,68.73583333333333,4,9390.0,10,70.72,0.2318608757139433,0.288803252756,46.30909090909091,true_negative
13256,0,0.09987275182284742,0,0.0119444444444444,0.3284671532846715,74.18472222222222,4,23835.0,13,100.8,0.1989557737114538,0.5169509523824569,62.8029197080292,true_negative
13257,0,0.542044001293837,1,36.98916666666667,0.3,37.1575,3,970.0,3,8.1,0.1526490454897572,0.0262425803091325,8.1,false_positive
13258,0,0.1478381924148469,0,1.183888888888889,0.5434782608695652,72.92305555555555,4,17893.0,13,151.56,0.1820017831042208,1.048517490991193,96.54891304347828,true_negative
13259,0,0.0738987766594487,0,1.5625,0.3453237410071942,72.38305555555556,4,14759.0,12,74.68,0.1798564787373484,0.2569638105392064,45.16546762589928,true_negative
13260,0,0.0798444914188916,0,5.641388888888889,0.4701834862385321,68.2325,4,50925.0,20,208.32,0.198818241885554,2.1806808582484947,133.0091743119266,true_negative
13261,0,0.42880863769275557,1,7.564722222222223,0.5,66.62916666666666,4,2420.0,6,14.16,0.2596144406859164,0.0486672057044878,13.653846153846152,false_positive
13262,0,0.31794610109674637,0,8.844444444444445,0.6052631578947368,65.32527777777777,4,2595.0,6,20.24,0.1719545693039271,0.0787796364672786,16.94736842105263,true_negative
13263,0,0.2569247440739978,0,18.351944444444445,0.3609022556390977,55.79194444444445,4,12523.0,5,74.04,0.2162104751069385,0.3707627107862511,52.50375939849624,true_negative
13264,0,0.028917821590252572,0,0.2619444444444444,0.326556543837357,73.90916666666666,4,63924.0,18,213.16,0.1463036736587115,2.9995808930144223,177.93392630241422,true_negative
13265,0,0.6286103730132109,1,53.98083333333334,1.0,20.18777777777778,2,3459.0,3,33.8,0.2244692300069843,0.1129357394508509,25.162790697674417,false_positive
13266,1,0.42382987112201453,1,4.266944444444444,0.9230769230769232,69.9,3,1464.0,4,12.846153846153848,0.223583920312973,0.0742447098239798,12.846153846153848,true_positive
13267,0,0.33820485908743764,1,6.9675,0.0526315789473684,67.00472222222223,3,2092.0,3,16.57894736842105,0.2276326797808949,0.0671924390374646,16.57894736842105,false_positive
13268,0,0.12246844441486976,0,2.9575,0.525,71.03916666666667,4,19677.0,9,108.2,0.2138790490037458,0.615811683763051,72.125,true_negative
13269,1,0.35933922723473005,1,25.070833333333333,0.1016949152542373,49.05777777777778,2,5684.0,2,29.36,0.2016319990212677,0.1086782165980444,20.983050847457623,true_positive
13270,0,0.06250281707887577,0,0.1755555555555555,0.4854881266490765,73.82777777777778,4,44536.0,11,251.76,0.1989731580652242,2.630281887839787,178.0052770448549,true_negative
13271,1,0.6333062338978265,1,51.40138888888889,1.0,22.611666666666668,2,9041.0,4,40.72,0.3013777530939224,0.160815775833491,26.573529411764707,true_positive
13272,1,0.6211620563976729,1,54.51888888888889,1.0,19.471944444444443,2,18277.0,3,122.64,0.2573854047171544,0.6508780049600656,74.5170731707317,true_positive
13273,0,0.2826741686503206,0,2.9763888888888888,0.9113924050632912,71.13972222222222,3,9639.0,3,56.32,0.1940500633750551,0.1994098245773023,35.48101265822785,true_negative
13274,0,0.12526799252480614,0,2.866111111111111,0.5912408759124088,71.25722222222223,4,19597.0,14,85.2,0.2346029798842744,0.4169078658685057,56.02189781021898,true_negative
13275,0,0.058774168535150634,0,0.0091666666666666,0.3472222222222222,74.10194444444444,4,28852.0,15,128.72,0.2027491608253898,0.8175405212608198,77.81481481481481,true_negative
13276,1,0.21995076310309894,0,5.108055555555556,0.5974025974025974,69.00611111111111,4,6943.0,5,69.76,0.2268566327642378,0.2102564988437497,42.36363636363637,false_negative
13277,1,0.5301168925142611,1,34.821666666666665,0.78,39.178333333333335,2,5439.0,4,38.44,0.2612247158496746,0.153840254554921,27.84,true_positive
13278,0,0.09859872156560769,0,0.9991666666666666,0.3532110091743119,73.03027777777778,4,26933.0,13,154.24,0.2245022026231645,1.1373945820386837,94.1605504587156,true_negative
13279,1,0.6660844974168113,1,30.6875,0.75,43.31305555555556,3,344.0,3,5.5,0.2638599459005525,0.0117968261561469,5.5,true_positive
13280,0,0.04788412216466646,0,0.5230555555555556,0.4365384615384615,71.48166666666667,4,58584.0,7,197.08,0.1703970537616074,2.190087750897767,133.3403846153846,true_negative
13281,0,0.10684276649646224,0,3.2202777777777776,0.717201166180758,70.85027777777778,4,34632.0,10,152.88,0.2165120987437037,1.219227239799321,98.81632653061224,true_negative
13282,0,0.4576493777860162,1,28.447777777777777,0.7962962962962963,45.53944444444444,3,4853.0,4,46.68,0.2411636472033817,0.1778151969326897,32.05555555555556,false_positive
13283,1,0.30546102802463954,0,3.620555555555556,0.6666666666666666,70.55805555555555,4,7271.0,6,45.28,0.2476779049931823,0.1740845567580732,29.80952380952381,false_negative
13284,1,0.5485522083469767,1,35.879444444444445,0.8421052631578947,38.1125,3,1718.0,3,13.0,0.1812977437485431,0.0531554739618577,13.0,true_positive
13285,0,0.056740855859845334,0,1.6263888888888889,0.7142857142857143,72.37194444444444,4,23285.0,20,103.12,0.1905211108842869,0.6333481508002828,68.9047619047619,true_negative
13286,0,0.18520963405431054,0,5.069166666666667,0.4328358208955223,68.92388888888888,4,8692.0,13,47.32,0.215825730821441,0.2189287005194474,32.55223880597015,true_negative
13287,1,0.8126822556891046,1,60.99805555555555,1.0,13.060277777777776,2,911.0,2,8.583333333333334,0.2565570279331802,0.0421271705875467,8.583333333333334,true_positive
13288,0,0.29991280544116744,0,27.52583333333333,0.6851851851851852,46.47694444444444,3,5392.0,4,33.12,0.243526716394367,0.1118875324068418,23.35185185185185,true_negative
13289,0,0.6712188412314499,1,71.445,1.0,2.5480555555555555,2,7700.0,1,54.2,0.2184215413728084,0.1977924909581656,34.986111111111114,false_positive
13290,0,0.1071946311156016,0,6.893611111111111,0.5480984340044742,87.66583333333334,4,50751.0,11,278.48,0.2028042855135994,2.7912647387948004,176.07606263982103,true_negative
13291,0,0.09314807142795564,0,0.645,0.6356589147286822,73.37083333333334,4,18269.0,15,77.08,0.2162894399720655,0.3700051561256482,50.395348837209305,true_negative
13292,1,0.8091904722022117,1,59.73111111111111,1.0,14.26361111111111,2,112.0,2,4.5,0.0444467119602972,0.0038600534152316,4.5,true_positive
13293,0,0.38409821691605867,1,26.97361111111111,0.4262820512820512,47.02055555555555,3,29762.0,11,143.32,0.2287919038614407,1.079363735084778,89.78205128205128,false_positive
13294,1,0.5184322916835377,1,26.294166666666666,0.4827586206896552,47.73638888888889,3,2950.0,3,16.4,0.2113062237827312,0.0526689149986257,14.482758620689657,true_positive
13295,0,0.34830925346168895,1,25.625,0.5858585858585859,48.38333333333333,2,10205.0,2,73.44,0.2344169980784609,0.3229991769841606,45.525252525252526,false_positive
13296,0,0.028202198629473072,0,1.2005555555555556,0.5280898876404494,72.78722222222223,4,42133.0,19,142.32,0.1862260761597894,0.8741634697688027,92.07303370786516,true_negative
13297,0,0.14835317513469154,0,0.6013888888888889,0.3489583333333333,73.37944444444445,3,16935.0,7,106.72,0.1938802585993474,0.5962071151198232,69.75520833333333,true_negative
13298,0,0.800151165937953,1,53.65,1.0,20.34,2,1345.0,2,9.5,0.1820616172966978,0.0386517964545439,9.5,false_positive
13299,0,0.04583747763926694,0,1.306111111111111,0.4297520661157025,72.68555555555555,4,29113.0,16,121.44,0.1741930949445363,0.66989672451021,75.1198347107438,true_negative
13300,0,0.0477815025069408,0,0.8644444444444445,0.4294871794871794,73.13138888888889,4,34408.0,10,173.28,0.1952698205717585,1.2305680233324618,102.9551282051282,true_negative
13301,0,0.16386882256809943,0,2.582222222222222,0.6302521008403361,71.41083333333333,4,15476.0,6,51.84,0.2333152028029304,0.1915878509166869,43.16806722689076,true_negative
13302,1,0.6326565434456758,1,53.97138888888889,1.0,19.975,2,13439.0,3,64.84,0.2194023152870941,0.277583751056577,45.76422764227642,true_positive
13303,0,0.4197626812434059,1,32.0525,0.6153846153846154,41.93527777777778,3,9545.0,4,60.96,0.2220758947549826,0.201958431377117,36.92307692307692,false_positive
13304,0,0.789375589284011,1,61.54333333333334,1.0,12.438888888888888,2,180.0,2,1.5,0.1702294102856503,0.0109316240897819,1.5,false_positive
13305,1,0.07765598168116054,0,6.136388888888889,0.4371727748691099,67.8411111111111,4,45334.0,16,173.48,0.1825700610630437,1.327260452818362,111.24869109947645,false_negative
13306,0,0.35495699937540104,1,8.309722222222222,0.4193548387096774,65.64944444444444,4,5732.0,5,55.36,0.2656969267703923,0.1445606567293108,33.04838709677419,false_positive
13307,1,0.8112933520673503,1,53.763888888888886,1.0,20.198888888888888,2,886.0,2,7.0,0.1673539981907698,0.0221054875657506,7.0,true_positive
13308,0,0.0341776186623275,0,0.1361111111111111,0.4525316455696203,73.81833333333333,4,38775.0,20,148.28,0.1796014891958919,0.9351695322814068,98.43354430379746,true_negative
13309,1,0.6580142714328482,1,55.79,1.0,18.1625,2,8318.0,3,49.16,0.2570098037584771,0.1914415162572392,36.66216216216216,true_positive
13310,0,0.2242008795247334,0,11.8175,0.3684210526315789,62.083888888888886,4,5069.0,7,30.12,0.1951138482714499,0.082760906206878,21.29824561403509,true_negative
13311,0,0.5394834101870744,1,51.76361111111111,1.0,22.13583333333333,2,9461.0,4,80.6,0.2536545259747794,0.25785155730336,46.892857142857146,false_positive
13312,0,0.1316150243333375,0,0.0202777777777777,0.3116279069767442,73.88,4,19465.0,10,208.44,0.2096299288526802,0.6752906878403768,110.66976744186049,true_negative
13313,1,0.4547696216831041,1,26.92388888888889,0.6607142857142857,46.95666666666666,3,6964.0,6,41.56,0.2731802836967563,0.0983306347221834,26.696428571428573,true_positive
13314,0,0.07524736151999989,0,0.88,0.4780701754385965,73.00083333333333,4,37387.0,15,149.44,0.2144727316503931,0.987940356764745,84.78070175438596,true_negative
13315,0,0.25494697265680344,0,10.006666666666666,0.5982142857142857,63.87472222222223,4,20915.0,12,83.08,0.2782629176767308,0.236176462767573,41.94642857142857,true_negative
13316,0,0.26972382384967647,0,2.411666666666666,0.1829268292682926,71.46833333333333,3,7877.0,4,56.64,0.2571930979759001,0.203065764093857,34.84146341463415,true_negative
13317,1,0.11578399479800631,0,5.433611111111111,0.453125,68.42194444444445,4,15082.0,10,81.2,0.217179266570888,0.3585345524576933,49.7734375,false_negative
13318,0,0.32060901830986444,1,25.56861111111111,0.4460093896713615,47.73722222222222,3,23684.0,10,144.88,0.2095313557409481,0.978287440796212,86.05633802816901,false_positive
13319,1,0.6744433412614987,1,56.809444444444445,1.0,17.03,2,357.0,2,2.5,0.2251269011642114,0.0066305521018759,2.5,true_positive
13320,0,0.5562998642438868,1,29.5,0.6451612903225806,44.34027777777778,3,2277.0,6,19.04,0.2486336216796202,0.05184812721066,16.032258064516128,false_positive
13321,1,0.515594047771032,1,36.87722222222222,0.5,36.97083333333333,2,520.0,2,2.333333333333333,0.3010057823767412,0.0088016457131466,2.333333333333333,true_positive
13322,0,0.028549951962171,0,0.5961111111111111,0.4101796407185629,73.23777777777778,4,43907.0,16,109.96,0.1526715602846439,0.6219529671140255,74.37724550898204,true_negative
13323,0,0.11195401421375986,0,7.316111111111111,0.7630522088353414,66.49583333333334,4,32060.0,17,154.88,0.2085048477339902,1.0759003039591677,90.08835341365462,true_negative
13324,0,0.16656099162252422,0,3.393333333333333,0.3230769230769231,70.44444444444444,4,14798.0,10,91.76,0.2697808989431589,0.3704610067849294,52.64615384615384,true_negative
13325,0,0.5469025169370835,1,27.552777777777777,0.9534883720930232,46.26694444444445,3,7034.0,6,42.0,0.2145994661635172,0.1634578077992663,27.61627906976744,false_positive
13326,0,0.11924934833775175,0,7.683611111111111,0.8357142857142857,66.11611111111111,4,41058.0,6,147.2,0.1901631122203129,0.7517476461612692,87.375,true_negative
13327,0,0.11969522409275196,0,5.0841666666666665,0.2233009708737864,68.72166666666666,4,10482.0,15,76.0,0.2257021736050626,0.2797386812761784,44.922330097087375,true_negative
13328,0,0.6592822473058407,1,56.975,1.0,16.84638888888889,2,10683.0,2,100.4,0.2486235517396937,0.3706997556501994,55.89208633093525,false_positive
13329,0,0.05310686721141605,0,1.2169444444444444,0.2690355329949238,72.60194444444444,4,53717.0,15,227.68,0.3967149159362293,3.2433883564624004,166.11167512690355,true_negative
13330,0,0.05220506290288534,0,0.1016666666666666,0.684931506849315,73.71027777777778,4,23058.0,10,122.0,0.1623650186345638,0.6790169286691713,77.04109589041096,true_negative
13331,0,0.48345114852056315,1,31.66611111111111,0.9833795013850416,42.13,3,34441.0,6,224.88,0.217085923988553,2.150315627585908,132.81994459833794,false_positive
13332,0,0.843294256367412,1,55.950833333333335,1.0,17.835555555555555,2,913.0,2,6.214285714285714,0.2864752376892523,0.0257063245769949,6.214285714285714,false_positive
13333,0,0.5449316185955421,1,12.353055555555557,0.8636363636363636,61.40833333333333,2,4005.0,2,7.363636363636363,0.2282792794624636,0.0377301121459643,7.363636363636363,false_positive
13334,0,0.4862695246258507,1,28.967777777777776,0.9157894736842104,44.589444444444446,3,11978.0,4,39.52,0.1885946299285417,0.1474734652257822,32.28421052631579,false_positive
13335,0,0.09532090525414072,0,0.2875,0.375,73.55888888888889,4,21260.0,9,126.12,0.2087160804451654,0.7152048664599538,76.95108695652173,true_negative
13336,0,0.07395582313338685,0,0.6594444444444445,0.3333333333333333,73.12361111111112,4,18253.0,14,99.24,0.1975975468807185,0.4187873184522016,56.78787878787879,true_negative
13337,0,0.27751592172826156,0,3.376388888888889,0.6823529411764706,70.3925,4,6427.0,4,63.04,0.2387353201970047,0.2030791396528,37.25882352941176,true_negative
13338,0,0.05932674390361668,0,0.0394444444444444,0.3433476394849785,73.4336111111111,4,33056.0,13,108.28,0.1949559473837658,0.5429946763323774,73.20171673819742,true_negative
13339,1,0.5773915773055087,1,26.589166666666667,0.8181818181818182,47.172777777777775,3,2062.0,3,11.772727272727272,0.1912160394193207,0.0409776825267098,11.772727272727272,true_positive
13340,1,0.7938516118261324,1,59.13388888888889,1.0,14.606111111111112,2,1449.0,2,9.75,0.271153846796397,0.0509992053362872,9.75,true_positive
13341,1,0.8469764982748897,1,59.195277777777775,1.0,14.536111111111111,2,351.0,2,3.6,0.2952821184773223,0.0114434420595369,3.6,true_positive
13342,1,0.17096626259094172,0,5.079166666666667,0.6234567901234568,68.65527777777778,4,16524.0,14,98.2,0.2324773122975806,0.4948218728573669,62.72222222222222,false_negative
13343,0,0.4754812583249553,1,31.62388888888889,0.7857142857142857,42.12166666666667,3,4043.0,4,29.04,0.2133984456272213,0.0829692142692555,20.928571428571427,false_positive
13344,1,0.5134890697834976,1,47.60722222222222,0.6136363636363636,26.135555555555555,3,3265.0,4,31.0,0.2389434679493441,0.1031568885042419,22.34090909090909,true_positive
13345,0,0.07415380813480184,0,1.5880555555555556,0.4503105590062112,72.13555555555556,4,26757.0,19,171.64,0.1909942627115365,1.5640558496368957,115.34782608695652,true_negative
13346,1,0.35655601931611164,1,35.65972222222222,0.5384615384615384,38.05472222222223,3,11474.0,9,70.44,0.2201519796670022,0.2978848777561805,46.5,true_positive
13347,0,0.34709738204344615,1,28.669166666666666,0.8585858585858586,45.04527777777778,3,11839.0,9,93.32,0.2312496329888898,0.1960718622974195,50.5959595959596,false_positive
13348,0,0.03801580377497604,0,0.0097222222222222,0.4714640198511166,73.68861111111111,4,49246.0,12,162.52,0.1766566301596816,1.2911772743729983,110.272952853598,true_negative
13349,0,0.14343156169182308,0,1.3322222222222222,0.7804878048780488,72.35027777777778,4,11637.0,8,96.52,0.242361105131995,0.4390337337389106,55.235772357723576,true_negative
13350,1,0.6686562286619191,1,48.8075,1.0,24.852777777777774,2,2177.0,2,11.64,0.2816148830063719,0.0520965865441764,11.64,true_positive
13351,0,0.15034829439291372,0,5.3425,0.6367521367521367,68.32638888888889,4,23959.0,7,147.36,0.200589106874807,0.9980904336753232,89.35897435897436,true_negative
13352,0,0.09457930573491438,0,2.273888888888889,0.4803493449781659,71.37194444444444,4,30598.0,25,155.4,0.2216274673596359,1.061076906334983,91.79912663755458,true_negative
13353,0,0.04097999740302136,0,0.155,0.5083056478405316,73.46638888888889,4,46953.0,19,124.04,0.1749734040817767,0.633471922908129,77.50498338870432,true_negative
13354,0,0.7555410516193848,1,71.93611111111112,1.0,1.6827777777777777,2,1161.0,2,8.6875,0.2151105729937517,0.0244976499856033,8.6875,false_positive
13355,0,0.6149388386854929,1,66.78055555555555,1.0,6.838611111111111,2,4249.0,2,28.28,0.2289051331673681,0.0697963351853159,20.571428571428573,false_positive
13356,0,0.26081910710409567,0,1.603611111111111,0.5217391304347826,71.87472222222222,3,7727.0,5,53.0,0.232945399513111,0.1810882127628298,33.15942028985507,true_negative
13357,0,0.17506509653263447,0,7.5377777777777775,0.5952380952380952,66.05583333333334,4,9342.0,6,62.0,0.2300119777305,0.2166638331391455,38.833333333333336,true_negative
13358,0,0.18854702775851495,0,12.024166666666666,0.4095744680851064,61.5725,4,17000.0,15,114.04,0.2108186857275894,0.6042842893233208,73.5,true_negative
13359,0,0.0713446124388185,0,4.953888888888889,0.3816013628620102,68.61694444444444,4,59859.0,18,215.08,0.1512931763970892,2.343164178631954,142.60477001703578,true_negative
13360,0,0.3859794049851651,1,3.026388888888889,0.7843137254901961,70.52333333333333,3,5332.0,3,36.24,0.2632285456504557,0.1236669628767559,24.62745098039216,false_positive
13361,1,0.09685110089632587,0,7.17,0.5923566878980892,66.38333333333334,4,52429.0,10,211.72,0.1769037745666375,2.0200346066287014,126.03609341825904,false_negative
13362,0,0.1351507202246811,0,1.4533333333333334,0.1865671641791045,72.14416666666666,4,16643.0,8,95.96,0.2217010609692723,0.4535716709788276,58.58955223880597,true_negative
13363,0,0.5659682383795757,1,52.24027777777778,1.0,21.314444444444444,2,10325.0,4,91.6,0.2311112596611768,0.4088866068039996,54.74107142857143,false_positive
13364,0,0.07095986028507678,0,1.8275,0.5497630331753555,71.72722222222222,4,26565.0,19,140.16,0.1827997709789664,0.8106605155105707,76.18483412322274,true_negative
13365,0,0.14147784113078238,0,7.359444444444445,0.7573221757322176,66.14166666666667,4,24905.0,8,147.68,0.2083413846879145,0.7844925028126115,82.15062761506276,true_negative
13366,0,0.3382191438177744,1,25.289722222222224,0.8095238095238095,48.26138888888889,3,12971.0,7,60.68,0.1829611951816991,0.2143719521757226,36.87619047619047,false_positive
13367,0,0.1300712714803173,0,2.0866666666666664,0.7522123893805309,71.44305555555556,4,12037.0,10,62.96,0.2131314622858123,0.2443315262631509,40.4424778761062,true_negative
13368,1,0.7524342777311865,1,55.27583333333333,1.0,18.260555555555555,2,2671.0,2,16.08,0.2346794642752101,0.0573583886465607,13.9,true_positive
13369,0,0.0974130234601736,0,1.346666666666667,0.4961832061068702,72.19222222222223,4,13255.0,11,85.48,0.218796923596369,0.3787150104226354,52.69465648854962,true_negative
13370,1,0.3056876828253244,0,23.425833333333333,0.7,50.055,4,12252.0,4,91.08,0.2361666684946476,0.3834006560656479,59.69230769230769,false_negative
13371,0,0.4111530738334638,1,31.348055555555558,0.7032967032967034,42.15027777777778,3,11428.0,2,63.6,0.2649073675325772,0.2190352411867678,38.82417582417583,false_positive
13372,0,0.10078738246417679,0,6.033611111111111,0.8044692737430168,67.47166666666666,4,31338.0,8,168.6,0.1988269579270377,1.4006724185796595,103.25977653631286,true_negative
13373,0,0.0549676575983605,0,3.828611111111111,0.2198581560283688,69.67944444444444,4,42156.0,15,190.08,0.158012786922695,1.6735014351370807,112.31205673758863,true_negative
13374,1,0.5755884930755136,1,50.93527777777778,1.0,22.543333333333333,2,3321.0,2,30.48,0.2178067218016657,0.0934624100309749,21.63636363636364,true_positive
13375,0,0.4635451366663948,1,30.039722222222224,0.4594594594594595,43.455,3,3333.0,3,24.84,0.2502036132939889,0.0664625887914077,18.89189189189189,false_positive
13376,0,0.08542608692954905,0,0.8375,0.0977777777777777,72.65444444444445,4,23702.0,11,128.52,0.183939632864246,0.7675439263074109,76.13777777777777,true_negative
13377,0,0.21807858631727614,0,4.283333333333333,0.8291139240506329,69.19833333333334,3,14764.0,5,104.08,0.2042090336567688,0.5447522312367528,64.39873417721519,true_negative
13378,0,0.6590540203442604,1,25.52027777777778,0.7333333333333333,47.94972222222222,2,1093.0,2,8.266666666666667,0.2213063050182948,0.0318448500624746,8.266666666666667,false_positive
13379,0,0.0677904148632348,0,1.8911111111111112,0.38,71.57694444444445,4,37654.0,14,201.48,0.2283349816986907,2.426212189343945,138.1888888888889,true_negative
13380,1,0.5893018089962575,1,71.18555555555555,1.0,2.2741666666666664,2,5525.0,1,36.92,0.2167349086067835,0.1197802120114476,25.040816326530614,true_positive
13381,1,0.6434773259248537,1,60.79805555555556,1.0,12.626666666666669,2,5089.0,2,28.8,0.2632087188276207,0.0806166769211007,20.32,true_positive
13382,0,0.1511312973863058,0,5.188611111111111,0.656084656084656,68.25,4,18942.0,9,112.64,0.2190294484875543,0.5446307553410203,67.41269841269842,true_negative
13383,1,0.17690456920997905,0,4.323888888888889,0.7439024390243902,69.09472222222222,4,12875.0,9,47.84,0.245954737786625,0.1973090437344234,31.817073170731707,false_negative
13384,1,0.6186927083286575,1,67.69694444444444,1.0,6.8425,2,21527.0,1,169.6,0.2408107039663325,1.1722325616976383,91.73863636363636,true_positive
13385,0,0.16295273415354328,0,1.4388888888888889,0.3904761904761905,71.97916666666667,4,12778.0,4,70.0,0.219262308278473,0.3096409724878697,45.93333333333333,true_negative
13386,0,0.41044595582830207,1,2.0125,0.981132075471698,71.40472222222222,3,4527.0,3,19.6,0.2161571423542625,0.0755504703564302,14.41509433962264,false_positive
13387,1,0.07571588150154103,0,3.278888888888889,0.483695652173913,69.15722222222222,4,25909.0,20,96.56,0.1907912677724646,0.5043457424134499,61.41847826086956,false_negative
13388,1,0.8236564635560114,1,60.81611111111111,1.0,12.582222222222224,2,468.0,2,4.333333333333333,0.205113416444274,0.0114821248609135,4.333333333333333,true_positive
13389,0,0.22931097622598065,0,14.056111111111113,0.8254716981132075,59.26055555555556,4,21746.0,5,102.8,0.201812804727814,0.5602563452742527,67.09433962264151,true_negative
13390,1,0.8285216253882787,1,57.03916666666667,1.0,16.358333333333334,2,191.0,2,3.25,0.1390068943134356,0.0134548289841185,3.25,true_positive
13391,0,0.07109498584420282,0,2.1238888888888887,0.547945205479452,71.24888888888889,4,18801.0,13,74.2,0.1480471292837846,0.2196954096479641,38.56164383561644,true_negative
13392,0,0.06035647347841928,0,0.2944444444444444,0.5543478260869565,73.1,4,35531.0,12,177.2,0.2009645263055959,1.4127061486046415,103.3731884057971,true_negative
13393,1,0.3426317556249336,1,1.5997222222222225,0.935483870967742,71.7875,3,7687.0,5,40.96,0.2327442215502493,0.1574206266931096,27.274193548387096,true_positive
13394,0,0.10998442395539561,0,0.0338888888888888,0.6917293233082706,73.31861111111111,3,15071.0,8,89.68,0.2079126367520896,0.3828791066319139,53.66917293233082,true_negative
13395,0,0.18045720547567742,0,5.767777777777778,0.8681318681318682,67.59333333333333,4,11667.0,6,50.72,0.1945077275860597,0.2215924729760334,32.83516483516483,true_negative
13396,0,0.10564345665877208,0,0.5280555555555555,0.6890756302521008,72.8338888888889,4,13422.0,8,66.44,0.219088149152775,0.2544339157927143,39.94957983193277,true_negative
13397,0,0.05920637349443664,0,0.0325,0.3455497382198952,73.30972222222222,4,25540.0,16,97.52,0.1904551055658309,0.5277352910973547,65.95811518324608,true_negative
13398,0,0.08027408427226466,0,1.855,0.4770642201834862,71.48055555555555,4,32988.0,7,130.16,0.1948684988618765,0.7339842866129127,74.35321100917432,true_negative
13399,1,0.34879643024422174,1,12.5725,0.9725274725274724,60.74166666666667,3,21581.0,5,71.8,0.2477364092235957,0.2403947664757683,47.44505494505494,true_positive
13400,1,0.61114762231562,1,31.80472222222222,0.696969696969697,41.505833333333335,2,2760.0,2,16.36,0.2494541115015196,0.070034760246576,13.393939393939394,true_positive
13401,0,0.19005848899795655,0,7.3075,0.2753623188405797,66.00111111111111,4,7952.0,8,45.96,0.2182863825408922,0.1768817044086505,30.057971014492757,true_negative
13402,1,0.4511631957334723,1,28.209722222222226,0.8621848739495799,45.08444444444444,3,61286.0,7,212.72,0.3079429338094979,2.5129975497603323,142.80672268907563,true_positive
13403,1,0.08433278547011111,0,2.8233333333333333,0.3829787234042553,70.34166666666667,4,28626.0,20,145.2,0.2081140415491071,1.027369840905621,91.28510638297873,false_negative
13404,0,0.12589062585309968,0,1.9561111111111111,0.6333333333333333,71.3525,4,19717.0,13,99.84,0.2214633275609768,0.4905388912334621,59.93333333333333,true_negative
13405,1,0.4520226177863086,1,36.36388888888889,0.9090909090909092,36.91277777777778,3,14752.0,5,88.24,0.2459715609105808,0.4071107728189366,57.25874125874126,true_positive
13406,0,0.3972485291693722,1,5.536666666666667,0.2777777777777778,67.7238888888889,2,3178.0,4,23.2,0.2178117607870111,0.0799442921220028,17.944444444444443,false_positive
13407,0,0.030940590069336568,0,0.0116666666666666,0.4486215538847117,73.28527777777778,4,88097.0,16,339.52,0.1598720659061744,3.3339232827944034,211.1641604010025,true_negative
13408,0,0.28651082518697035,0,0.0386111111111111,0.7976878612716763,73.24222222222222,3,14199.0,4,206.72,0.2283723570747846,0.606543721470212,89.61849710982659,true_negative
13409,1,0.6500215342230938,1,59.039722222222224,1.0,14.246944444444445,2,14238.0,2,92.28,0.2364769999856489,0.3632362761990654,53.3828125,true_positive
13410,1,0.3907993011127478,1,36.9775,0.9042553191489362,36.30277777777778,3,5981.0,3,66.32,0.2316249625352537,0.2533169916177046,40.64893617021277,true_positive
13411,0,0.6924108641500042,1,58.489444444444445,1.0,14.785555555555556,2,3132.0,3,25.04,0.2537218404073117,0.0935520346568219,18.743589743589745,false_positive
13412,1,0.4363350843578834,1,30.11555555555556,0.6702127659574468,43.15416666666667,3,8835.0,5,67.36,0.2230967629339965,0.2017667169927354,44.70212765957447,true_positive
13413,1,0.68739503081383,1,71.33972222222222,1.0,1.9194444444444445,2,5052.0,1,37.52,0.2714298695119016,0.1197063903978361,25.77586206896552,true_positive
13414,1,0.6378914160496063,1,34.71194444444444,0.9583333333333334,38.33555555555556,3,1603.0,4,12.541666666666666,0.1711119220630604,0.0485892112622525,12.541666666666666,true_positive
13415,0,0.07225148300387908,0,0.7363888888888889,0.4615384615384615,72.51666666666667,4,12983.0,16,68.48,0.2014454065584544,0.2484288560078286,48.1965811965812,true_negative
13416,0,0.08149177516806741,0,0.4580555555555555,0.2737430167597765,72.78055555555555,4,25328.0,10,99.52,0.2033117653778635,0.4714163348729135,57.84916201117319,true_negative
13417,1,0.590776360897992,1,47.815,0.7857142857142857,25.4225,3,933.0,4,6.5,0.2085225135552436,0.0264305634487582,6.5,true_positive
13418,0,0.34340836008488607,1,12.26388888888889,0.9505494505494504,60.98,3,18545.0,5,86.36,0.2284374303949352,0.4161539893816527,59.68131868131868,false_positive
13419,1,0.7397402873939507,1,70.51472222222222,1.0,2.723055555555556,2,2114.0,2,12.96,0.2484591095951341,0.0528099359583365,12.96,true_positive
13420,1,0.2725508015999001,0,11.963055555555556,0.65,61.259166666666665,4,7785.0,6,56.52,0.2535655680644572,0.1981185243521959,35.5375,false_negative
13421,0,0.5714191318214887,1,0.9244444444444444,0.8888888888888888,71.83888888888889,3,541.0,3,6.0,0.1287367218788866,0.0186516341644012,6.0,false_positive
13422,0,0.1833018794210403,0,1.3941666666666668,0.6564885496183206,71.83333333333333,4,14837.0,9,106.24,0.2453418932385225,0.4336940987399301,68.07633587786259,true_negative
13423,0,0.11595305821114855,0,2.1780555555555554,0.4502369668246445,71.04277777777777,4,27013.0,12,90.12,0.2114969769506238,0.5716757377661865,69.09004739336493,true_negative
13424,0,0.45918798284192686,1,9.95888888888889,0.76,63.236666666666665,4,2399.0,4,13.16,0.2654932893826131,0.0585902023757343,13.16,false_positive
13425,0,0.21923044697432695,0,1.6266666666666667,0.8709677419354839,71.53861111111111,4,12538.0,5,84.4,0.2527511400024437,0.171845688415196,43.03225806451613,true_negative
13426,1,0.1537439337007861,0,3.513333333333333,0.3232323232323232,69.64888888888889,4,9671.0,7,70.56,0.2598511450285609,0.2987513350886408,43.41414141414141,false_negative
13427,1,0.1962344284028282,0,2.4033333333333333,0.4313725490196078,70.75777777777778,4,10990.0,4,69.48,0.2227576834977842,0.2864436375468347,43.5,false_negative
13428,0,0.1267136067244807,0,0.0108333333333333,0.4821428571428571,73.14416666666666,4,14990.0,5,69.6,0.215394131648583,0.290049193863089,41.5625,true_negative
13429,1,0.6532487226522428,1,49.66861111111111,1.0,23.45388888888889,2,2161.0,3,14.36,0.2604334750928425,0.0485262825299894,13.846153846153848,true_positive
13430,0,0.1005307721828926,0,2.263611111111111,0.4636363636363636,70.8875,4,13754.0,10,69.16,0.2039706385209388,0.2726510855509044,42.95454545454545,true_negative
13431,0,0.1265441573168223,0,0.2772222222222222,0.3421052631578947,72.87583333333333,4,23842.0,5,114.08,0.2135499543687178,0.5141640591381645,66.4780701754386,true_negative
13432,0,0.03952428066775981,0,0.0275,0.4352720450281426,73.11138888888888,4,48230.0,13,182.88,0.1392922394654533,1.3992402252600653,111.98874296435272,true_negative
13433,1,0.6634512393087968,1,55.67361111111112,1.0,17.480833333333333,2,2497.0,5,15.68,0.2714694728060724,0.0509549135496682,14.142857142857142,true_positive
13434,0,0.5692261586802452,1,0.7813888888888889,0.0,24.460277777777776,2,1274.0,2,7.0,0.2130280296470049,0.0221054875657506,7.0,false_positive
13435,1,0.6534862703648628,1,48.38666666666666,1.0,24.732222222222223,2,2171.0,2,10.857142857142858,0.2610586815703107,0.0562402160620077,10.857142857142858,true_positive
13436,1,0.7534541108399899,1,58.76861111111111,1.0,14.351666666666668,2,1503.0,2,8.066666666666666,0.216161578265238,0.0297973395450965,8.066666666666666,true_positive
13437,0,0.4801357577751535,1,9.44138888888889,0.0,26.93722222222222,2,2880.0,4,10.36,0.2499600385436104,0.0328221210412519,10.36,false_positive
13438,1,0.6132979878012753,1,47.949444444444445,0.9916666666666668,25.15277777777778,3,13749.0,4,48.8,0.2255207300468111,0.1954318035040576,36.94166666666667,true_positive
13439,0,0.06192358206132534,0,3.1955555555555555,0.6714285714285714,69.88666666666667,4,50971.0,12,185.08,0.1499301025753745,1.7640972919555438,113.19285714285714,true_negative
13440,0,0.04638619397655596,0,0.2666666666666666,0.5904977375565611,72.83472222222223,4,43922.0,18,225.76,0.183013233636935,2.4393696239262086,148.62217194570135,true_negative
13441,1,0.6351353309046236,1,35.04361111111111,0.9090909090909092,38.04138888888889,2,1757.0,2,10.727272727272728,0.2855116074826707,0.049818497200861,10.727272727272728,true_positive
13442,1,0.24628052513549795,0,9.267777777777775,0.0238095238095238,63.812777777777775,3,11128.0,7,71.52,0.232969468598163,0.2921950718675536,43.595238095238095,false_negative
13443,0,0.17012165385766692,0,2.419722222222222,0.6865671641791045,70.65444444444445,4,13538.0,7,83.68,0.2343460966899484,0.3704730981840285,52.44776119402985,true_negative
13444,1,0.6305397701655414,1,56.73694444444445,1.0,16.334444444444443,2,3869.0,2,36.76,0.2167330787401725,0.1419699794015875,24.90196078431373,true_positive
13445,0,0.0863539178260471,0,0.0036111111111111,0.5128205128205128,73.06722222222223,4,29548.0,7,141.92,0.1966640966065681,0.7619415608069914,82.34615384615384,true_negative
13446,0,0.154878490470571,0,4.136388888888889,0.2976190476190476,68.92055555555555,4,9806.0,9,117.12,0.2401678066513634,0.2112749994611927,55.63095238095238,true_negative
13447,0,0.0421763659462504,0,0.4488888888888889,0.3741339491916859,72.59361111111112,4,58635.0,27,182.64,0.1724426696390518,1.791450924524978,123.26327944572748,true_negative
13448,0,0.060451414610476505,0,4.231388888888889,0.3523316062176165,68.77694444444444,4,51278.0,11,145.76,0.1659275929376188,0.9639523238313088,87.32642487046633,true_negative
13449,0,0.6462934191697459,1,3.5725,0.6666666666666666,69.4475,2,1396.0,2,8.777777777777779,0.2039155398695242,0.032017807358542,8.777777777777779,false_positive
13450,0,0.292372410486549,0,23.011111111111116,0.4324324324324324,49.93055555555556,4,24945.0,6,98.96,0.253967374751075,0.5397640532207161,63.13513513513514,true_negative
13451,0,0.03397585463328517,0,0.1377777777777777,0.6984126984126984,72.87861111111111,4,34459.0,24,157.72,0.1793579504960137,1.2162594719997288,97.9015873015873,true_negative
13452,0,0.14538827630476428,0,0.0069444444444444,0.3272727272727272,73.00527777777778,4,15478.0,10,95.4,0.217821004086405,0.3999780011163371,56.018181818181816,true_negative
13453,0,0.09234729509824567,0,8.046111111111111,0.5156695156695157,64.955,4,36725.0,12,159.04,0.1947383804991639,1.2303232385315117,100.24501424501425,true_negative
13454,0,0.07059535947414944,0,1.1605555555555556,0.6442953020134228,71.8086111111111,4,15530.0,9,60.4,0.1702429242909093,0.2206814764816742,38.38255033557047,true_negative
13455,1,0.31660022980042746,0,0.8105555555555556,0.359375,72.11722222222222,3,6018.0,5,49.24,0.2382535032862756,0.1495672944922627,35.296875,false_negative
13456,0,0.08776090206394005,0,0.0091666666666666,0.2684824902723735,72.97527777777778,4,24179.0,11,189.64,0.2102313744436149,1.127461604998336,101.0272373540856,true_negative
13457,1,0.12297976699784655,0,5.451944444444444,0.6902654867256637,67.51666666666667,4,12945.0,6,78.04,0.2080076541814093,0.3243577861318465,47.15929203539823,false_negative
13458,0,0.3576358924227753,1,12.220555555555556,0.2857142857142857,60.74972222222223,4,5682.0,5,43.4,0.2444241512416716,0.1578423823199314,28.253968253968253,false_positive
13459,0,0.20681770083728687,0,11.57638888888889,0.6220472440944882,61.38333333333333,4,14764.0,7,87.4,0.2157520277962392,0.3853227480401566,52.77165354330709,true_negative
13460,0,0.34497737092655995,1,34.309444444444445,0.4428571428571428,38.65416666666667,3,24147.0,4,94.88,0.1956503488671873,0.4494965960363068,61.39047619047619,false_positive
13461,0,0.15358076317120645,0,4.082222222222223,0.6666666666666666,68.03305555555555,4,24169.0,16,134.92,0.2310812710500433,0.7088590274448793,77.22751322751323,true_negative
13462,0,0.49735180648033084,1,26.47583333333333,0.9923664122137404,46.47611111111111,3,13062.0,9,70.24,0.2227639683493833,0.2895780523610879,44.09160305343512,false_positive
13463,0,0.0548850628842423,0,0.77,0.7363636363636363,72.18222222222222,4,30976.0,13,192.4,0.1896611856312333,1.830553731638688,113.98181818181818,true_negative
13464,0,0.6592284991076114,1,63.77027777777778,1.0,9.1725,2,3076.0,2,27.08,0.2458383655471173,0.0731136725127144,19.452380952380956,false_positive
13465,1,0.11467964213332225,0,0.8436111111111111,0.4621848739495798,76.20694444444445,4,14593.0,10,81.72,0.2397930567548547,0.3140861735730546,50.98319327731093,false_negative
13466,0,0.4451380241628749,1,2.7719444444444443,0.9166666666666666,70.11055555555555,3,4208.0,2,22.16,0.2068078659815609,0.0661852301466254,17.22222222222222,false_positive
13467,1,0.6884559762700632,1,59.875277777777775,1.0,13.015277777777778,2,2923.0,2,13.68,0.2373442733415419,0.051930265793227,13.192307692307692,true_positive
13468,0,0.712311821989397,1,71.5963888888889,1.0,1.2744444444444445,2,1945.0,2,10.2,0.2236088539573374,0.0507254248313802,10.2,false_positive
13469,0,0.0463880453620978,0,0.0830555555555555,0.3928571428571428,72.80333333333333,4,58390.0,12,195.8,0.1773779433952454,1.5613705622943588,120.41596638655462,true_negative
13470,0,0.07786939921392949,0,1.821388888888889,0.3205944798301486,71.05194444444444,4,62220.0,8,198.0,0.2091795446781419,1.759039774981641,117.98089171974522,true_negative
13471,1,0.11428274648121428,0,2.349166666666666,0.5912408759124088,70.54222222222222,4,27384.0,17,188.2,0.2351797899492138,1.606136544258426,106.63868613138686,false_negative
13472,1,0.8255477318108257,1,71.96277777777777,1.0,0.9205555555555556,2,559.0,2,5.5,0.206124463989302,0.0185090135912582,5.5,true_positive
13473,0,0.2254078283596565,0,21.83416666666667,0.3991769547325103,51.03472222222222,4,22726.0,12,91.8,0.1927431863429063,0.4173124421857545,68.45267489711934,true_negative
13474,1,0.5927235079189301,1,58.1325,1.0,14.491388888888888,2,4470.0,2,31.2,0.233646887337899,0.0990020732456893,22.045454545454547,true_positive
13475,0,0.03953738507536886,0,0.0458333333333333,0.5034246575342466,72.79611111111112,4,43463.0,11,143.12,0.1876921299061453,0.8770164624049818,80.36986301369863,true_negative
13476,1,0.4003571044571272,1,29.093611111111112,0.9183673469387756,43.766666666666666,3,8797.0,7,77.8,0.2275198676785879,0.346162508774353,46.45918367346939,true_positive
13477,0,0.1333969150762056,0,6.891666666666667,0.7013888888888888,65.94666666666667,4,18096.0,9,90.68,0.2069034402985633,0.383148854004993,66.125,true_negative
13478,0,0.18646844339926358,0,11.419166666666667,0.4327868852459016,61.41027777777778,4,26675.0,8,160.24,0.2084697201511189,1.6136182867590612,109.32786885245902,true_negative
13479,0,0.04889252897497972,0,2.7205555555555554,0.419047619047619,70.11861111111111,4,57232.0,13,159.44,0.1522790216171074,1.112764774942033,99.15047619047618,true_negative
13480,0,0.07614155111415655,0,4.566944444444444,0.3630573248407643,68.25555555555556,4,18706.0,9,76.84,0.1998960617058262,0.3941090883896715,55.13375796178344,true_negative
13481,1,0.6469788773568828,1,57.45583333333333,1.0,15.328888888888889,2,3667.0,3,33.36,0.2478502492253558,0.1164530536422284,23.5531914893617,true_positive
13482,0,0.8458535517659833,1,58.068888888888885,1.0,14.742777777777778,2,859.0,2,6.153846153846154,0.3008312247181857,0.0285435637176967,6.153846153846154,false_positive
13483,0,0.3225283313260303,1,22.35972222222222,0.9724310776942356,50.41277777777778,4,37807.0,5,207.8,0.1951417362510423,2.3556283549655737,134.51127819548873,false_positive
13484,0,0.1992415677299159,0,4.149166666666667,0.4732510288065844,68.64444444444445,4,15022.0,8,183.56,0.2217248592168086,1.50950795557898,102.62962962962963,true_negative
13485,0,0.09799089493730168,0,2.2041666666666666,0.4876033057851239,70.58472222222223,4,29301.0,19,190.88,0.2167601829805624,1.6038322802798417,106.37190082644628,true_negative
13486,0,0.77289459843495,1,50.81138888888889,1.0,21.966944444444444,2,1216.0,2,10.952380952380953,0.2083293525592953,0.047613140535453,10.952380952380953,false_positive
13487,1,0.7880104576412668,1,52.89416666666666,1.0,19.82111111111111,2,1183.0,3,9.1875,0.1532235181019154,0.0341079834866335,9.1875,true_positive
13488,0,0.5372217271518532,1,12.511944444444444,0.8387096774193549,60.24111111111111,3,2975.0,3,18.56,0.1917446777138221,0.0510770497234147,15.64516129032258,false_positive
13489,0,0.5218046751287446,1,25.21388888888889,0.3125,25.154722222222222,2,3022.0,3,6.8125,0.3688517490772531,0.0291862630001915,6.8125,false_positive
13490,0,0.28318323503706655,0,8.526944444444444,0.9146341463414634,64.18138888888889,4,11842.0,9,56.64,0.2047991711443714,0.2166477422372687,34.53658536585366,true_negative
13491,0,0.23506254369263532,0,2.713055555555556,0.6190476190476191,69.9775,3,10151.0,4,59.36,0.2168391478847576,0.197553652661068,40.44047619047619,true_negative
13492,0,0.6157556710058634,1,51.56916666666667,1.0,21.116666666666667,2,5194.0,2,34.68,0.2565455094288106,0.1207149128298776,23.053571428571427,false_positive
13493,0,0.5293407518811765,1,28.92888888888889,0.96875,43.76138888888889,3,2840.0,3,18.24,0.218947367705792,0.0549461665063907,15.125,false_positive
13494,0,0.046150671694817645,0,0.6966666666666667,0.3333333333333333,71.95472222222222,4,39294.0,15,191.88,0.2050883216679782,1.98788953258667,122.94907407407408,true_negative
13495,1,0.6922064197592023,1,68.87388888888889,1.0,3.786666666666666,2,11476.0,1,67.2,0.2339574426881654,0.2043155829395762,40.56363636363636,true_positive
13496,0,0.06385026271622753,0,1.3058333333333334,0.491358024691358,71.38027777777778,4,63823.0,11,237.36,0.2527406066804138,2.6119940328241484,157.8506172839506,true_negative
13497,1,0.5790036220307906,1,25.259166666666665,0.72,23.835833333333333,2,1889.0,2,12.32,0.2571751748490013,0.0572781497937822,12.32,true_positive
13498,1,0.722892639604166,1,49.10666666666667,1.0,23.549444444444443,2,3427.0,2,14.8,0.2678390125762384,0.0723892361415804,12.34375,true_positive
13499,1,0.09129656261170564,0,0.0069444444444444,0.6108786610878661,72.63583333333334,4,25789.0,7,139.92,0.1961438963649745,0.6833739995406637,78.22594142259415,false_negative
13500,0,0.06018228526267733,0,0.1852777777777778,0.0391705069124423,72.4588888888889,4,67136.0,11,211.24,0.1645869946004335,2.185657336575543,131.7626728110599,true_negative
13501,1,0.47854997844923564,1,24.97083333333333,0.5185185185185185,47.659444444444446,3,3380.0,3,41.36,0.2551334217351885,0.1593572958500112,27.203703703703702,true_positive
13502,1,0.28012739308508317,0,2.8072222222222223,0.3653846153846153,69.83361111111111,4,4203.0,6,40.92,0.2466439977245283,0.1436065955524761,27.153846153846157,false_negative
13503,1,0.4341422577443046,1,1.705833333333333,0.5333333333333333,70.93805555555555,4,3321.0,6,19.64,0.218186920928345,0.0485416437558722,17.0,true_positive
13504,1,0.8122992128728455,1,56.73305555555555,1.0,15.901666666666667,2,385.0,2,3.6666666666666665,0.2364820373747539,0.0117150796982557,3.6666666666666665,true_positive
13505,1,0.20491838170053517,0,6.101944444444444,0.9011627906976744,66.49444444444444,3,18151.0,3,95.44,0.2244684503926703,0.409112889536271,55.26744186046512,false_negative
13506,1,0.7928341773732074,1,54.90138888888889,1.0,17.698055555555555,2,1639.0,2,10.24,0.3541432516050031,0.0533835285389209,10.24,true_positive
13507,0,0.18357897230911355,0,4.123888888888889,0.7783251231527094,68.48833333333333,4,16678.0,6,135.2,0.2221977799444298,0.6581849911571475,83.10344827586206,true_negative
13508,1,0.7000634393569456,1,71.81166666666667,1.0,0.7663888888888889,2,1751.0,1,9.736842105263158,0.2880761803774229,0.0448809348905692,9.736842105263158,true_positive
13509,0,0.22026855104840046,0,11.215,0.4755639097744361,61.381388888888885,4,52581.0,13,244.72,0.2256081458753543,2.4851519556589707,157.28571428571428,true_negative
13510,0,0.08673273414706849,0,4.028611111111111,0.5938697318007663,68.51861111111111,4,24865.0,13,126.08,0.191057949372182,0.7258171152587781,79.96168582375479,true_negative
13511,0,0.11533418153588106,0,0.6997222222222222,0.4414893617021276,71.89055555555555,4,17165.0,10,144.4,0.2120985017060051,0.9013505794910006,81.17553191489361,true_negative
13512,1,0.30988623801673026,0,25.535833333333333,0.7743362831858407,46.98694444444445,3,27250.0,6,97.52,0.2272400950003231,0.5115504487818211,66.22566371681415,false_negative
13513,0,0.11094549513263319,0,0.0022222222222222,0.6651162790697674,74.09861111111111,4,24973.0,18,151.48,0.237089654824543,1.0349084867741394,87.73023255813953,true_negative
13514,1,0.680872398335094,1,71.77027777777778,1.0,0.7233333333333334,2,2075.0,1,10.5,0.233686555997415,0.0464344755283274,10.5,true_positive
13515,0,0.07398214580070767,0,0.2661111111111111,0.280163599182004,72.19722222222222,4,35053.0,7,193.68,0.1481632357521416,2.189004593912024,128.90593047034764,true_negative
13516,0,0.3424953100498769,1,5.173333333333333,0.7222222222222222,67.3075,3,4496.0,5,67.64,0.2239504971117439,0.149216441297326,35.31944444444444,false_positive
13517,0,0.26340454231692534,0,15.153333333333334,0.5,57.31527777777778,4,11191.0,13,95.92,0.2182868438746431,0.4559233127280178,60.65714285714286,true_negative
13518,1,0.5918900549306144,1,55.50111111111111,1.0,16.739444444444445,2,5676.0,4,59.92,0.2428908194971916,0.1945843917271316,44.46753246753247,true_positive
13519,0,0.06086260994064495,0,0.3063888888888889,0.4506258692628651,72.14583333333333,4,76321.0,15,240.88,0.1635168769958397,2.684436782684983,168.28233657858135,true_negative
13520,0,0.16594832159644807,0,2.6772222222222224,0.2673267326732673,69.75111111111111,4,8315.0,7,75.0,0.2509207570045944,0.2099264574841304,51.11881188118812,true_negative
13521,0,0.1998156906863848,0,6.451111111111112,0.6559139784946236,65.96138888888889,4,8481.0,8,67.72,0.2621643025545588,0.2502652959253689,40.5268817204301,true_negative
13522,1,0.8246269072209178,1,61.86666666666667,1.0,10.533333333333331,2,767.0,2,5.0,0.240058603094309,0.0117531547418205,5.0,true_positive
13523,0,0.6245709639899708,1,58.071666666666665,1.0,14.311666666666667,2,3607.0,2,25.76,0.2448675478742274,0.0763231456253384,19.205128205128204,false_positive
13524,0,0.08047662172538887,0,4.801944444444445,0.4466666666666666,67.58333333333333,4,30108.0,15,163.28,0.1987261179035861,1.104570231964998,98.24333333333334,true_negative
13525,1,0.6321936119314389,1,29.006944444444443,0.9333333333333332,43.360277777777775,3,1887.0,3,17.24,0.2564997893203602,0.0504255329859019,14.866666666666667,true_positive
13526,1,0.3660143689518223,1,28.71611111111111,0.8461538461538461,43.64555555555555,3,9809.0,6,73.76,0.2472276231187945,0.1920373440835661,41.07692307692308,true_positive
13527,0,0.054122432393325606,0,0.0113888888888888,0.2766798418972332,72.35166666666667,4,52018.0,10,224.4,0.1900190618680461,2.4976433725808262,145.32806324110672,true_negative
13528,0,0.07167883000142986,0,0.0011111111111111,0.5289017341040463,72.3561111111111,4,30317.0,7,193.48,0.1868229531033055,1.8684547125011004,115.97398843930635,true_negative
13529,0,0.6413495239698405,1,35.16888888888889,0.75,37.193888888888885,2,134.0,2,2.5,0.1475525062900757,0.0077761074344965,2.5,false_positive
13530,0,0.08491953589769137,0,3.283333333333333,0.5524475524475524,69.05527777777777,4,48796.0,23,159.44,0.1881105007124077,1.1806702486965683,94.67132867132868,true_negative
13531,1,0.6949931900711124,1,71.23277777777778,1.0,1.1052777777777778,2,1833.0,2,6.818181818181818,0.2143707775642743,0.0256141920755066,6.818181818181818,true_positive
13532,0,0.3040265538293212,0,0.4272222222222222,0.8,71.92527777777778,3,6853.0,4,43.36,0.2576836288709685,0.1538878995274351,28.585714285714285,true_negative
13533,0,0.0965152636354048,0,0.2266666666666666,0.6197183098591549,72.11138888888888,4,15169.0,11,97.64,0.2039700268146162,0.5003806413324173,60.38028169014085,true_negative
13534,0,0.7767069532130575,1,54.29138888888889,1.0,18.05555555555556,2,1235.0,3,12.0,0.2668453462543417,0.0604831542699048,12.0,false_positive
13535,0,0.3698698170863599,1,8.336944444444445,0.392156862745098,54.70861111111111,3,3804.0,5,27.8,0.3202646196982163,0.0876476991428045,19.823529411764707,false_positive
13536,1,0.7254393314421462,1,71.3625,1.0,0.9691666666666666,2,3061.0,1,18.2,0.261397356612199,0.0495162076601685,15.03125,true_positive
13537,1,0.4918633016022242,1,36.2425,0.8701298701298701,36.06527777777778,3,7202.0,3,62.56,0.2604368781256118,0.2046825634723417,36.77922077922078,true_positive
13538,0,0.32128617015030086,1,23.531666666666663,0.8428571428571429,48.76027777777778,4,8328.0,7,61.72,0.2453438023102441,0.2033933862399119,37.05714285714286,false_positive
13539,0,0.06950775034755381,0,0.1811111111111111,0.2440318302387268,72.11583333333333,4,53224.0,19,182.36,0.2182035737884095,1.6509399841559924,110.89655172413794,true_negative
13540,0,0.07307540992187382,0,0.7555555555555555,0.695067264573991,71.52277777777778,4,26603.0,8,108.76,0.1968639128622814,0.4513611083124159,71.09417040358744,true_negative
13541,1,0.2525258791908182,0,6.375277777777778,0.7207792207792207,65.89222222222222,3,12240.0,4,77.76,0.2361375408919844,0.3865456564168105,57.188311688311686,false_negative
13542,1,0.4338025129643473,1,13.616944444444444,0.8571428571428571,58.60777777777778,4,3081.0,4,23.16,0.2666196914509564,0.0716626005852176,18.114285714285717,true_positive
13543,0,0.6375339639774,1,46.801944444444445,0.4827586206896552,8.094166666666666,2,2493.0,2,14.6,0.2669643526756991,0.0563956207235683,12.93103448275862,false_positive
13544,1,0.6791828288470914,1,71.4725,1.0,0.7686111111111111,2,1531.0,1,6.5,0.2011824811275707,0.0238530107448746,6.5,true_positive
13545,0,0.391500855602867,1,30.711388888888887,0.74,41.54416666666667,3,16819.0,8,165.92,0.2178928961392324,1.067372740480227,94.895,false_positive
13546,0,0.6083378948860472,1,50.16277777777778,1.0,22.098055555555558,2,17359.0,4,100.08,0.2350399145624679,0.4830647453372784,61.31491712707182,false_positive
13547,0,0.13159288797257296,0,2.8697222222222223,0.4162162162162162,69.36666666666666,4,26380.0,10,143.56,0.234951650583703,0.8205911978032341,78.6054054054054,true_negative
13548,0,0.7018073645036405,1,48.76638888888889,1.0,23.473055555555558,2,3179.0,2,28.8,0.2631848239783742,0.0765248686223114,20.67391304347826,false_positive
13549,1,0.8491966103983937,1,52.8475,1.0,19.38222222222222,2,50.0,2,1.5,0.2487968304174889,0.0109316240897819,1.5,true_positive
13550,0,0.11385361307822923,0,0.6783333333333333,0.5477707006369427,71.53111111111112,4,16465.0,15,101.88,0.2201133407915393,0.5506264767270748,64.75796178343948,true_negative
13551,0,0.2702949307989296,0,4.227777777777778,0.6428571428571429,67.9738888888889,4,4284.0,5,26.08,0.2419708671937782,0.1000811226710487,18.59523809523809,true_negative
13552,1,0.5062997610960785,1,26.950277777777774,0.8636363636363636,45.26555555555556,3,3826.0,3,26.36,0.3010861918707928,0.0770150667096784,19.181818181818183,true_positive
13553,0,0.7291657733988252,1,71.77777777777777,1.0,0.4205555555555555,2,1320.0,1,6.0,0.2162428375558048,0.0247116768036645,6.0,false_positive
13554,1,0.6073376428653531,1,50.06388888888889,1.0,22.12638888888889,2,20223.0,4,89.84,0.211798799757386,0.4292328314016573,57.90419161676647,true_positive
13555,1,0.6726182685843968,1,70.41305555555556,1.0,1.7716666666666667,2,5230.0,1,39.8,0.2631036232848384,0.1399501606508564,26.0,true_positive
13556,0,0.1378879152196382,0,1.6594444444444445,0.776,70.52777777777777,4,13898.0,11,93.92,0.2280116199107193,0.3980400724060586,55.4,true_negative
13557,0,0.18066374522087472,0,7.12,0.5584415584415584,65.05305555555556,4,23831.0,12,193.6,0.2283872592036712,1.7065095318531038,109.1991341991342,true_negative
13558,1,0.547268281189131,1,28.226388888888888,0.875,43.90972222222222,3,1643.0,5,5.8125,0.3202916960671765,0.0180793014898996,5.8125,true_positive
13559,1,0.7843093868124641,1,71.83194444444445,1.0,0.3102777777777777,2,801.0,1,7.5,0.2078923174194057,0.0317411975066987,7.5,true_positive
13560,0,0.36283436675287506,1,23.7525,0.9727272727272728,48.41027777777778,4,10366.0,4,84.04,0.2194727055484355,0.3354087649057247,49.94545454545455,false_positive
13561,0,0.6392565875425582,1,52.251666666666665,1.0,19.926388888888887,2,6585.0,3,34.12,0.2554582111372386,0.1159646859718589,23.09090909090909,false_positive
13562,0,0.22687255312423862,0,18.75555555555556,0.5664556962025317,53.38388888888889,4,30417.0,5,143.56,0.1664916692412639,0.9576243160351544,84.45886075949367,true_negative
13563,1,0.6169716585161857,1,50.55861111111111,1.0,21.57638888888889,2,6761.0,4,41.08,0.2952563937658325,0.1227432045672897,25.91379310344828,true_positive
13564,0,0.027932116193414923,0,0.6719444444444445,0.512396694214876,74.82416666666667,4,52585.0,19,188.52,0.1709761643923777,1.6296613345096311,114.24173553719008,true_negative
13565,0,0.5775099222983348,1,51.92055555555555,1.0,20.209444444444443,2,13166.0,3,81.2,0.2297923552605867,0.3427121576714891,51.28099173553719,false_positive
13566,0,0.14277835340205905,0,1.273611111111111,0.5694444444444444,70.86583333333333,4,19057.0,11,159.32,0.2228981644457517,1.1903234832545135,95.73148148148148,true_negative
13567,0,0.1428253215696822,0,7.324166666666667,0.5123152709359606,64.80694444444444,4,19225.0,12,142.88,0.2109110456608616,0.8711591763104674,82.93103448275862,true_negative
13568,0,0.4504353374013838,1,44.48138888888889,0.7138643067846607,27.627222222222223,3,41610.0,2,185.64,0.2224359455518748,1.9712509867208,119.22713864306785,false_positive
13569,1,0.34159938590350075,1,24.67333333333333,0.5873015873015873,47.44777777777778,3,5852.0,6,48.84,0.2449751717642454,0.1908361097131624,31.11111111111111,true_positive
13570,0,0.7177372527209365,1,69.05666666666667,1.0,3.058055555555556,2,7397.0,1,59.12,0.2589506813343222,0.2038935528979706,36.19753086419753,false_positive
13571,0,0.2001019733502655,0,8.260277777777778,0.6333333333333333,63.74388888888889,4,11368.0,11,90.64,0.2423761769901927,0.3791686510503487,52.45,true_negative
13572,1,0.03552083426846604,0,0.0108333333333333,0.5755693581780539,72.0963888888889,4,48263.0,12,208.4,0.1649059874267825,2.333121288119002,137.54037267080744,false_negative
13573,1,0.6066038126709771,1,47.77388888888889,0.7391304347826086,24.34638888888889,3,1935.0,2,11.304347826086955,0.2469733263676783,0.0567110027167709,11.304347826086955,true_positive
13574,0,0.09227654538469882,0,1.8452777777777776,0.400375939849624,70.18138888888889,4,50630.0,22,186.56,0.2360953210000561,1.883481017058456,122.36654135338344,true_negative
13575,1,0.4724775930395711,1,28.254444444444445,0.75,43.83416666666667,3,2738.0,4,15.0,0.2821599046486369,0.0529903966259942,13.607142857142858,true_positive
13576,0,0.4695445675415441,1,9.776111111111112,0.6956521739130435,62.31777777777778,3,1612.0,3,11.956521739130435,0.2277683001452795,0.0503478746366683,11.956521739130435,false_positive
13577,0,0.08076290073555763,0,1.3591666666666666,0.5991189427312775,70.72916666666667,4,26653.0,6,78.2,0.1807409892832999,0.4307577069162955,54.37004405286344,true_negative
13578,0,0.10665966224368627,0,0.1308333333333333,0.3,71.95166666666667,4,13333.0,6,67.96,0.2147340556661015,0.2503921958474588,40.91666666666666,true_negative
13579,0,0.407753482543291,1,35.52194444444444,0.9873949579831932,36.54666666666667,3,24289.0,4,76.04,0.1700220498706791,0.3918846207944887,58.596638655462186,false_positive
13580,0,0.5652640212439735,1,35.19972222222222,0.9428571428571428,36.86861111111112,3,6589.0,6,50.84,0.2486385316477734,0.1770996498295879,32.214285714285715,false_positive
13581,1,0.7797714638688159,1,71.99138888888889,1.0,0.0547222222222222,2,143.0,1,2.0,0.2110998480859502,0.0087810880958289,2.0,true_positive
13582,1,0.37699375668348784,1,23.88111111111111,0.8019323671497585,48.17638888888889,4,28491.0,3,216.12,0.2122658446458329,1.535796319221904,105.52173913043478,true_positive
13583,0,0.19789348055851838,0,10.8325,0.3628318584070796,61.20055555555555,4,14793.0,11,83.16,0.2606909324977708,0.356657731428391,50.53097345132744,true_negative
13584,1,0.40793402956212554,1,0.0122222222222222,0.7317073170731707,72.00555555555556,3,3712.0,3,27.56,0.2603580287925212,0.0753776857306305,20.121951219512194,true_positive
13585,0,0.32737431593282373,1,24.732777777777777,0.6733870967741935,47.29083333333333,3,27237.0,3,103.92,0.1942496131974797,0.6332259488948322,73.18145161290323,false_positive
13586,0,0.07999631696849978,0,0.5455555555555556,0.3987138263665595,71.44111111111111,3,38920.0,22,142.64,0.1847183259128648,0.8670035721225313,87.38263665594856,true_negative
13587,0,0.28163601151846335,0,8.251666666666667,0.4,63.71833333333333,2,2195.0,4,104.6,0.2334686127343251,1.153116746559531,104.6,true_negative
13588,1,0.7062561503030695,1,61.72861111111112,1.0,10.271944444444443,2,2118.0,3,15.0,0.2392432118827647,0.0468017013152292,13.535714285714286,true_positive
13589,0,0.5027102568209307,1,24.656666666666663,0.3333333333333333,47.33777777777778,2,1403.0,4,10.333333333333334,0.2693649834555591,0.0562700626790904,10.333333333333334,false_positive
